BEGIN;
ALTER TABLE dams ADD COLUMN IF NOT EXISTS source_registry TEXT;
ALTER TABLE dams ADD COLUMN IF NOT EXISTS source_record_id TEXT;
ALTER TABLE dams ADD COLUMN IF NOT EXISTS source_publication_year INT;
ALTER TABLE dams ADD COLUMN IF NOT EXISTS source_url TEXT;
ALTER TABLE dams
  ADD COLUMN IF NOT EXISTS source_registry TEXT,
  ADD COLUMN IF NOT EXISTS source_record_id TEXT,
  ADD COLUMN IF NOT EXISTS source_publication_year INT,
  ADD COLUMN IF NOT EXISTS source_url TEXT;

CREATE TABLE IF NOT EXISTS mpwrd_reservoir_levels (
  source_registry TEXT NOT NULL DEFAULT 'MPWRD',
  report_date DATE NOT NULL,
  reservoir_code TEXT NOT NULL,
  dam_id TEXT REFERENCES dams(dam_id) ON DELETE SET NULL,
  basin_office TEXT,
  reservoir_name TEXT NOT NULL,
  reading_time TIME,
  district TEXT,
  frl_m NUMERIC(10,2),
  live_capacity_at_frl_mcm NUMERIC(12,3),
  this_year_level_m NUMERIC(10,2),
  this_year_live_capacity_mcm NUMERIC(12,3),
  this_year_live_storage_percent NUMERIC(6,2),
  this_year_level_observed_date DATE,
  this_year_is_stale BOOLEAN NOT NULL DEFAULT FALSE,
  gate_count_open NUMERIC(10,2),
  gate_discharge_cumec NUMERIC(12,3),
  last_year_level_m NUMERIC(10,2),
  last_year_live_capacity_mcm NUMERIC(12,3),
  last_year_live_storage_percent NUMERIC(6,2),
  source_url TEXT NOT NULL,
  raw JSONB NOT NULL DEFAULT '{}'::jsonb,
  fetched_at TIMESTAMPTZ NOT NULL DEFAULT now(),
  PRIMARY KEY (source_registry, report_date, reservoir_code)
);

CREATE INDEX IF NOT EXISTS idx_mpwrd_reservoir_levels_dam_id ON mpwrd_reservoir_levels(dam_id);
CREATE INDEX IF NOT EXISTS idx_mpwrd_reservoir_levels_report_date ON mpwrd_reservoir_levels(report_date DESC);

DELETE FROM mpwrd_reservoir_levels WHERE source_registry = 'MPWRD';
DELETE FROM dams WHERE source_registry = 'MPWRD';
INSERT INTO dams (dam_id, dam_name, state, district, river_basin, owner_agency, status, risk_class, safety_score, source_registry, source_record_id, source_publication_year, source_url, updated_at) VALUES ('MPWRD-40772', 'Indira Sagar Project', 'Madhya Pradesh', 'Khandwa', 'Chief Engineer BODHI, Bhopal', 'Madhya Pradesh Water Resources Department', 'operational'::dam_status, 'low'::risk_class, 99.00, 'MPWRD', '40772', 2026, 'https://eims1.mpwrd.gov.in/fcmreport/control/main', now()) ON CONFLICT (dam_id) DO UPDATE SET dam_name = EXCLUDED.dam_name, state = EXCLUDED.state, district = EXCLUDED.district, river_basin = EXCLUDED.river_basin, owner_agency = EXCLUDED.owner_agency, status = EXCLUDED.status, risk_class = EXCLUDED.risk_class, safety_score = EXCLUDED.safety_score, source_registry = EXCLUDED.source_registry, source_record_id = EXCLUDED.source_record_id, source_publication_year = EXCLUDED.source_publication_year, source_url = EXCLUDED.source_url, updated_at = now();
INSERT INTO dam_reservoir (dam_id, reservoir_name, live_storage_mcm, current_storage_mcm, frl_m, updated_at) VALUES ('MPWRD-40772', 'Indira Sagar Project', 9750.00, 9744.92, 262.13, now()) ON CONFLICT (dam_id) DO UPDATE SET reservoir_name = EXCLUDED.reservoir_name, live_storage_mcm = EXCLUDED.live_storage_mcm, current_storage_mcm = EXCLUDED.current_storage_mcm, frl_m = EXCLUDED.frl_m, updated_at = now();
INSERT INTO dam_engineering (dam_id, instrumentation, updated_at) VALUES ('MPWRD-40772', '{"basin_office": "Chief Engineer BODHI, Bhopal", "gate_count_open": null, "gate_discharge_cumec": null, "last_year_level_m": null, "last_year_live_capacity_mcm": null, "last_year_live_storage_percent": null, "mpwrd_reservoir_code": "40772", "reading_time": "08:00:00", "this_year_is_stale": true, "this_year_level_observed_date": "2025-09-25"}'::jsonb, now()) ON CONFLICT (dam_id) DO UPDATE SET instrumentation = EXCLUDED.instrumentation, updated_at = now();
INSERT INTO mpwrd_reservoir_levels (source_registry, report_date, reservoir_code, dam_id, basin_office, reservoir_name, reading_time, district, frl_m, live_capacity_at_frl_mcm, this_year_level_m, this_year_live_capacity_mcm, this_year_live_storage_percent, this_year_level_observed_date, this_year_is_stale, gate_count_open, gate_discharge_cumec, last_year_level_m, last_year_live_capacity_mcm, last_year_live_storage_percent, source_url, raw, fetched_at) VALUES ('MPWRD', '2026-05-25', '40772', 'MPWRD-40772', 'Chief Engineer BODHI, Bhopal', 'Indira Sagar Project', '08:00:00', 'Khandwa', 262.13, 9750.00, 262.12, 9744.92, 99, '2025-09-25', TRUE, NULL, NULL, NULL, NULL, NULL, 'https://eims1.mpwrd.gov.in/fcmreport/control/main', '{"district": "Khandwa", "frl_m": "262.13", "gate_count_open": "", "gate_discharge_cumec": "", "last_year_level_m": "", "last_year_live_capacity_mcm": "", "last_year_live_storage_percent": "", "live_capacity_at_frl_mcm": "9750.00", "reservoir": "Indira Sagar Project [40772]", "serial": "1.", "this_year_level_m": "262.12*", "this_year_live_capacity_mcm": "9744.92", "this_year_live_storage_percent": "99", "time": "08:00:00"}'::jsonb, now()) ON CONFLICT (source_registry, report_date, reservoir_code) DO UPDATE SET dam_id = EXCLUDED.dam_id, basin_office = EXCLUDED.basin_office, reservoir_name = EXCLUDED.reservoir_name, reading_time = EXCLUDED.reading_time, district = EXCLUDED.district, frl_m = EXCLUDED.frl_m, live_capacity_at_frl_mcm = EXCLUDED.live_capacity_at_frl_mcm, this_year_level_m = EXCLUDED.this_year_level_m, this_year_live_capacity_mcm = EXCLUDED.this_year_live_capacity_mcm, this_year_live_storage_percent = EXCLUDED.this_year_live_storage_percent, this_year_level_observed_date = EXCLUDED.this_year_level_observed_date, this_year_is_stale = EXCLUDED.this_year_is_stale, gate_count_open = EXCLUDED.gate_count_open, gate_discharge_cumec = EXCLUDED.gate_discharge_cumec, last_year_level_m = EXCLUDED.last_year_level_m, last_year_live_capacity_mcm = EXCLUDED.last_year_live_capacity_mcm, last_year_live_storage_percent = EXCLUDED.last_year_live_storage_percent, source_url = EXCLUDED.source_url, raw = EXCLUDED.raw, fetched_at = now();
INSERT INTO dams (dam_id, dam_name, state, district, river_basin, owner_agency, status, risk_class, safety_score, source_registry, source_record_id, source_publication_year, source_url, updated_at) VALUES ('MPWRD-40771', 'Omkareshwar Project', 'Madhya Pradesh', 'Khandwa', 'Chief Engineer BODHI, Bhopal', 'Madhya Pradesh Water Resources Department', 'operational'::dam_status, 'high'::risk_class, 23.00, 'MPWRD', '40771', 2026, 'https://eims1.mpwrd.gov.in/fcmreport/control/main', now()) ON CONFLICT (dam_id) DO UPDATE SET dam_name = EXCLUDED.dam_name, state = EXCLUDED.state, district = EXCLUDED.district, river_basin = EXCLUDED.river_basin, owner_agency = EXCLUDED.owner_agency, status = EXCLUDED.status, risk_class = EXCLUDED.risk_class, safety_score = EXCLUDED.safety_score, source_registry = EXCLUDED.source_registry, source_record_id = EXCLUDED.source_record_id, source_publication_year = EXCLUDED.source_publication_year, source_url = EXCLUDED.source_url, updated_at = now();
INSERT INTO dam_reservoir (dam_id, reservoir_name, live_storage_mcm, current_storage_mcm, frl_m, updated_at) VALUES ('MPWRD-40771', 'Omkareshwar Project', 299.00, 71.33, 196.60, now()) ON CONFLICT (dam_id) DO UPDATE SET reservoir_name = EXCLUDED.reservoir_name, live_storage_mcm = EXCLUDED.live_storage_mcm, current_storage_mcm = EXCLUDED.current_storage_mcm, frl_m = EXCLUDED.frl_m, updated_at = now();
INSERT INTO dam_engineering (dam_id, instrumentation, updated_at) VALUES ('MPWRD-40771', '{"basin_office": "Chief Engineer BODHI, Bhopal", "gate_count_open": null, "gate_discharge_cumec": null, "last_year_level_m": null, "last_year_live_capacity_mcm": null, "last_year_live_storage_percent": null, "mpwrd_reservoir_code": "40771", "reading_time": "20:00:00", "this_year_is_stale": true, "this_year_level_observed_date": "2025-10-15"}'::jsonb, now()) ON CONFLICT (dam_id) DO UPDATE SET instrumentation = EXCLUDED.instrumentation, updated_at = now();
INSERT INTO mpwrd_reservoir_levels (source_registry, report_date, reservoir_code, dam_id, basin_office, reservoir_name, reading_time, district, frl_m, live_capacity_at_frl_mcm, this_year_level_m, this_year_live_capacity_mcm, this_year_live_storage_percent, this_year_level_observed_date, this_year_is_stale, gate_count_open, gate_discharge_cumec, last_year_level_m, last_year_live_capacity_mcm, last_year_live_storage_percent, source_url, raw, fetched_at) VALUES ('MPWRD', '2026-05-25', '40771', 'MPWRD-40771', 'Chief Engineer BODHI, Bhopal', 'Omkareshwar Project', '20:00:00', 'Khandwa', 196.60, 299.00, 194.27, 71.33, 23, '2025-10-15', TRUE, NULL, NULL, NULL, NULL, NULL, 'https://eims1.mpwrd.gov.in/fcmreport/control/main', '{"district": "Khandwa", "frl_m": "196.60", "gate_count_open": "", "gate_discharge_cumec": "", "last_year_level_m": "", "last_year_live_capacity_mcm": "", "last_year_live_storage_percent": "", "live_capacity_at_frl_mcm": "299.00", "reservoir": "Omkareshwar Project [40771]", "serial": "2.", "this_year_level_m": "194.27*", "this_year_live_capacity_mcm": "71.33", "this_year_live_storage_percent": "23", "time": "20:00:00"}'::jsonb, now()) ON CONFLICT (source_registry, report_date, reservoir_code) DO UPDATE SET dam_id = EXCLUDED.dam_id, basin_office = EXCLUDED.basin_office, reservoir_name = EXCLUDED.reservoir_name, reading_time = EXCLUDED.reading_time, district = EXCLUDED.district, frl_m = EXCLUDED.frl_m, live_capacity_at_frl_mcm = EXCLUDED.live_capacity_at_frl_mcm, this_year_level_m = EXCLUDED.this_year_level_m, this_year_live_capacity_mcm = EXCLUDED.this_year_live_capacity_mcm, this_year_live_storage_percent = EXCLUDED.this_year_live_storage_percent, this_year_level_observed_date = EXCLUDED.this_year_level_observed_date, this_year_is_stale = EXCLUDED.this_year_is_stale, gate_count_open = EXCLUDED.gate_count_open, gate_discharge_cumec = EXCLUDED.gate_discharge_cumec, last_year_level_m = EXCLUDED.last_year_level_m, last_year_live_capacity_mcm = EXCLUDED.last_year_live_capacity_mcm, last_year_live_storage_percent = EXCLUDED.last_year_live_storage_percent, source_url = EXCLUDED.source_url, raw = EXCLUDED.raw, fetched_at = now();
INSERT INTO dams (dam_id, dam_name, state, district, river_basin, owner_agency, status, risk_class, safety_score, source_registry, source_record_id, source_publication_year, source_url, updated_at) VALUES ('MPWRD-10970', 'Rani Awanti Bai Sagar (Bargi)', 'Madhya Pradesh', 'Jabalpur', 'Chief Engineer BODHI, Bhopal', 'Madhya Pradesh Water Resources Department', 'operational'::dam_status, 'low'::risk_class, 98.00, 'MPWRD', '10970', 2026, 'https://eims1.mpwrd.gov.in/fcmreport/control/main', now()) ON CONFLICT (dam_id) DO UPDATE SET dam_name = EXCLUDED.dam_name, state = EXCLUDED.state, district = EXCLUDED.district, river_basin = EXCLUDED.river_basin, owner_agency = EXCLUDED.owner_agency, status = EXCLUDED.status, risk_class = EXCLUDED.risk_class, safety_score = EXCLUDED.safety_score, source_registry = EXCLUDED.source_registry, source_record_id = EXCLUDED.source_record_id, source_publication_year = EXCLUDED.source_publication_year, source_url = EXCLUDED.source_url, updated_at = now();
INSERT INTO dam_reservoir (dam_id, reservoir_name, live_storage_mcm, current_storage_mcm, frl_m, updated_at) VALUES ('MPWRD-10970', 'Rani Awanti Bai Sagar (Bargi)', 3180.00, 3122.00, 422.76, now()) ON CONFLICT (dam_id) DO UPDATE SET reservoir_name = EXCLUDED.reservoir_name, live_storage_mcm = EXCLUDED.live_storage_mcm, current_storage_mcm = EXCLUDED.current_storage_mcm, frl_m = EXCLUDED.frl_m, updated_at = now();
INSERT INTO dam_engineering (dam_id, instrumentation, updated_at) VALUES ('MPWRD-10970', '{"basin_office": "Chief Engineer BODHI, Bhopal", "gate_count_open": null, "gate_discharge_cumec": null, "last_year_level_m": null, "last_year_live_capacity_mcm": null, "last_year_live_storage_percent": null, "mpwrd_reservoir_code": "10970", "reading_time": "08:00:00", "this_year_is_stale": true, "this_year_level_observed_date": "2025-09-25"}'::jsonb, now()) ON CONFLICT (dam_id) DO UPDATE SET instrumentation = EXCLUDED.instrumentation, updated_at = now();
INSERT INTO mpwrd_reservoir_levels (source_registry, report_date, reservoir_code, dam_id, basin_office, reservoir_name, reading_time, district, frl_m, live_capacity_at_frl_mcm, this_year_level_m, this_year_live_capacity_mcm, this_year_live_storage_percent, this_year_level_observed_date, this_year_is_stale, gate_count_open, gate_discharge_cumec, last_year_level_m, last_year_live_capacity_mcm, last_year_live_storage_percent, source_url, raw, fetched_at) VALUES ('MPWRD', '2026-05-25', '10970', 'MPWRD-10970', 'Chief Engineer BODHI, Bhopal', 'Rani Awanti Bai Sagar (Bargi)', '08:00:00', 'Jabalpur', 422.76, 3180.00, 422.50, 3122.00, 98, '2025-09-25', TRUE, NULL, NULL, NULL, NULL, NULL, 'https://eims1.mpwrd.gov.in/fcmreport/control/main', '{"district": "Jabalpur", "frl_m": "422.76", "gate_count_open": "", "gate_discharge_cumec": "", "last_year_level_m": "", "last_year_live_capacity_mcm": "", "last_year_live_storage_percent": "", "live_capacity_at_frl_mcm": "3180.00", "reservoir": "Rani Awanti Bai Sagar (Bargi) [10970]", "serial": "3.", "this_year_level_m": "422.50*", "this_year_live_capacity_mcm": "3122.00", "this_year_live_storage_percent": "98", "time": "08:00:00"}'::jsonb, now()) ON CONFLICT (source_registry, report_date, reservoir_code) DO UPDATE SET dam_id = EXCLUDED.dam_id, basin_office = EXCLUDED.basin_office, reservoir_name = EXCLUDED.reservoir_name, reading_time = EXCLUDED.reading_time, district = EXCLUDED.district, frl_m = EXCLUDED.frl_m, live_capacity_at_frl_mcm = EXCLUDED.live_capacity_at_frl_mcm, this_year_level_m = EXCLUDED.this_year_level_m, this_year_live_capacity_mcm = EXCLUDED.this_year_live_capacity_mcm, this_year_live_storage_percent = EXCLUDED.this_year_live_storage_percent, this_year_level_observed_date = EXCLUDED.this_year_level_observed_date, this_year_is_stale = EXCLUDED.this_year_is_stale, gate_count_open = EXCLUDED.gate_count_open, gate_discharge_cumec = EXCLUDED.gate_discharge_cumec, last_year_level_m = EXCLUDED.last_year_level_m, last_year_live_capacity_mcm = EXCLUDED.last_year_live_capacity_mcm, last_year_live_storage_percent = EXCLUDED.last_year_live_storage_percent, source_url = EXCLUDED.source_url, raw = EXCLUDED.raw, fetched_at = now();
INSERT INTO dams (dam_id, dam_name, state, district, river_basin, owner_agency, status, risk_class, safety_score, source_registry, source_record_id, source_publication_year, source_url, updated_at) VALUES ('MPWRD-10135', 'Amahi Tank', 'Madhya Pradesh', 'Ashoknagar', 'Chief Engineer Chambal Betwa Basin, Bhopal', 'Madhya Pradesh Water Resources Department', 'operational'::dam_status, 'low'::risk_class, 100.00, 'MPWRD', '10135', 2026, 'https://eims1.mpwrd.gov.in/fcmreport/control/main', now()) ON CONFLICT (dam_id) DO UPDATE SET dam_name = EXCLUDED.dam_name, state = EXCLUDED.state, district = EXCLUDED.district, river_basin = EXCLUDED.river_basin, owner_agency = EXCLUDED.owner_agency, status = EXCLUDED.status, risk_class = EXCLUDED.risk_class, safety_score = EXCLUDED.safety_score, source_registry = EXCLUDED.source_registry, source_record_id = EXCLUDED.source_record_id, source_publication_year = EXCLUDED.source_publication_year, source_url = EXCLUDED.source_url, updated_at = now();
INSERT INTO dam_reservoir (dam_id, reservoir_name, live_storage_mcm, current_storage_mcm, frl_m, updated_at) VALUES ('MPWRD-10135', 'Amahi Tank', 12.58, 12.58, 488.29, now()) ON CONFLICT (dam_id) DO UPDATE SET reservoir_name = EXCLUDED.reservoir_name, live_storage_mcm = EXCLUDED.live_storage_mcm, current_storage_mcm = EXCLUDED.current_storage_mcm, frl_m = EXCLUDED.frl_m, updated_at = now();
INSERT INTO dam_engineering (dam_id, instrumentation, updated_at) VALUES ('MPWRD-10135', '{"basin_office": "Chief Engineer Chambal Betwa Basin, Bhopal", "gate_count_open": null, "gate_discharge_cumec": null, "last_year_level_m": null, "last_year_live_capacity_mcm": null, "last_year_live_storage_percent": null, "mpwrd_reservoir_code": "10135", "reading_time": "08:00:00", "this_year_is_stale": true, "this_year_level_observed_date": "2025-08-04"}'::jsonb, now()) ON CONFLICT (dam_id) DO UPDATE SET instrumentation = EXCLUDED.instrumentation, updated_at = now();
INSERT INTO mpwrd_reservoir_levels (source_registry, report_date, reservoir_code, dam_id, basin_office, reservoir_name, reading_time, district, frl_m, live_capacity_at_frl_mcm, this_year_level_m, this_year_live_capacity_mcm, this_year_live_storage_percent, this_year_level_observed_date, this_year_is_stale, gate_count_open, gate_discharge_cumec, last_year_level_m, last_year_live_capacity_mcm, last_year_live_storage_percent, source_url, raw, fetched_at) VALUES ('MPWRD', '2026-05-25', '10135', 'MPWRD-10135', 'Chief Engineer Chambal Betwa Basin, Bhopal', 'Amahi Tank', '08:00:00', 'Ashoknagar', 488.29, 12.58, 488.29, 12.58, 100, '2025-08-04', TRUE, NULL, NULL, NULL, NULL, NULL, 'https://eims1.mpwrd.gov.in/fcmreport/control/main', '{"district": "Ashoknagar", "frl_m": "488.29", "gate_count_open": "", "gate_discharge_cumec": "", "last_year_level_m": "", "last_year_live_capacity_mcm": "", "last_year_live_storage_percent": "", "live_capacity_at_frl_mcm": "12.58", "reservoir": "Amahi Tank [10135]", "serial": "4.", "this_year_level_m": "488.29 *", "this_year_live_capacity_mcm": "12.58", "this_year_live_storage_percent": "100", "time": "08:00:00"}'::jsonb, now()) ON CONFLICT (source_registry, report_date, reservoir_code) DO UPDATE SET dam_id = EXCLUDED.dam_id, basin_office = EXCLUDED.basin_office, reservoir_name = EXCLUDED.reservoir_name, reading_time = EXCLUDED.reading_time, district = EXCLUDED.district, frl_m = EXCLUDED.frl_m, live_capacity_at_frl_mcm = EXCLUDED.live_capacity_at_frl_mcm, this_year_level_m = EXCLUDED.this_year_level_m, this_year_live_capacity_mcm = EXCLUDED.this_year_live_capacity_mcm, this_year_live_storage_percent = EXCLUDED.this_year_live_storage_percent, this_year_level_observed_date = EXCLUDED.this_year_level_observed_date, this_year_is_stale = EXCLUDED.this_year_is_stale, gate_count_open = EXCLUDED.gate_count_open, gate_discharge_cumec = EXCLUDED.gate_discharge_cumec, last_year_level_m = EXCLUDED.last_year_level_m, last_year_live_capacity_mcm = EXCLUDED.last_year_live_capacity_mcm, last_year_live_storage_percent = EXCLUDED.last_year_live_storage_percent, source_url = EXCLUDED.source_url, raw = EXCLUDED.raw, fetched_at = now();
INSERT INTO dams (dam_id, dam_name, state, district, river_basin, owner_agency, status, risk_class, safety_score, source_registry, source_record_id, source_publication_year, source_url, updated_at) VALUES ('MPWRD-28530', 'Bagharru Tank', 'Madhya Pradesh', 'Vidisha', 'Chief Engineer Chambal Betwa Basin, Bhopal', 'Madhya Pradesh Water Resources Department', 'operational'::dam_status, 'low'::risk_class, 94.00, 'MPWRD', '28530', 2026, 'https://eims1.mpwrd.gov.in/fcmreport/control/main', now()) ON CONFLICT (dam_id) DO UPDATE SET dam_name = EXCLUDED.dam_name, state = EXCLUDED.state, district = EXCLUDED.district, river_basin = EXCLUDED.river_basin, owner_agency = EXCLUDED.owner_agency, status = EXCLUDED.status, risk_class = EXCLUDED.risk_class, safety_score = EXCLUDED.safety_score, source_registry = EXCLUDED.source_registry, source_record_id = EXCLUDED.source_record_id, source_publication_year = EXCLUDED.source_publication_year, source_url = EXCLUDED.source_url, updated_at = now();
INSERT INTO dam_reservoir (dam_id, reservoir_name, live_storage_mcm, current_storage_mcm, frl_m, updated_at) VALUES ('MPWRD-28530', 'Bagharru Tank', 10.37, 9.83, 455.00, now()) ON CONFLICT (dam_id) DO UPDATE SET reservoir_name = EXCLUDED.reservoir_name, live_storage_mcm = EXCLUDED.live_storage_mcm, current_storage_mcm = EXCLUDED.current_storage_mcm, frl_m = EXCLUDED.frl_m, updated_at = now();
INSERT INTO dam_engineering (dam_id, instrumentation, updated_at) VALUES ('MPWRD-28530', '{"basin_office": "Chief Engineer Chambal Betwa Basin, Bhopal", "gate_count_open": null, "gate_discharge_cumec": null, "last_year_level_m": null, "last_year_live_capacity_mcm": null, "last_year_live_storage_percent": null, "mpwrd_reservoir_code": "28530", "reading_time": "08:00:00", "this_year_is_stale": true, "this_year_level_observed_date": "2025-09-23"}'::jsonb, now()) ON CONFLICT (dam_id) DO UPDATE SET instrumentation = EXCLUDED.instrumentation, updated_at = now();
INSERT INTO mpwrd_reservoir_levels (source_registry, report_date, reservoir_code, dam_id, basin_office, reservoir_name, reading_time, district, frl_m, live_capacity_at_frl_mcm, this_year_level_m, this_year_live_capacity_mcm, this_year_live_storage_percent, this_year_level_observed_date, this_year_is_stale, gate_count_open, gate_discharge_cumec, last_year_level_m, last_year_live_capacity_mcm, last_year_live_storage_percent, source_url, raw, fetched_at) VALUES ('MPWRD', '2026-05-25', '28530', 'MPWRD-28530', 'Chief Engineer Chambal Betwa Basin, Bhopal', 'Bagharru Tank', '08:00:00', 'Vidisha', 455.00, 10.37, 454.85, 9.83, 94, '2025-09-23', TRUE, NULL, NULL, NULL, NULL, NULL, 'https://eims1.mpwrd.gov.in/fcmreport/control/main', '{"district": "Vidisha", "frl_m": "455.00", "gate_count_open": "", "gate_discharge_cumec": "", "last_year_level_m": "", "last_year_live_capacity_mcm": "", "last_year_live_storage_percent": "", "live_capacity_at_frl_mcm": "10.37", "reservoir": "Bagharru Tank [28530]", "serial": "5.", "this_year_level_m": "454.85*", "this_year_live_capacity_mcm": "9.83", "this_year_live_storage_percent": "94", "time": "08:00:00"}'::jsonb, now()) ON CONFLICT (source_registry, report_date, reservoir_code) DO UPDATE SET dam_id = EXCLUDED.dam_id, basin_office = EXCLUDED.basin_office, reservoir_name = EXCLUDED.reservoir_name, reading_time = EXCLUDED.reading_time, district = EXCLUDED.district, frl_m = EXCLUDED.frl_m, live_capacity_at_frl_mcm = EXCLUDED.live_capacity_at_frl_mcm, this_year_level_m = EXCLUDED.this_year_level_m, this_year_live_capacity_mcm = EXCLUDED.this_year_live_capacity_mcm, this_year_live_storage_percent = EXCLUDED.this_year_live_storage_percent, this_year_level_observed_date = EXCLUDED.this_year_level_observed_date, this_year_is_stale = EXCLUDED.this_year_is_stale, gate_count_open = EXCLUDED.gate_count_open, gate_discharge_cumec = EXCLUDED.gate_discharge_cumec, last_year_level_m = EXCLUDED.last_year_level_m, last_year_live_capacity_mcm = EXCLUDED.last_year_live_capacity_mcm, last_year_live_storage_percent = EXCLUDED.last_year_live_storage_percent, source_url = EXCLUDED.source_url, raw = EXCLUDED.raw, fetched_at = now();
INSERT INTO dams (dam_id, dam_name, state, district, river_basin, owner_agency, status, risk_class, safety_score, source_registry, source_record_id, source_publication_year, source_url, updated_at) VALUES ('MPWRD-10063', 'Banchor Tank', 'Madhya Pradesh', 'Raisen', 'Chief Engineer Chambal Betwa Basin, Bhopal', 'Madhya Pradesh Water Resources Department', 'operational'::dam_status, 'low'::risk_class, 100.00, 'MPWRD', '10063', 2026, 'https://eims1.mpwrd.gov.in/fcmreport/control/main', now()) ON CONFLICT (dam_id) DO UPDATE SET dam_name = EXCLUDED.dam_name, state = EXCLUDED.state, district = EXCLUDED.district, river_basin = EXCLUDED.river_basin, owner_agency = EXCLUDED.owner_agency, status = EXCLUDED.status, risk_class = EXCLUDED.risk_class, safety_score = EXCLUDED.safety_score, source_registry = EXCLUDED.source_registry, source_record_id = EXCLUDED.source_record_id, source_publication_year = EXCLUDED.source_publication_year, source_url = EXCLUDED.source_url, updated_at = now();
INSERT INTO dam_reservoir (dam_id, reservoir_name, live_storage_mcm, current_storage_mcm, frl_m, updated_at) VALUES ('MPWRD-10063', 'Banchor Tank', 7.22, 7.22, 159.26, now()) ON CONFLICT (dam_id) DO UPDATE SET reservoir_name = EXCLUDED.reservoir_name, live_storage_mcm = EXCLUDED.live_storage_mcm, current_storage_mcm = EXCLUDED.current_storage_mcm, frl_m = EXCLUDED.frl_m, updated_at = now();
INSERT INTO dam_engineering (dam_id, instrumentation, updated_at) VALUES ('MPWRD-10063', '{"basin_office": "Chief Engineer Chambal Betwa Basin, Bhopal", "gate_count_open": null, "gate_discharge_cumec": null, "last_year_level_m": null, "last_year_live_capacity_mcm": null, "last_year_live_storage_percent": null, "mpwrd_reservoir_code": "10063", "reading_time": "08:00:00", "this_year_is_stale": true, "this_year_level_observed_date": "2025-09-01"}'::jsonb, now()) ON CONFLICT (dam_id) DO UPDATE SET instrumentation = EXCLUDED.instrumentation, updated_at = now();
INSERT INTO mpwrd_reservoir_levels (source_registry, report_date, reservoir_code, dam_id, basin_office, reservoir_name, reading_time, district, frl_m, live_capacity_at_frl_mcm, this_year_level_m, this_year_live_capacity_mcm, this_year_live_storage_percent, this_year_level_observed_date, this_year_is_stale, gate_count_open, gate_discharge_cumec, last_year_level_m, last_year_live_capacity_mcm, last_year_live_storage_percent, source_url, raw, fetched_at) VALUES ('MPWRD', '2026-05-25', '10063', 'MPWRD-10063', 'Chief Engineer Chambal Betwa Basin, Bhopal', 'Banchor Tank', '08:00:00', 'Raisen', 159.26, 7.22, 159.26, 7.22, 100, '2025-09-01', TRUE, NULL, NULL, NULL, NULL, NULL, 'https://eims1.mpwrd.gov.in/fcmreport/control/main', '{"district": "Raisen", "frl_m": "159.26", "gate_count_open": "", "gate_discharge_cumec": "", "last_year_level_m": "", "last_year_live_capacity_mcm": "", "last_year_live_storage_percent": "", "live_capacity_at_frl_mcm": "7.22", "reservoir": "Banchor Tank [10063]", "serial": "6.", "this_year_level_m": "159.26 *", "this_year_live_capacity_mcm": "7.22", "this_year_live_storage_percent": "100", "time": "08:00:00"}'::jsonb, now()) ON CONFLICT (source_registry, report_date, reservoir_code) DO UPDATE SET dam_id = EXCLUDED.dam_id, basin_office = EXCLUDED.basin_office, reservoir_name = EXCLUDED.reservoir_name, reading_time = EXCLUDED.reading_time, district = EXCLUDED.district, frl_m = EXCLUDED.frl_m, live_capacity_at_frl_mcm = EXCLUDED.live_capacity_at_frl_mcm, this_year_level_m = EXCLUDED.this_year_level_m, this_year_live_capacity_mcm = EXCLUDED.this_year_live_capacity_mcm, this_year_live_storage_percent = EXCLUDED.this_year_live_storage_percent, this_year_level_observed_date = EXCLUDED.this_year_level_observed_date, this_year_is_stale = EXCLUDED.this_year_is_stale, gate_count_open = EXCLUDED.gate_count_open, gate_discharge_cumec = EXCLUDED.gate_discharge_cumec, last_year_level_m = EXCLUDED.last_year_level_m, last_year_live_capacity_mcm = EXCLUDED.last_year_live_capacity_mcm, last_year_live_storage_percent = EXCLUDED.last_year_live_storage_percent, source_url = EXCLUDED.source_url, raw = EXCLUDED.raw, fetched_at = now();
INSERT INTO dams (dam_id, dam_name, state, district, river_basin, owner_agency, status, risk_class, safety_score, source_registry, source_record_id, source_publication_year, source_url, updated_at) VALUES ('MPWRD-10122', 'Bandia Nalla', 'Madhya Pradesh', 'Guna', 'Chief Engineer Chambal Betwa Basin, Bhopal', 'Madhya Pradesh Water Resources Department', 'operational'::dam_status, 'low'::risk_class, 100.00, 'MPWRD', '10122', 2026, 'https://eims1.mpwrd.gov.in/fcmreport/control/main', now()) ON CONFLICT (dam_id) DO UPDATE SET dam_name = EXCLUDED.dam_name, state = EXCLUDED.state, district = EXCLUDED.district, river_basin = EXCLUDED.river_basin, owner_agency = EXCLUDED.owner_agency, status = EXCLUDED.status, risk_class = EXCLUDED.risk_class, safety_score = EXCLUDED.safety_score, source_registry = EXCLUDED.source_registry, source_record_id = EXCLUDED.source_record_id, source_publication_year = EXCLUDED.source_publication_year, source_url = EXCLUDED.source_url, updated_at = now();
INSERT INTO dam_reservoir (dam_id, reservoir_name, live_storage_mcm, current_storage_mcm, frl_m, updated_at) VALUES ('MPWRD-10122', 'Bandia Nalla', 13.45, 13.45, 425.50, now()) ON CONFLICT (dam_id) DO UPDATE SET reservoir_name = EXCLUDED.reservoir_name, live_storage_mcm = EXCLUDED.live_storage_mcm, current_storage_mcm = EXCLUDED.current_storage_mcm, frl_m = EXCLUDED.frl_m, updated_at = now();
INSERT INTO dam_engineering (dam_id, instrumentation, updated_at) VALUES ('MPWRD-10122', '{"basin_office": "Chief Engineer Chambal Betwa Basin, Bhopal", "gate_count_open": null, "gate_discharge_cumec": null, "last_year_level_m": null, "last_year_live_capacity_mcm": null, "last_year_live_storage_percent": null, "mpwrd_reservoir_code": "10122", "reading_time": "08:00:00", "this_year_is_stale": true, "this_year_level_observed_date": "2025-09-23"}'::jsonb, now()) ON CONFLICT (dam_id) DO UPDATE SET instrumentation = EXCLUDED.instrumentation, updated_at = now();
INSERT INTO mpwrd_reservoir_levels (source_registry, report_date, reservoir_code, dam_id, basin_office, reservoir_name, reading_time, district, frl_m, live_capacity_at_frl_mcm, this_year_level_m, this_year_live_capacity_mcm, this_year_live_storage_percent, this_year_level_observed_date, this_year_is_stale, gate_count_open, gate_discharge_cumec, last_year_level_m, last_year_live_capacity_mcm, last_year_live_storage_percent, source_url, raw, fetched_at) VALUES ('MPWRD', '2026-05-25', '10122', 'MPWRD-10122', 'Chief Engineer Chambal Betwa Basin, Bhopal', 'Bandia Nalla', '08:00:00', 'Guna', 425.50, 13.45, 425.50, 13.45, 100, '2025-09-23', TRUE, NULL, NULL, NULL, NULL, NULL, 'https://eims1.mpwrd.gov.in/fcmreport/control/main', '{"district": "Guna", "frl_m": "425.50", "gate_count_open": "", "gate_discharge_cumec": "", "last_year_level_m": "", "last_year_live_capacity_mcm": "", "last_year_live_storage_percent": "", "live_capacity_at_frl_mcm": "13.45", "reservoir": "Bandia Nalla [10122]", "serial": "7.", "this_year_level_m": "425.50 *", "this_year_live_capacity_mcm": "13.45", "this_year_live_storage_percent": "100", "time": "08:00:00"}'::jsonb, now()) ON CONFLICT (source_registry, report_date, reservoir_code) DO UPDATE SET dam_id = EXCLUDED.dam_id, basin_office = EXCLUDED.basin_office, reservoir_name = EXCLUDED.reservoir_name, reading_time = EXCLUDED.reading_time, district = EXCLUDED.district, frl_m = EXCLUDED.frl_m, live_capacity_at_frl_mcm = EXCLUDED.live_capacity_at_frl_mcm, this_year_level_m = EXCLUDED.this_year_level_m, this_year_live_capacity_mcm = EXCLUDED.this_year_live_capacity_mcm, this_year_live_storage_percent = EXCLUDED.this_year_live_storage_percent, this_year_level_observed_date = EXCLUDED.this_year_level_observed_date, this_year_is_stale = EXCLUDED.this_year_is_stale, gate_count_open = EXCLUDED.gate_count_open, gate_discharge_cumec = EXCLUDED.gate_discharge_cumec, last_year_level_m = EXCLUDED.last_year_level_m, last_year_live_capacity_mcm = EXCLUDED.last_year_live_capacity_mcm, last_year_live_storage_percent = EXCLUDED.last_year_live_storage_percent, source_url = EXCLUDED.source_url, raw = EXCLUDED.raw, fetched_at = now();
INSERT INTO dams (dam_id, dam_name, state, district, river_basin, owner_agency, status, risk_class, safety_score, source_registry, source_record_id, source_publication_year, source_url, updated_at) VALUES ('MPWRD-31062', 'Bankpura Tank', 'Madhya Pradesh', 'Rajgarh', 'Chief Engineer Chambal Betwa Basin, Bhopal', 'Madhya Pradesh Water Resources Department', 'operational'::dam_status, 'low'::risk_class, 88.00, 'MPWRD', '31062', 2026, 'https://eims1.mpwrd.gov.in/fcmreport/control/main', now()) ON CONFLICT (dam_id) DO UPDATE SET dam_name = EXCLUDED.dam_name, state = EXCLUDED.state, district = EXCLUDED.district, river_basin = EXCLUDED.river_basin, owner_agency = EXCLUDED.owner_agency, status = EXCLUDED.status, risk_class = EXCLUDED.risk_class, safety_score = EXCLUDED.safety_score, source_registry = EXCLUDED.source_registry, source_record_id = EXCLUDED.source_record_id, source_publication_year = EXCLUDED.source_publication_year, source_url = EXCLUDED.source_url, updated_at = now();
INSERT INTO dam_reservoir (dam_id, reservoir_name, live_storage_mcm, current_storage_mcm, frl_m, updated_at) VALUES ('MPWRD-31062', 'Bankpura Tank', 18.46, 16.29, 406.25, now()) ON CONFLICT (dam_id) DO UPDATE SET reservoir_name = EXCLUDED.reservoir_name, live_storage_mcm = EXCLUDED.live_storage_mcm, current_storage_mcm = EXCLUDED.current_storage_mcm, frl_m = EXCLUDED.frl_m, updated_at = now();
INSERT INTO dam_engineering (dam_id, instrumentation, updated_at) VALUES ('MPWRD-31062', '{"basin_office": "Chief Engineer Chambal Betwa Basin, Bhopal", "gate_count_open": null, "gate_discharge_cumec": null, "last_year_level_m": null, "last_year_live_capacity_mcm": null, "last_year_live_storage_percent": null, "mpwrd_reservoir_code": "31062", "reading_time": "08:00:00", "this_year_is_stale": true, "this_year_level_observed_date": "2025-09-04"}'::jsonb, now()) ON CONFLICT (dam_id) DO UPDATE SET instrumentation = EXCLUDED.instrumentation, updated_at = now();
INSERT INTO mpwrd_reservoir_levels (source_registry, report_date, reservoir_code, dam_id, basin_office, reservoir_name, reading_time, district, frl_m, live_capacity_at_frl_mcm, this_year_level_m, this_year_live_capacity_mcm, this_year_live_storage_percent, this_year_level_observed_date, this_year_is_stale, gate_count_open, gate_discharge_cumec, last_year_level_m, last_year_live_capacity_mcm, last_year_live_storage_percent, source_url, raw, fetched_at) VALUES ('MPWRD', '2026-05-25', '31062', 'MPWRD-31062', 'Chief Engineer Chambal Betwa Basin, Bhopal', 'Bankpura Tank', '08:00:00', 'Rajgarh', 406.25, 18.46, 405.85, 16.29, 88, '2025-09-04', TRUE, NULL, NULL, NULL, NULL, NULL, 'https://eims1.mpwrd.gov.in/fcmreport/control/main', '{"district": "Rajgarh", "frl_m": "406.25", "gate_count_open": "", "gate_discharge_cumec": "", "last_year_level_m": "", "last_year_live_capacity_mcm": "", "last_year_live_storage_percent": "", "live_capacity_at_frl_mcm": "18.46", "reservoir": "Bankpura Tank [31062]", "serial": "8.", "this_year_level_m": "405.85*", "this_year_live_capacity_mcm": "16.29", "this_year_live_storage_percent": "88", "time": "08:00:00"}'::jsonb, now()) ON CONFLICT (source_registry, report_date, reservoir_code) DO UPDATE SET dam_id = EXCLUDED.dam_id, basin_office = EXCLUDED.basin_office, reservoir_name = EXCLUDED.reservoir_name, reading_time = EXCLUDED.reading_time, district = EXCLUDED.district, frl_m = EXCLUDED.frl_m, live_capacity_at_frl_mcm = EXCLUDED.live_capacity_at_frl_mcm, this_year_level_m = EXCLUDED.this_year_level_m, this_year_live_capacity_mcm = EXCLUDED.this_year_live_capacity_mcm, this_year_live_storage_percent = EXCLUDED.this_year_live_storage_percent, this_year_level_observed_date = EXCLUDED.this_year_level_observed_date, this_year_is_stale = EXCLUDED.this_year_is_stale, gate_count_open = EXCLUDED.gate_count_open, gate_discharge_cumec = EXCLUDED.gate_discharge_cumec, last_year_level_m = EXCLUDED.last_year_level_m, last_year_live_capacity_mcm = EXCLUDED.last_year_live_capacity_mcm, last_year_live_storage_percent = EXCLUDED.last_year_live_storage_percent, source_url = EXCLUDED.source_url, raw = EXCLUDED.raw, fetched_at = now();
INSERT INTO dams (dam_id, dam_name, state, district, river_basin, owner_agency, status, risk_class, safety_score, source_registry, source_record_id, source_publication_year, source_url, updated_at) VALUES ('MPWRD-39025', 'Barkhrda Chhajju Tank', 'Madhya Pradesh', 'Ashoknagar', 'Chief Engineer Chambal Betwa Basin, Bhopal', 'Madhya Pradesh Water Resources Department', 'operational'::dam_status, 'low'::risk_class, 100.00, 'MPWRD', '39025', 2026, 'https://eims1.mpwrd.gov.in/fcmreport/control/main', now()) ON CONFLICT (dam_id) DO UPDATE SET dam_name = EXCLUDED.dam_name, state = EXCLUDED.state, district = EXCLUDED.district, river_basin = EXCLUDED.river_basin, owner_agency = EXCLUDED.owner_agency, status = EXCLUDED.status, risk_class = EXCLUDED.risk_class, safety_score = EXCLUDED.safety_score, source_registry = EXCLUDED.source_registry, source_record_id = EXCLUDED.source_record_id, source_publication_year = EXCLUDED.source_publication_year, source_url = EXCLUDED.source_url, updated_at = now();
INSERT INTO dam_reservoir (dam_id, reservoir_name, live_storage_mcm, current_storage_mcm, frl_m, updated_at) VALUES ('MPWRD-39025', 'Barkhrda Chhajju Tank', 8.95, 8.95, 484.95, now()) ON CONFLICT (dam_id) DO UPDATE SET reservoir_name = EXCLUDED.reservoir_name, live_storage_mcm = EXCLUDED.live_storage_mcm, current_storage_mcm = EXCLUDED.current_storage_mcm, frl_m = EXCLUDED.frl_m, updated_at = now();
INSERT INTO dam_engineering (dam_id, instrumentation, updated_at) VALUES ('MPWRD-39025', '{"basin_office": "Chief Engineer Chambal Betwa Basin, Bhopal", "gate_count_open": null, "gate_discharge_cumec": null, "last_year_level_m": null, "last_year_live_capacity_mcm": null, "last_year_live_storage_percent": null, "mpwrd_reservoir_code": "39025", "reading_time": "08:00:00", "this_year_is_stale": true, "this_year_level_observed_date": "2025-08-07"}'::jsonb, now()) ON CONFLICT (dam_id) DO UPDATE SET instrumentation = EXCLUDED.instrumentation, updated_at = now();
INSERT INTO mpwrd_reservoir_levels (source_registry, report_date, reservoir_code, dam_id, basin_office, reservoir_name, reading_time, district, frl_m, live_capacity_at_frl_mcm, this_year_level_m, this_year_live_capacity_mcm, this_year_live_storage_percent, this_year_level_observed_date, this_year_is_stale, gate_count_open, gate_discharge_cumec, last_year_level_m, last_year_live_capacity_mcm, last_year_live_storage_percent, source_url, raw, fetched_at) VALUES ('MPWRD', '2026-05-25', '39025', 'MPWRD-39025', 'Chief Engineer Chambal Betwa Basin, Bhopal', 'Barkhrda Chhajju Tank', '08:00:00', 'Ashoknagar', 484.95, 8.95, 484.95, 8.95, 100, '2025-08-07', TRUE, NULL, NULL, NULL, NULL, NULL, 'https://eims1.mpwrd.gov.in/fcmreport/control/main', '{"district": "Ashoknagar", "frl_m": "484.95", "gate_count_open": "", "gate_discharge_cumec": "", "last_year_level_m": "", "last_year_live_capacity_mcm": "", "last_year_live_storage_percent": "", "live_capacity_at_frl_mcm": "8.95", "reservoir": "Barkhrda Chhajju Tank [39025]", "serial": "9.", "this_year_level_m": "484.95 *", "this_year_live_capacity_mcm": "8.95", "this_year_live_storage_percent": "100", "time": "08:00:00"}'::jsonb, now()) ON CONFLICT (source_registry, report_date, reservoir_code) DO UPDATE SET dam_id = EXCLUDED.dam_id, basin_office = EXCLUDED.basin_office, reservoir_name = EXCLUDED.reservoir_name, reading_time = EXCLUDED.reading_time, district = EXCLUDED.district, frl_m = EXCLUDED.frl_m, live_capacity_at_frl_mcm = EXCLUDED.live_capacity_at_frl_mcm, this_year_level_m = EXCLUDED.this_year_level_m, this_year_live_capacity_mcm = EXCLUDED.this_year_live_capacity_mcm, this_year_live_storage_percent = EXCLUDED.this_year_live_storage_percent, this_year_level_observed_date = EXCLUDED.this_year_level_observed_date, this_year_is_stale = EXCLUDED.this_year_is_stale, gate_count_open = EXCLUDED.gate_count_open, gate_discharge_cumec = EXCLUDED.gate_discharge_cumec, last_year_level_m = EXCLUDED.last_year_level_m, last_year_live_capacity_mcm = EXCLUDED.last_year_live_capacity_mcm, last_year_live_storage_percent = EXCLUDED.last_year_live_storage_percent, source_url = EXCLUDED.source_url, raw = EXCLUDED.raw, fetched_at = now();
INSERT INTO dams (dam_id, dam_name, state, district, river_basin, owner_agency, status, risk_class, safety_score, source_registry, source_record_id, source_publication_year, source_url, updated_at) VALUES ('MPWRD-27886', 'Birhai Tank', 'Madhya Pradesh', 'Bhopal', 'Chief Engineer Chambal Betwa Basin, Bhopal', 'Madhya Pradesh Water Resources Department', 'operational'::dam_status, 'low'::risk_class, 100.00, 'MPWRD', '27886', 2026, 'https://eims1.mpwrd.gov.in/fcmreport/control/main', now()) ON CONFLICT (dam_id) DO UPDATE SET dam_name = EXCLUDED.dam_name, state = EXCLUDED.state, district = EXCLUDED.district, river_basin = EXCLUDED.river_basin, owner_agency = EXCLUDED.owner_agency, status = EXCLUDED.status, risk_class = EXCLUDED.risk_class, safety_score = EXCLUDED.safety_score, source_registry = EXCLUDED.source_registry, source_record_id = EXCLUDED.source_record_id, source_publication_year = EXCLUDED.source_publication_year, source_url = EXCLUDED.source_url, updated_at = now();
INSERT INTO dam_reservoir (dam_id, reservoir_name, live_storage_mcm, current_storage_mcm, frl_m, updated_at) VALUES ('MPWRD-27886', 'Birhai Tank', 7.41, 7.75, 466.90, now()) ON CONFLICT (dam_id) DO UPDATE SET reservoir_name = EXCLUDED.reservoir_name, live_storage_mcm = EXCLUDED.live_storage_mcm, current_storage_mcm = EXCLUDED.current_storage_mcm, frl_m = EXCLUDED.frl_m, updated_at = now();
INSERT INTO dam_engineering (dam_id, instrumentation, updated_at) VALUES ('MPWRD-27886', '{"basin_office": "Chief Engineer Chambal Betwa Basin, Bhopal", "gate_count_open": null, "gate_discharge_cumec": null, "last_year_level_m": null, "last_year_live_capacity_mcm": null, "last_year_live_storage_percent": null, "mpwrd_reservoir_code": "27886", "reading_time": "08:00:00", "this_year_is_stale": true, "this_year_level_observed_date": "2025-08-21"}'::jsonb, now()) ON CONFLICT (dam_id) DO UPDATE SET instrumentation = EXCLUDED.instrumentation, updated_at = now();
INSERT INTO mpwrd_reservoir_levels (source_registry, report_date, reservoir_code, dam_id, basin_office, reservoir_name, reading_time, district, frl_m, live_capacity_at_frl_mcm, this_year_level_m, this_year_live_capacity_mcm, this_year_live_storage_percent, this_year_level_observed_date, this_year_is_stale, gate_count_open, gate_discharge_cumec, last_year_level_m, last_year_live_capacity_mcm, last_year_live_storage_percent, source_url, raw, fetched_at) VALUES ('MPWRD', '2026-05-25', '27886', 'MPWRD-27886', 'Chief Engineer Chambal Betwa Basin, Bhopal', 'Birhai Tank', '08:00:00', 'Bhopal', 466.90, 7.41, 466.90, 7.75, 100, '2025-08-21', TRUE, NULL, NULL, NULL, NULL, NULL, 'https://eims1.mpwrd.gov.in/fcmreport/control/main', '{"district": "Bhopal", "frl_m": "466.90", "gate_count_open": "", "gate_discharge_cumec": "", "last_year_level_m": "", "last_year_live_capacity_mcm": "", "last_year_live_storage_percent": "", "live_capacity_at_frl_mcm": "7.41", "reservoir": "Birhai Tank [27886]", "serial": "10.", "this_year_level_m": "466.90 *", "this_year_live_capacity_mcm": "7.75", "this_year_live_storage_percent": "100", "time": "08:00:00"}'::jsonb, now()) ON CONFLICT (source_registry, report_date, reservoir_code) DO UPDATE SET dam_id = EXCLUDED.dam_id, basin_office = EXCLUDED.basin_office, reservoir_name = EXCLUDED.reservoir_name, reading_time = EXCLUDED.reading_time, district = EXCLUDED.district, frl_m = EXCLUDED.frl_m, live_capacity_at_frl_mcm = EXCLUDED.live_capacity_at_frl_mcm, this_year_level_m = EXCLUDED.this_year_level_m, this_year_live_capacity_mcm = EXCLUDED.this_year_live_capacity_mcm, this_year_live_storage_percent = EXCLUDED.this_year_live_storage_percent, this_year_level_observed_date = EXCLUDED.this_year_level_observed_date, this_year_is_stale = EXCLUDED.this_year_is_stale, gate_count_open = EXCLUDED.gate_count_open, gate_discharge_cumec = EXCLUDED.gate_discharge_cumec, last_year_level_m = EXCLUDED.last_year_level_m, last_year_live_capacity_mcm = EXCLUDED.last_year_live_capacity_mcm, last_year_live_storage_percent = EXCLUDED.last_year_live_storage_percent, source_url = EXCLUDED.source_url, raw = EXCLUDED.raw, fetched_at = now();
INSERT INTO dams (dam_id, dam_name, state, district, river_basin, owner_agency, status, risk_class, safety_score, source_registry, source_record_id, source_publication_year, source_url, updated_at) VALUES ('MPWRD-10053', 'Chanderi Dam', 'Madhya Pradesh', 'Bhopal', 'Chief Engineer Chambal Betwa Basin, Bhopal', 'Madhya Pradesh Water Resources Department', 'operational'::dam_status, 'low'::risk_class, 100.00, 'MPWRD', '10053', 2026, 'https://eims1.mpwrd.gov.in/fcmreport/control/main', now()) ON CONFLICT (dam_id) DO UPDATE SET dam_name = EXCLUDED.dam_name, state = EXCLUDED.state, district = EXCLUDED.district, river_basin = EXCLUDED.river_basin, owner_agency = EXCLUDED.owner_agency, status = EXCLUDED.status, risk_class = EXCLUDED.risk_class, safety_score = EXCLUDED.safety_score, source_registry = EXCLUDED.source_registry, source_record_id = EXCLUDED.source_record_id, source_publication_year = EXCLUDED.source_publication_year, source_url = EXCLUDED.source_url, updated_at = now();
INSERT INTO dam_reservoir (dam_id, reservoir_name, live_storage_mcm, current_storage_mcm, frl_m, updated_at) VALUES ('MPWRD-10053', 'Chanderi Dam', 5.06, 5.06, 100.25, now()) ON CONFLICT (dam_id) DO UPDATE SET reservoir_name = EXCLUDED.reservoir_name, live_storage_mcm = EXCLUDED.live_storage_mcm, current_storage_mcm = EXCLUDED.current_storage_mcm, frl_m = EXCLUDED.frl_m, updated_at = now();
INSERT INTO dam_engineering (dam_id, instrumentation, updated_at) VALUES ('MPWRD-10053', '{"basin_office": "Chief Engineer Chambal Betwa Basin, Bhopal", "gate_count_open": null, "gate_discharge_cumec": null, "last_year_level_m": null, "last_year_live_capacity_mcm": null, "last_year_live_storage_percent": null, "mpwrd_reservoir_code": "10053", "reading_time": "08:00:00", "this_year_is_stale": true, "this_year_level_observed_date": "2025-09-18"}'::jsonb, now()) ON CONFLICT (dam_id) DO UPDATE SET instrumentation = EXCLUDED.instrumentation, updated_at = now();
INSERT INTO mpwrd_reservoir_levels (source_registry, report_date, reservoir_code, dam_id, basin_office, reservoir_name, reading_time, district, frl_m, live_capacity_at_frl_mcm, this_year_level_m, this_year_live_capacity_mcm, this_year_live_storage_percent, this_year_level_observed_date, this_year_is_stale, gate_count_open, gate_discharge_cumec, last_year_level_m, last_year_live_capacity_mcm, last_year_live_storage_percent, source_url, raw, fetched_at) VALUES ('MPWRD', '2026-05-25', '10053', 'MPWRD-10053', 'Chief Engineer Chambal Betwa Basin, Bhopal', 'Chanderi Dam', '08:00:00', 'Bhopal', 100.25, 5.06, 100.25, 5.06, 100, '2025-09-18', TRUE, NULL, NULL, NULL, NULL, NULL, 'https://eims1.mpwrd.gov.in/fcmreport/control/main', '{"district": "Bhopal", "frl_m": "100.25", "gate_count_open": "", "gate_discharge_cumec": "", "last_year_level_m": "", "last_year_live_capacity_mcm": "", "last_year_live_storage_percent": "", "live_capacity_at_frl_mcm": "5.06", "reservoir": "Chanderi Dam [10053]", "serial": "11.", "this_year_level_m": "100.25 *", "this_year_live_capacity_mcm": "5.06", "this_year_live_storage_percent": "100", "time": "08:00:00"}'::jsonb, now()) ON CONFLICT (source_registry, report_date, reservoir_code) DO UPDATE SET dam_id = EXCLUDED.dam_id, basin_office = EXCLUDED.basin_office, reservoir_name = EXCLUDED.reservoir_name, reading_time = EXCLUDED.reading_time, district = EXCLUDED.district, frl_m = EXCLUDED.frl_m, live_capacity_at_frl_mcm = EXCLUDED.live_capacity_at_frl_mcm, this_year_level_m = EXCLUDED.this_year_level_m, this_year_live_capacity_mcm = EXCLUDED.this_year_live_capacity_mcm, this_year_live_storage_percent = EXCLUDED.this_year_live_storage_percent, this_year_level_observed_date = EXCLUDED.this_year_level_observed_date, this_year_is_stale = EXCLUDED.this_year_is_stale, gate_count_open = EXCLUDED.gate_count_open, gate_discharge_cumec = EXCLUDED.gate_discharge_cumec, last_year_level_m = EXCLUDED.last_year_level_m, last_year_live_capacity_mcm = EXCLUDED.last_year_live_capacity_mcm, last_year_live_storage_percent = EXCLUDED.last_year_live_storage_percent, source_url = EXCLUDED.source_url, raw = EXCLUDED.raw, fetched_at = now();
INSERT INTO dams (dam_id, dam_name, state, district, river_basin, owner_agency, status, risk_class, safety_score, source_registry, source_record_id, source_publication_year, source_url, updated_at) VALUES ('MPWRD-10140', 'Chhapi Tank', 'Madhya Pradesh', 'Rajgarh', 'Chief Engineer Chambal Betwa Basin, Bhopal', 'Madhya Pradesh Water Resources Department', 'operational'::dam_status, 'low'::risk_class, 100.00, 'MPWRD', '10140', 2026, 'https://eims1.mpwrd.gov.in/fcmreport/control/main', now()) ON CONFLICT (dam_id) DO UPDATE SET dam_name = EXCLUDED.dam_name, state = EXCLUDED.state, district = EXCLUDED.district, river_basin = EXCLUDED.river_basin, owner_agency = EXCLUDED.owner_agency, status = EXCLUDED.status, risk_class = EXCLUDED.risk_class, safety_score = EXCLUDED.safety_score, source_registry = EXCLUDED.source_registry, source_record_id = EXCLUDED.source_record_id, source_publication_year = EXCLUDED.source_publication_year, source_url = EXCLUDED.source_url, updated_at = now();
INSERT INTO dam_reservoir (dam_id, reservoir_name, live_storage_mcm, current_storage_mcm, frl_m, updated_at) VALUES ('MPWRD-10140', 'Chhapi Tank', 13.53, 13.53, 416.35, now()) ON CONFLICT (dam_id) DO UPDATE SET reservoir_name = EXCLUDED.reservoir_name, live_storage_mcm = EXCLUDED.live_storage_mcm, current_storage_mcm = EXCLUDED.current_storage_mcm, frl_m = EXCLUDED.frl_m, updated_at = now();
INSERT INTO dam_engineering (dam_id, instrumentation, updated_at) VALUES ('MPWRD-10140', '{"basin_office": "Chief Engineer Chambal Betwa Basin, Bhopal", "gate_count_open": null, "gate_discharge_cumec": null, "last_year_level_m": null, "last_year_live_capacity_mcm": null, "last_year_live_storage_percent": null, "mpwrd_reservoir_code": "10140", "reading_time": "08:00:00", "this_year_is_stale": true, "this_year_level_observed_date": "2025-08-26"}'::jsonb, now()) ON CONFLICT (dam_id) DO UPDATE SET instrumentation = EXCLUDED.instrumentation, updated_at = now();
INSERT INTO mpwrd_reservoir_levels (source_registry, report_date, reservoir_code, dam_id, basin_office, reservoir_name, reading_time, district, frl_m, live_capacity_at_frl_mcm, this_year_level_m, this_year_live_capacity_mcm, this_year_live_storage_percent, this_year_level_observed_date, this_year_is_stale, gate_count_open, gate_discharge_cumec, last_year_level_m, last_year_live_capacity_mcm, last_year_live_storage_percent, source_url, raw, fetched_at) VALUES ('MPWRD', '2026-05-25', '10140', 'MPWRD-10140', 'Chief Engineer Chambal Betwa Basin, Bhopal', 'Chhapi Tank', '08:00:00', 'Rajgarh', 416.35, 13.53, 416.35, 13.53, 100, '2025-08-26', TRUE, NULL, NULL, NULL, NULL, NULL, 'https://eims1.mpwrd.gov.in/fcmreport/control/main', '{"district": "Rajgarh", "frl_m": "416.35", "gate_count_open": "", "gate_discharge_cumec": "", "last_year_level_m": "", "last_year_live_capacity_mcm": "", "last_year_live_storage_percent": "", "live_capacity_at_frl_mcm": "13.53", "reservoir": "Chhapi Tank [10140]", "serial": "12.", "this_year_level_m": "416.35 *", "this_year_live_capacity_mcm": "13.53", "this_year_live_storage_percent": "100", "time": "08:00:00"}'::jsonb, now()) ON CONFLICT (source_registry, report_date, reservoir_code) DO UPDATE SET dam_id = EXCLUDED.dam_id, basin_office = EXCLUDED.basin_office, reservoir_name = EXCLUDED.reservoir_name, reading_time = EXCLUDED.reading_time, district = EXCLUDED.district, frl_m = EXCLUDED.frl_m, live_capacity_at_frl_mcm = EXCLUDED.live_capacity_at_frl_mcm, this_year_level_m = EXCLUDED.this_year_level_m, this_year_live_capacity_mcm = EXCLUDED.this_year_live_capacity_mcm, this_year_live_storage_percent = EXCLUDED.this_year_live_storage_percent, this_year_level_observed_date = EXCLUDED.this_year_level_observed_date, this_year_is_stale = EXCLUDED.this_year_is_stale, gate_count_open = EXCLUDED.gate_count_open, gate_discharge_cumec = EXCLUDED.gate_discharge_cumec, last_year_level_m = EXCLUDED.last_year_level_m, last_year_live_capacity_mcm = EXCLUDED.last_year_live_capacity_mcm, last_year_live_storage_percent = EXCLUDED.last_year_live_storage_percent, source_url = EXCLUDED.source_url, raw = EXCLUDED.raw, fetched_at = now();
INSERT INTO dams (dam_id, dam_name, state, district, river_basin, owner_agency, status, risk_class, safety_score, source_registry, source_record_id, source_publication_year, source_url, updated_at) VALUES ('MPWRD-10068', 'Dahod Tank', 'Madhya Pradesh', 'Raisen', 'Chief Engineer Chambal Betwa Basin, Bhopal', 'Madhya Pradesh Water Resources Department', 'operational'::dam_status, 'low'::risk_class, 96.00, 'MPWRD', '10068', 2026, 'https://eims1.mpwrd.gov.in/fcmreport/control/main', now()) ON CONFLICT (dam_id) DO UPDATE SET dam_name = EXCLUDED.dam_name, state = EXCLUDED.state, district = EXCLUDED.district, river_basin = EXCLUDED.river_basin, owner_agency = EXCLUDED.owner_agency, status = EXCLUDED.status, risk_class = EXCLUDED.risk_class, safety_score = EXCLUDED.safety_score, source_registry = EXCLUDED.source_registry, source_record_id = EXCLUDED.source_record_id, source_publication_year = EXCLUDED.source_publication_year, source_url = EXCLUDED.source_url, updated_at = now();
INSERT INTO dam_reservoir (dam_id, reservoir_name, live_storage_mcm, current_storage_mcm, frl_m, updated_at) VALUES ('MPWRD-10068', 'Dahod Tank', 26.42, 25.42, 459.94, now()) ON CONFLICT (dam_id) DO UPDATE SET reservoir_name = EXCLUDED.reservoir_name, live_storage_mcm = EXCLUDED.live_storage_mcm, current_storage_mcm = EXCLUDED.current_storage_mcm, frl_m = EXCLUDED.frl_m, updated_at = now();
INSERT INTO dam_engineering (dam_id, instrumentation, updated_at) VALUES ('MPWRD-10068', '{"basin_office": "Chief Engineer Chambal Betwa Basin, Bhopal", "gate_count_open": null, "gate_discharge_cumec": null, "last_year_level_m": null, "last_year_live_capacity_mcm": null, "last_year_live_storage_percent": null, "mpwrd_reservoir_code": "10068", "reading_time": "08:00:00", "this_year_is_stale": true, "this_year_level_observed_date": "2025-09-25"}'::jsonb, now()) ON CONFLICT (dam_id) DO UPDATE SET instrumentation = EXCLUDED.instrumentation, updated_at = now();
INSERT INTO mpwrd_reservoir_levels (source_registry, report_date, reservoir_code, dam_id, basin_office, reservoir_name, reading_time, district, frl_m, live_capacity_at_frl_mcm, this_year_level_m, this_year_live_capacity_mcm, this_year_live_storage_percent, this_year_level_observed_date, this_year_is_stale, gate_count_open, gate_discharge_cumec, last_year_level_m, last_year_live_capacity_mcm, last_year_live_storage_percent, source_url, raw, fetched_at) VALUES ('MPWRD', '2026-05-25', '10068', 'MPWRD-10068', 'Chief Engineer Chambal Betwa Basin, Bhopal', 'Dahod Tank', '08:00:00', 'Raisen', 459.94, 26.42, 459.82, 25.42, 96, '2025-09-25', TRUE, NULL, NULL, NULL, NULL, NULL, 'https://eims1.mpwrd.gov.in/fcmreport/control/main', '{"district": "Raisen", "frl_m": "459.94", "gate_count_open": "", "gate_discharge_cumec": "", "last_year_level_m": "", "last_year_live_capacity_mcm": "", "last_year_live_storage_percent": "", "live_capacity_at_frl_mcm": "26.42", "reservoir": "Dahod Tank [10068]", "serial": "13.", "this_year_level_m": "459.82*", "this_year_live_capacity_mcm": "25.42", "this_year_live_storage_percent": "96", "time": "08:00:00"}'::jsonb, now()) ON CONFLICT (source_registry, report_date, reservoir_code) DO UPDATE SET dam_id = EXCLUDED.dam_id, basin_office = EXCLUDED.basin_office, reservoir_name = EXCLUDED.reservoir_name, reading_time = EXCLUDED.reading_time, district = EXCLUDED.district, frl_m = EXCLUDED.frl_m, live_capacity_at_frl_mcm = EXCLUDED.live_capacity_at_frl_mcm, this_year_level_m = EXCLUDED.this_year_level_m, this_year_live_capacity_mcm = EXCLUDED.this_year_live_capacity_mcm, this_year_live_storage_percent = EXCLUDED.this_year_live_storage_percent, this_year_level_observed_date = EXCLUDED.this_year_level_observed_date, this_year_is_stale = EXCLUDED.this_year_is_stale, gate_count_open = EXCLUDED.gate_count_open, gate_discharge_cumec = EXCLUDED.gate_discharge_cumec, last_year_level_m = EXCLUDED.last_year_level_m, last_year_live_capacity_mcm = EXCLUDED.last_year_live_capacity_mcm, last_year_live_storage_percent = EXCLUDED.last_year_live_storage_percent, source_url = EXCLUDED.source_url, raw = EXCLUDED.raw, fetched_at = now();
INSERT INTO dams (dam_id, dam_name, state, district, river_basin, owner_agency, status, risk_class, safety_score, source_registry, source_record_id, source_publication_year, source_url, updated_at) VALUES ('MPWRD-22747', 'Danmadi Tank', 'Madhya Pradesh', 'Vidisha', 'Chief Engineer Chambal Betwa Basin, Bhopal', 'Madhya Pradesh Water Resources Department', 'operational'::dam_status, 'low'::risk_class, 68.00, 'MPWRD', '22747', 2026, 'https://eims1.mpwrd.gov.in/fcmreport/control/main', now()) ON CONFLICT (dam_id) DO UPDATE SET dam_name = EXCLUDED.dam_name, state = EXCLUDED.state, district = EXCLUDED.district, river_basin = EXCLUDED.river_basin, owner_agency = EXCLUDED.owner_agency, status = EXCLUDED.status, risk_class = EXCLUDED.risk_class, safety_score = EXCLUDED.safety_score, source_registry = EXCLUDED.source_registry, source_record_id = EXCLUDED.source_record_id, source_publication_year = EXCLUDED.source_publication_year, source_url = EXCLUDED.source_url, updated_at = now();
INSERT INTO dam_reservoir (dam_id, reservoir_name, live_storage_mcm, current_storage_mcm, frl_m, updated_at) VALUES ('MPWRD-22747', 'Danmadi Tank', 5.52, 3.77, 445.00, now()) ON CONFLICT (dam_id) DO UPDATE SET reservoir_name = EXCLUDED.reservoir_name, live_storage_mcm = EXCLUDED.live_storage_mcm, current_storage_mcm = EXCLUDED.current_storage_mcm, frl_m = EXCLUDED.frl_m, updated_at = now();
INSERT INTO dam_engineering (dam_id, instrumentation, updated_at) VALUES ('MPWRD-22747', '{"basin_office": "Chief Engineer Chambal Betwa Basin, Bhopal", "gate_count_open": null, "gate_discharge_cumec": null, "last_year_level_m": null, "last_year_live_capacity_mcm": null, "last_year_live_storage_percent": null, "mpwrd_reservoir_code": "22747", "reading_time": "08:00:00", "this_year_is_stale": true, "this_year_level_observed_date": "2025-08-08"}'::jsonb, now()) ON CONFLICT (dam_id) DO UPDATE SET instrumentation = EXCLUDED.instrumentation, updated_at = now();
INSERT INTO mpwrd_reservoir_levels (source_registry, report_date, reservoir_code, dam_id, basin_office, reservoir_name, reading_time, district, frl_m, live_capacity_at_frl_mcm, this_year_level_m, this_year_live_capacity_mcm, this_year_live_storage_percent, this_year_level_observed_date, this_year_is_stale, gate_count_open, gate_discharge_cumec, last_year_level_m, last_year_live_capacity_mcm, last_year_live_storage_percent, source_url, raw, fetched_at) VALUES ('MPWRD', '2026-05-25', '22747', 'MPWRD-22747', 'Chief Engineer Chambal Betwa Basin, Bhopal', 'Danmadi Tank', '08:00:00', 'Vidisha', 445.00, 5.52, 444.00, 3.77, 68, '2025-08-08', TRUE, NULL, NULL, NULL, NULL, NULL, 'https://eims1.mpwrd.gov.in/fcmreport/control/main', '{"district": "Vidisha", "frl_m": "445.00", "gate_count_open": "", "gate_discharge_cumec": "", "last_year_level_m": "", "last_year_live_capacity_mcm": "", "last_year_live_storage_percent": "", "live_capacity_at_frl_mcm": "5.52", "reservoir": "Danmadi Tank [22747]", "serial": "14.", "this_year_level_m": "444.00*", "this_year_live_capacity_mcm": "3.77", "this_year_live_storage_percent": "68", "time": "08:00:00"}'::jsonb, now()) ON CONFLICT (source_registry, report_date, reservoir_code) DO UPDATE SET dam_id = EXCLUDED.dam_id, basin_office = EXCLUDED.basin_office, reservoir_name = EXCLUDED.reservoir_name, reading_time = EXCLUDED.reading_time, district = EXCLUDED.district, frl_m = EXCLUDED.frl_m, live_capacity_at_frl_mcm = EXCLUDED.live_capacity_at_frl_mcm, this_year_level_m = EXCLUDED.this_year_level_m, this_year_live_capacity_mcm = EXCLUDED.this_year_live_capacity_mcm, this_year_live_storage_percent = EXCLUDED.this_year_live_storage_percent, this_year_level_observed_date = EXCLUDED.this_year_level_observed_date, this_year_is_stale = EXCLUDED.this_year_is_stale, gate_count_open = EXCLUDED.gate_count_open, gate_discharge_cumec = EXCLUDED.gate_discharge_cumec, last_year_level_m = EXCLUDED.last_year_level_m, last_year_live_capacity_mcm = EXCLUDED.last_year_live_capacity_mcm, last_year_live_storage_percent = EXCLUDED.last_year_live_storage_percent, source_url = EXCLUDED.source_url, raw = EXCLUDED.raw, fetched_at = now();
INSERT INTO dams (dam_id, dam_name, state, district, river_basin, owner_agency, status, risk_class, safety_score, source_registry, source_record_id, source_publication_year, source_url, updated_at) VALUES ('MPWRD-10092', 'Doraha Tank', 'Madhya Pradesh', 'Sehore', 'Chief Engineer Chambal Betwa Basin, Bhopal', 'Madhya Pradesh Water Resources Department', 'operational'::dam_status, 'low'::risk_class, 66.00, 'MPWRD', '10092', 2026, 'https://eims1.mpwrd.gov.in/fcmreport/control/main', now()) ON CONFLICT (dam_id) DO UPDATE SET dam_name = EXCLUDED.dam_name, state = EXCLUDED.state, district = EXCLUDED.district, river_basin = EXCLUDED.river_basin, owner_agency = EXCLUDED.owner_agency, status = EXCLUDED.status, risk_class = EXCLUDED.risk_class, safety_score = EXCLUDED.safety_score, source_registry = EXCLUDED.source_registry, source_record_id = EXCLUDED.source_record_id, source_publication_year = EXCLUDED.source_publication_year, source_url = EXCLUDED.source_url, updated_at = now();
INSERT INTO dam_reservoir (dam_id, reservoir_name, live_storage_mcm, current_storage_mcm, frl_m, updated_at) VALUES ('MPWRD-10092', 'Doraha Tank', 15.54, 10.32, 469.39, now()) ON CONFLICT (dam_id) DO UPDATE SET reservoir_name = EXCLUDED.reservoir_name, live_storage_mcm = EXCLUDED.live_storage_mcm, current_storage_mcm = EXCLUDED.current_storage_mcm, frl_m = EXCLUDED.frl_m, updated_at = now();
INSERT INTO dam_engineering (dam_id, instrumentation, updated_at) VALUES ('MPWRD-10092', '{"basin_office": "Chief Engineer Chambal Betwa Basin, Bhopal", "gate_count_open": null, "gate_discharge_cumec": null, "last_year_level_m": null, "last_year_live_capacity_mcm": null, "last_year_live_storage_percent": null, "mpwrd_reservoir_code": "10092", "reading_time": "08:00:00", "this_year_is_stale": true, "this_year_level_observed_date": "2025-07-31"}'::jsonb, now()) ON CONFLICT (dam_id) DO UPDATE SET instrumentation = EXCLUDED.instrumentation, updated_at = now();
INSERT INTO mpwrd_reservoir_levels (source_registry, report_date, reservoir_code, dam_id, basin_office, reservoir_name, reading_time, district, frl_m, live_capacity_at_frl_mcm, this_year_level_m, this_year_live_capacity_mcm, this_year_live_storage_percent, this_year_level_observed_date, this_year_is_stale, gate_count_open, gate_discharge_cumec, last_year_level_m, last_year_live_capacity_mcm, last_year_live_storage_percent, source_url, raw, fetched_at) VALUES ('MPWRD', '2026-05-25', '10092', 'MPWRD-10092', 'Chief Engineer Chambal Betwa Basin, Bhopal', 'Doraha Tank', '08:00:00', 'Sehore', 469.39, 15.54, 468.08, 10.32, 66, '2025-07-31', TRUE, NULL, NULL, NULL, NULL, NULL, 'https://eims1.mpwrd.gov.in/fcmreport/control/main', '{"district": "Sehore", "frl_m": "469.39", "gate_count_open": "", "gate_discharge_cumec": "", "last_year_level_m": "", "last_year_live_capacity_mcm": "", "last_year_live_storage_percent": "", "live_capacity_at_frl_mcm": "15.54", "reservoir": "Doraha Tank [10092]", "serial": "15.", "this_year_level_m": "468.08*", "this_year_live_capacity_mcm": "10.32", "this_year_live_storage_percent": "66", "time": "08:00:00"}'::jsonb, now()) ON CONFLICT (source_registry, report_date, reservoir_code) DO UPDATE SET dam_id = EXCLUDED.dam_id, basin_office = EXCLUDED.basin_office, reservoir_name = EXCLUDED.reservoir_name, reading_time = EXCLUDED.reading_time, district = EXCLUDED.district, frl_m = EXCLUDED.frl_m, live_capacity_at_frl_mcm = EXCLUDED.live_capacity_at_frl_mcm, this_year_level_m = EXCLUDED.this_year_level_m, this_year_live_capacity_mcm = EXCLUDED.this_year_live_capacity_mcm, this_year_live_storage_percent = EXCLUDED.this_year_live_storage_percent, this_year_level_observed_date = EXCLUDED.this_year_level_observed_date, this_year_is_stale = EXCLUDED.this_year_is_stale, gate_count_open = EXCLUDED.gate_count_open, gate_discharge_cumec = EXCLUDED.gate_discharge_cumec, last_year_level_m = EXCLUDED.last_year_level_m, last_year_live_capacity_mcm = EXCLUDED.last_year_live_capacity_mcm, last_year_live_storage_percent = EXCLUDED.last_year_live_storage_percent, source_url = EXCLUDED.source_url, raw = EXCLUDED.raw, fetched_at = now();
INSERT INTO dams (dam_id, dam_name, state, district, river_basin, owner_agency, status, risk_class, safety_score, source_registry, source_record_id, source_publication_year, source_url, updated_at) VALUES ('MPWRD-39052', 'Garetha Tank', 'Madhya Pradesh', 'Vidisha', 'Chief Engineer Chambal Betwa Basin, Bhopal', 'Madhya Pradesh Water Resources Department', 'operational'::dam_status, 'low'::risk_class, 100.00, 'MPWRD', '39052', 2026, 'https://eims1.mpwrd.gov.in/fcmreport/control/main', now()) ON CONFLICT (dam_id) DO UPDATE SET dam_name = EXCLUDED.dam_name, state = EXCLUDED.state, district = EXCLUDED.district, river_basin = EXCLUDED.river_basin, owner_agency = EXCLUDED.owner_agency, status = EXCLUDED.status, risk_class = EXCLUDED.risk_class, safety_score = EXCLUDED.safety_score, source_registry = EXCLUDED.source_registry, source_record_id = EXCLUDED.source_record_id, source_publication_year = EXCLUDED.source_publication_year, source_url = EXCLUDED.source_url, updated_at = now();
INSERT INTO dam_reservoir (dam_id, reservoir_name, live_storage_mcm, current_storage_mcm, frl_m, updated_at) VALUES ('MPWRD-39052', 'Garetha Tank', 9.60, 9.60, 466.75, now()) ON CONFLICT (dam_id) DO UPDATE SET reservoir_name = EXCLUDED.reservoir_name, live_storage_mcm = EXCLUDED.live_storage_mcm, current_storage_mcm = EXCLUDED.current_storage_mcm, frl_m = EXCLUDED.frl_m, updated_at = now();
INSERT INTO dam_engineering (dam_id, instrumentation, updated_at) VALUES ('MPWRD-39052', '{"basin_office": "Chief Engineer Chambal Betwa Basin, Bhopal", "gate_count_open": null, "gate_discharge_cumec": null, "last_year_level_m": null, "last_year_live_capacity_mcm": null, "last_year_live_storage_percent": null, "mpwrd_reservoir_code": "39052", "reading_time": "08:00:00", "this_year_is_stale": true, "this_year_level_observed_date": "2025-09-24"}'::jsonb, now()) ON CONFLICT (dam_id) DO UPDATE SET instrumentation = EXCLUDED.instrumentation, updated_at = now();
INSERT INTO mpwrd_reservoir_levels (source_registry, report_date, reservoir_code, dam_id, basin_office, reservoir_name, reading_time, district, frl_m, live_capacity_at_frl_mcm, this_year_level_m, this_year_live_capacity_mcm, this_year_live_storage_percent, this_year_level_observed_date, this_year_is_stale, gate_count_open, gate_discharge_cumec, last_year_level_m, last_year_live_capacity_mcm, last_year_live_storage_percent, source_url, raw, fetched_at) VALUES ('MPWRD', '2026-05-25', '39052', 'MPWRD-39052', 'Chief Engineer Chambal Betwa Basin, Bhopal', 'Garetha Tank', '08:00:00', 'Vidisha', 466.75, 9.60, 466.75, 9.60, 100, '2025-09-24', TRUE, NULL, NULL, NULL, NULL, NULL, 'https://eims1.mpwrd.gov.in/fcmreport/control/main', '{"district": "Vidisha", "frl_m": "466.75", "gate_count_open": "", "gate_discharge_cumec": "", "last_year_level_m": "", "last_year_live_capacity_mcm": "", "last_year_live_storage_percent": "", "live_capacity_at_frl_mcm": "9.60", "reservoir": "Garetha Tank [39052]", "serial": "16.", "this_year_level_m": "466.75 *", "this_year_live_capacity_mcm": "9.60", "this_year_live_storage_percent": "100", "time": "08:00:00"}'::jsonb, now()) ON CONFLICT (source_registry, report_date, reservoir_code) DO UPDATE SET dam_id = EXCLUDED.dam_id, basin_office = EXCLUDED.basin_office, reservoir_name = EXCLUDED.reservoir_name, reading_time = EXCLUDED.reading_time, district = EXCLUDED.district, frl_m = EXCLUDED.frl_m, live_capacity_at_frl_mcm = EXCLUDED.live_capacity_at_frl_mcm, this_year_level_m = EXCLUDED.this_year_level_m, this_year_live_capacity_mcm = EXCLUDED.this_year_live_capacity_mcm, this_year_live_storage_percent = EXCLUDED.this_year_live_storage_percent, this_year_level_observed_date = EXCLUDED.this_year_level_observed_date, this_year_is_stale = EXCLUDED.this_year_is_stale, gate_count_open = EXCLUDED.gate_count_open, gate_discharge_cumec = EXCLUDED.gate_discharge_cumec, last_year_level_m = EXCLUDED.last_year_level_m, last_year_live_capacity_mcm = EXCLUDED.last_year_live_capacity_mcm, last_year_live_storage_percent = EXCLUDED.last_year_live_storage_percent, source_url = EXCLUDED.source_url, raw = EXCLUDED.raw, fetched_at = now();
INSERT INTO dams (dam_id, dam_name, state, district, river_basin, owner_agency, status, risk_class, safety_score, source_registry, source_record_id, source_publication_year, source_url, updated_at) VALUES ('MPWRD-26569', 'Garetia Tank', 'Madhya Pradesh', 'Bhopal', 'Chief Engineer Chambal Betwa Basin, Bhopal', 'Madhya Pradesh Water Resources Department', 'operational'::dam_status, 'low'::risk_class, 100.00, 'MPWRD', '26569', 2026, 'https://eims1.mpwrd.gov.in/fcmreport/control/main', now()) ON CONFLICT (dam_id) DO UPDATE SET dam_name = EXCLUDED.dam_name, state = EXCLUDED.state, district = EXCLUDED.district, river_basin = EXCLUDED.river_basin, owner_agency = EXCLUDED.owner_agency, status = EXCLUDED.status, risk_class = EXCLUDED.risk_class, safety_score = EXCLUDED.safety_score, source_registry = EXCLUDED.source_registry, source_record_id = EXCLUDED.source_record_id, source_publication_year = EXCLUDED.source_publication_year, source_url = EXCLUDED.source_url, updated_at = now();
INSERT INTO dam_reservoir (dam_id, reservoir_name, live_storage_mcm, current_storage_mcm, frl_m, updated_at) VALUES ('MPWRD-26569', 'Garetia Tank', 12.68, 13.61, 434.43, now()) ON CONFLICT (dam_id) DO UPDATE SET reservoir_name = EXCLUDED.reservoir_name, live_storage_mcm = EXCLUDED.live_storage_mcm, current_storage_mcm = EXCLUDED.current_storage_mcm, frl_m = EXCLUDED.frl_m, updated_at = now();
INSERT INTO dam_engineering (dam_id, instrumentation, updated_at) VALUES ('MPWRD-26569', '{"basin_office": "Chief Engineer Chambal Betwa Basin, Bhopal", "gate_count_open": null, "gate_discharge_cumec": null, "last_year_level_m": null, "last_year_live_capacity_mcm": null, "last_year_live_storage_percent": null, "mpwrd_reservoir_code": "26569", "reading_time": "08:00:00", "this_year_is_stale": true, "this_year_level_observed_date": "2025-09-09"}'::jsonb, now()) ON CONFLICT (dam_id) DO UPDATE SET instrumentation = EXCLUDED.instrumentation, updated_at = now();
INSERT INTO mpwrd_reservoir_levels (source_registry, report_date, reservoir_code, dam_id, basin_office, reservoir_name, reading_time, district, frl_m, live_capacity_at_frl_mcm, this_year_level_m, this_year_live_capacity_mcm, this_year_live_storage_percent, this_year_level_observed_date, this_year_is_stale, gate_count_open, gate_discharge_cumec, last_year_level_m, last_year_live_capacity_mcm, last_year_live_storage_percent, source_url, raw, fetched_at) VALUES ('MPWRD', '2026-05-25', '26569', 'MPWRD-26569', 'Chief Engineer Chambal Betwa Basin, Bhopal', 'Garetia Tank', '08:00:00', 'Bhopal', 434.43, 12.68, 434.43, 13.61, 100, '2025-09-09', TRUE, NULL, NULL, NULL, NULL, NULL, 'https://eims1.mpwrd.gov.in/fcmreport/control/main', '{"district": "Bhopal", "frl_m": "434.43", "gate_count_open": "", "gate_discharge_cumec": "", "last_year_level_m": "", "last_year_live_capacity_mcm": "", "last_year_live_storage_percent": "", "live_capacity_at_frl_mcm": "12.68", "reservoir": "Garetia Tank [26569]", "serial": "17.", "this_year_level_m": "434.43 *", "this_year_live_capacity_mcm": "13.61", "this_year_live_storage_percent": "100", "time": "08:00:00"}'::jsonb, now()) ON CONFLICT (source_registry, report_date, reservoir_code) DO UPDATE SET dam_id = EXCLUDED.dam_id, basin_office = EXCLUDED.basin_office, reservoir_name = EXCLUDED.reservoir_name, reading_time = EXCLUDED.reading_time, district = EXCLUDED.district, frl_m = EXCLUDED.frl_m, live_capacity_at_frl_mcm = EXCLUDED.live_capacity_at_frl_mcm, this_year_level_m = EXCLUDED.this_year_level_m, this_year_live_capacity_mcm = EXCLUDED.this_year_live_capacity_mcm, this_year_live_storage_percent = EXCLUDED.this_year_live_storage_percent, this_year_level_observed_date = EXCLUDED.this_year_level_observed_date, this_year_is_stale = EXCLUDED.this_year_is_stale, gate_count_open = EXCLUDED.gate_count_open, gate_discharge_cumec = EXCLUDED.gate_discharge_cumec, last_year_level_m = EXCLUDED.last_year_level_m, last_year_live_capacity_mcm = EXCLUDED.last_year_live_capacity_mcm, last_year_live_storage_percent = EXCLUDED.last_year_live_storage_percent, source_url = EXCLUDED.source_url, raw = EXCLUDED.raw, fetched_at = now();
INSERT INTO dams (dam_id, dam_name, state, district, river_basin, owner_agency, status, risk_class, safety_score, source_registry, source_record_id, source_publication_year, source_url, updated_at) VALUES ('MPWRD-39151', 'Ghoghara Project', 'Madhya Pradesh', 'Sehore', 'Chief Engineer Chambal Betwa Basin, Bhopal', 'Madhya Pradesh Water Resources Department', 'operational'::dam_status, 'low'::risk_class, 100.00, 'MPWRD', '39151', 2026, 'https://eims1.mpwrd.gov.in/fcmreport/control/main', now()) ON CONFLICT (dam_id) DO UPDATE SET dam_name = EXCLUDED.dam_name, state = EXCLUDED.state, district = EXCLUDED.district, river_basin = EXCLUDED.river_basin, owner_agency = EXCLUDED.owner_agency, status = EXCLUDED.status, risk_class = EXCLUDED.risk_class, safety_score = EXCLUDED.safety_score, source_registry = EXCLUDED.source_registry, source_record_id = EXCLUDED.source_record_id, source_publication_year = EXCLUDED.source_publication_year, source_url = EXCLUDED.source_url, updated_at = now();
INSERT INTO dam_reservoir (dam_id, reservoir_name, live_storage_mcm, current_storage_mcm, frl_m, updated_at) VALUES ('MPWRD-39151', 'Ghoghara Project', 17.43, 17.43, 341.00, now()) ON CONFLICT (dam_id) DO UPDATE SET reservoir_name = EXCLUDED.reservoir_name, live_storage_mcm = EXCLUDED.live_storage_mcm, current_storage_mcm = EXCLUDED.current_storage_mcm, frl_m = EXCLUDED.frl_m, updated_at = now();
INSERT INTO dam_engineering (dam_id, instrumentation, updated_at) VALUES ('MPWRD-39151', '{"basin_office": "Chief Engineer Chambal Betwa Basin, Bhopal", "gate_count_open": null, "gate_discharge_cumec": null, "last_year_level_m": null, "last_year_live_capacity_mcm": null, "last_year_live_storage_percent": null, "mpwrd_reservoir_code": "39151", "reading_time": "08:00:00", "this_year_is_stale": true, "this_year_level_observed_date": "2025-09-01"}'::jsonb, now()) ON CONFLICT (dam_id) DO UPDATE SET instrumentation = EXCLUDED.instrumentation, updated_at = now();
INSERT INTO mpwrd_reservoir_levels (source_registry, report_date, reservoir_code, dam_id, basin_office, reservoir_name, reading_time, district, frl_m, live_capacity_at_frl_mcm, this_year_level_m, this_year_live_capacity_mcm, this_year_live_storage_percent, this_year_level_observed_date, this_year_is_stale, gate_count_open, gate_discharge_cumec, last_year_level_m, last_year_live_capacity_mcm, last_year_live_storage_percent, source_url, raw, fetched_at) VALUES ('MPWRD', '2026-05-25', '39151', 'MPWRD-39151', 'Chief Engineer Chambal Betwa Basin, Bhopal', 'Ghoghara Project', '08:00:00', 'Sehore', 341.00, 17.43, 341.00, 17.43, 100, '2025-09-01', TRUE, NULL, NULL, NULL, NULL, NULL, 'https://eims1.mpwrd.gov.in/fcmreport/control/main', '{"district": "Sehore", "frl_m": "341.00", "gate_count_open": "", "gate_discharge_cumec": "", "last_year_level_m": "", "last_year_live_capacity_mcm": "", "last_year_live_storage_percent": "", "live_capacity_at_frl_mcm": "17.43", "reservoir": "Ghoghara Project [39151]", "serial": "18.", "this_year_level_m": "341.00 *", "this_year_live_capacity_mcm": "17.43", "this_year_live_storage_percent": "100", "time": "08:00:00"}'::jsonb, now()) ON CONFLICT (source_registry, report_date, reservoir_code) DO UPDATE SET dam_id = EXCLUDED.dam_id, basin_office = EXCLUDED.basin_office, reservoir_name = EXCLUDED.reservoir_name, reading_time = EXCLUDED.reading_time, district = EXCLUDED.district, frl_m = EXCLUDED.frl_m, live_capacity_at_frl_mcm = EXCLUDED.live_capacity_at_frl_mcm, this_year_level_m = EXCLUDED.this_year_level_m, this_year_live_capacity_mcm = EXCLUDED.this_year_live_capacity_mcm, this_year_live_storage_percent = EXCLUDED.this_year_live_storage_percent, this_year_level_observed_date = EXCLUDED.this_year_level_observed_date, this_year_is_stale = EXCLUDED.this_year_is_stale, gate_count_open = EXCLUDED.gate_count_open, gate_discharge_cumec = EXCLUDED.gate_discharge_cumec, last_year_level_m = EXCLUDED.last_year_level_m, last_year_live_capacity_mcm = EXCLUDED.last_year_live_capacity_mcm, last_year_live_storage_percent = EXCLUDED.last_year_live_storage_percent, source_url = EXCLUDED.source_url, raw = EXCLUDED.raw, fetched_at = now();
INSERT INTO dams (dam_id, dam_name, state, district, river_basin, owner_agency, status, risk_class, safety_score, source_registry, source_record_id, source_publication_year, source_url, updated_at) VALUES ('MPWRD-10057', 'Ghorapachhar Tank', 'Madhya Pradesh', 'Bhopal', 'Chief Engineer Chambal Betwa Basin, Bhopal', 'Madhya Pradesh Water Resources Department', 'operational'::dam_status, 'low'::risk_class, 100.00, 'MPWRD', '10057', 2026, 'https://eims1.mpwrd.gov.in/fcmreport/control/main', now()) ON CONFLICT (dam_id) DO UPDATE SET dam_name = EXCLUDED.dam_name, state = EXCLUDED.state, district = EXCLUDED.district, river_basin = EXCLUDED.river_basin, owner_agency = EXCLUDED.owner_agency, status = EXCLUDED.status, risk_class = EXCLUDED.risk_class, safety_score = EXCLUDED.safety_score, source_registry = EXCLUDED.source_registry, source_record_id = EXCLUDED.source_record_id, source_publication_year = EXCLUDED.source_publication_year, source_url = EXCLUDED.source_url, updated_at = now();
INSERT INTO dam_reservoir (dam_id, reservoir_name, live_storage_mcm, current_storage_mcm, frl_m, updated_at) VALUES ('MPWRD-10057', 'Ghorapachhar Tank', 11.57, 11.57, 477.29, now()) ON CONFLICT (dam_id) DO UPDATE SET reservoir_name = EXCLUDED.reservoir_name, live_storage_mcm = EXCLUDED.live_storage_mcm, current_storage_mcm = EXCLUDED.current_storage_mcm, frl_m = EXCLUDED.frl_m, updated_at = now();
INSERT INTO dam_engineering (dam_id, instrumentation, updated_at) VALUES ('MPWRD-10057', '{"basin_office": "Chief Engineer Chambal Betwa Basin, Bhopal", "gate_count_open": null, "gate_discharge_cumec": null, "last_year_level_m": null, "last_year_live_capacity_mcm": null, "last_year_live_storage_percent": null, "mpwrd_reservoir_code": "10057", "reading_time": "08:00:00", "this_year_is_stale": true, "this_year_level_observed_date": "2025-09-24"}'::jsonb, now()) ON CONFLICT (dam_id) DO UPDATE SET instrumentation = EXCLUDED.instrumentation, updated_at = now();
INSERT INTO mpwrd_reservoir_levels (source_registry, report_date, reservoir_code, dam_id, basin_office, reservoir_name, reading_time, district, frl_m, live_capacity_at_frl_mcm, this_year_level_m, this_year_live_capacity_mcm, this_year_live_storage_percent, this_year_level_observed_date, this_year_is_stale, gate_count_open, gate_discharge_cumec, last_year_level_m, last_year_live_capacity_mcm, last_year_live_storage_percent, source_url, raw, fetched_at) VALUES ('MPWRD', '2026-05-25', '10057', 'MPWRD-10057', 'Chief Engineer Chambal Betwa Basin, Bhopal', 'Ghorapachhar Tank', '08:00:00', 'Bhopal', 477.29, 11.57, 477.29, 11.57, 100, '2025-09-24', TRUE, NULL, NULL, NULL, NULL, NULL, 'https://eims1.mpwrd.gov.in/fcmreport/control/main', '{"district": "Bhopal", "frl_m": "477.29", "gate_count_open": "", "gate_discharge_cumec": "", "last_year_level_m": "", "last_year_live_capacity_mcm": "", "last_year_live_storage_percent": "", "live_capacity_at_frl_mcm": "11.57", "reservoir": "Ghorapachhar Tank [10057]", "serial": "19.", "this_year_level_m": "477.29 *", "this_year_live_capacity_mcm": "11.57", "this_year_live_storage_percent": "100", "time": "08:00:00"}'::jsonb, now()) ON CONFLICT (source_registry, report_date, reservoir_code) DO UPDATE SET dam_id = EXCLUDED.dam_id, basin_office = EXCLUDED.basin_office, reservoir_name = EXCLUDED.reservoir_name, reading_time = EXCLUDED.reading_time, district = EXCLUDED.district, frl_m = EXCLUDED.frl_m, live_capacity_at_frl_mcm = EXCLUDED.live_capacity_at_frl_mcm, this_year_level_m = EXCLUDED.this_year_level_m, this_year_live_capacity_mcm = EXCLUDED.this_year_live_capacity_mcm, this_year_live_storage_percent = EXCLUDED.this_year_live_storage_percent, this_year_level_observed_date = EXCLUDED.this_year_level_observed_date, this_year_is_stale = EXCLUDED.this_year_is_stale, gate_count_open = EXCLUDED.gate_count_open, gate_discharge_cumec = EXCLUDED.gate_discharge_cumec, last_year_level_m = EXCLUDED.last_year_level_m, last_year_live_capacity_mcm = EXCLUDED.last_year_live_capacity_mcm, last_year_live_storage_percent = EXCLUDED.last_year_live_storage_percent, source_url = EXCLUDED.source_url, raw = EXCLUDED.raw, fetched_at = now();
INSERT INTO dams (dam_id, dam_name, state, district, river_basin, owner_agency, status, risk_class, safety_score, source_registry, source_record_id, source_publication_year, source_url, updated_at) VALUES ('MPWRD-10119', 'Gopikrishn Sagar', 'Madhya Pradesh', 'Guna', 'Chief Engineer Chambal Betwa Basin, Bhopal', 'Madhya Pradesh Water Resources Department', 'operational'::dam_status, 'low'::risk_class, 93.00, 'MPWRD', '10119', 2026, 'https://eims1.mpwrd.gov.in/fcmreport/control/main', now()) ON CONFLICT (dam_id) DO UPDATE SET dam_name = EXCLUDED.dam_name, state = EXCLUDED.state, district = EXCLUDED.district, river_basin = EXCLUDED.river_basin, owner_agency = EXCLUDED.owner_agency, status = EXCLUDED.status, risk_class = EXCLUDED.risk_class, safety_score = EXCLUDED.safety_score, source_registry = EXCLUDED.source_registry, source_record_id = EXCLUDED.source_record_id, source_publication_year = EXCLUDED.source_publication_year, source_url = EXCLUDED.source_url, updated_at = now();
INSERT INTO dam_reservoir (dam_id, reservoir_name, live_storage_mcm, current_storage_mcm, frl_m, updated_at) VALUES ('MPWRD-10119', 'Gopikrishn Sagar', 78.10, 73.40, 434.00, now()) ON CONFLICT (dam_id) DO UPDATE SET reservoir_name = EXCLUDED.reservoir_name, live_storage_mcm = EXCLUDED.live_storage_mcm, current_storage_mcm = EXCLUDED.current_storage_mcm, frl_m = EXCLUDED.frl_m, updated_at = now();
INSERT INTO dam_engineering (dam_id, instrumentation, updated_at) VALUES ('MPWRD-10119', '{"basin_office": "Chief Engineer Chambal Betwa Basin, Bhopal", "gate_count_open": null, "gate_discharge_cumec": null, "last_year_level_m": null, "last_year_live_capacity_mcm": null, "last_year_live_storage_percent": null, "mpwrd_reservoir_code": "10119", "reading_time": "16:00:00", "this_year_is_stale": true, "this_year_level_observed_date": "2025-12-08"}'::jsonb, now()) ON CONFLICT (dam_id) DO UPDATE SET instrumentation = EXCLUDED.instrumentation, updated_at = now();
INSERT INTO mpwrd_reservoir_levels (source_registry, report_date, reservoir_code, dam_id, basin_office, reservoir_name, reading_time, district, frl_m, live_capacity_at_frl_mcm, this_year_level_m, this_year_live_capacity_mcm, this_year_live_storage_percent, this_year_level_observed_date, this_year_is_stale, gate_count_open, gate_discharge_cumec, last_year_level_m, last_year_live_capacity_mcm, last_year_live_storage_percent, source_url, raw, fetched_at) VALUES ('MPWRD', '2026-05-25', '10119', 'MPWRD-10119', 'Chief Engineer Chambal Betwa Basin, Bhopal', 'Gopikrishn Sagar', '16:00:00', 'Guna', 434.00, 78.10, 433.58, 73.40, 93, '2025-12-08', TRUE, NULL, NULL, NULL, NULL, NULL, 'https://eims1.mpwrd.gov.in/fcmreport/control/main', '{"district": "Guna", "frl_m": "434.00", "gate_count_open": "", "gate_discharge_cumec": "", "last_year_level_m": "", "last_year_live_capacity_mcm": "", "last_year_live_storage_percent": "", "live_capacity_at_frl_mcm": "78.10", "reservoir": "Gopikrishn Sagar [10119]", "serial": "20.", "this_year_level_m": "433.58*", "this_year_live_capacity_mcm": "73.40", "this_year_live_storage_percent": "93", "time": "16:00:00"}'::jsonb, now()) ON CONFLICT (source_registry, report_date, reservoir_code) DO UPDATE SET dam_id = EXCLUDED.dam_id, basin_office = EXCLUDED.basin_office, reservoir_name = EXCLUDED.reservoir_name, reading_time = EXCLUDED.reading_time, district = EXCLUDED.district, frl_m = EXCLUDED.frl_m, live_capacity_at_frl_mcm = EXCLUDED.live_capacity_at_frl_mcm, this_year_level_m = EXCLUDED.this_year_level_m, this_year_live_capacity_mcm = EXCLUDED.this_year_live_capacity_mcm, this_year_live_storage_percent = EXCLUDED.this_year_live_storage_percent, this_year_level_observed_date = EXCLUDED.this_year_level_observed_date, this_year_is_stale = EXCLUDED.this_year_is_stale, gate_count_open = EXCLUDED.gate_count_open, gate_discharge_cumec = EXCLUDED.gate_discharge_cumec, last_year_level_m = EXCLUDED.last_year_level_m, last_year_live_capacity_mcm = EXCLUDED.last_year_live_capacity_mcm, last_year_live_storage_percent = EXCLUDED.last_year_live_storage_percent, source_url = EXCLUDED.source_url, raw = EXCLUDED.raw, fetched_at = now();
INSERT INTO dams (dam_id, dam_name, state, district, river_basin, owner_agency, status, risk_class, safety_score, source_registry, source_record_id, source_publication_year, source_url, updated_at) VALUES ('MPWRD-32207', 'Gorakhpura Tank', 'Madhya Pradesh', 'Rajgarh', 'Chief Engineer Chambal Betwa Basin, Bhopal', 'Madhya Pradesh Water Resources Department', 'operational'::dam_status, 'low'::risk_class, 100.00, 'MPWRD', '32207', 2026, 'https://eims1.mpwrd.gov.in/fcmreport/control/main', now()) ON CONFLICT (dam_id) DO UPDATE SET dam_name = EXCLUDED.dam_name, state = EXCLUDED.state, district = EXCLUDED.district, river_basin = EXCLUDED.river_basin, owner_agency = EXCLUDED.owner_agency, status = EXCLUDED.status, risk_class = EXCLUDED.risk_class, safety_score = EXCLUDED.safety_score, source_registry = EXCLUDED.source_registry, source_record_id = EXCLUDED.source_record_id, source_publication_year = EXCLUDED.source_publication_year, source_url = EXCLUDED.source_url, updated_at = now();
INSERT INTO dam_reservoir (dam_id, reservoir_name, live_storage_mcm, current_storage_mcm, frl_m, updated_at) VALUES ('MPWRD-32207', 'Gorakhpura Tank', 8.84, 8.84, 409.90, now()) ON CONFLICT (dam_id) DO UPDATE SET reservoir_name = EXCLUDED.reservoir_name, live_storage_mcm = EXCLUDED.live_storage_mcm, current_storage_mcm = EXCLUDED.current_storage_mcm, frl_m = EXCLUDED.frl_m, updated_at = now();
INSERT INTO dam_engineering (dam_id, instrumentation, updated_at) VALUES ('MPWRD-32207', '{"basin_office": "Chief Engineer Chambal Betwa Basin, Bhopal", "gate_count_open": null, "gate_discharge_cumec": null, "last_year_level_m": null, "last_year_live_capacity_mcm": null, "last_year_live_storage_percent": null, "mpwrd_reservoir_code": "32207", "reading_time": "08:00:00", "this_year_is_stale": true, "this_year_level_observed_date": "2025-07-31"}'::jsonb, now()) ON CONFLICT (dam_id) DO UPDATE SET instrumentation = EXCLUDED.instrumentation, updated_at = now();
INSERT INTO mpwrd_reservoir_levels (source_registry, report_date, reservoir_code, dam_id, basin_office, reservoir_name, reading_time, district, frl_m, live_capacity_at_frl_mcm, this_year_level_m, this_year_live_capacity_mcm, this_year_live_storage_percent, this_year_level_observed_date, this_year_is_stale, gate_count_open, gate_discharge_cumec, last_year_level_m, last_year_live_capacity_mcm, last_year_live_storage_percent, source_url, raw, fetched_at) VALUES ('MPWRD', '2026-05-25', '32207', 'MPWRD-32207', 'Chief Engineer Chambal Betwa Basin, Bhopal', 'Gorakhpura Tank', '08:00:00', 'Rajgarh', 409.90, 8.84, 409.90, 8.84, 100, '2025-07-31', TRUE, NULL, NULL, NULL, NULL, NULL, 'https://eims1.mpwrd.gov.in/fcmreport/control/main', '{"district": "Rajgarh", "frl_m": "409.90", "gate_count_open": "", "gate_discharge_cumec": "", "last_year_level_m": "", "last_year_live_capacity_mcm": "", "last_year_live_storage_percent": "", "live_capacity_at_frl_mcm": "8.84", "reservoir": "Gorakhpura Tank [32207]", "serial": "21.", "this_year_level_m": "409.90 *", "this_year_live_capacity_mcm": "8.84", "this_year_live_storage_percent": "100", "time": "08:00:00"}'::jsonb, now()) ON CONFLICT (source_registry, report_date, reservoir_code) DO UPDATE SET dam_id = EXCLUDED.dam_id, basin_office = EXCLUDED.basin_office, reservoir_name = EXCLUDED.reservoir_name, reading_time = EXCLUDED.reading_time, district = EXCLUDED.district, frl_m = EXCLUDED.frl_m, live_capacity_at_frl_mcm = EXCLUDED.live_capacity_at_frl_mcm, this_year_level_m = EXCLUDED.this_year_level_m, this_year_live_capacity_mcm = EXCLUDED.this_year_live_capacity_mcm, this_year_live_storage_percent = EXCLUDED.this_year_live_storage_percent, this_year_level_observed_date = EXCLUDED.this_year_level_observed_date, this_year_is_stale = EXCLUDED.this_year_is_stale, gate_count_open = EXCLUDED.gate_count_open, gate_discharge_cumec = EXCLUDED.gate_discharge_cumec, last_year_level_m = EXCLUDED.last_year_level_m, last_year_live_capacity_mcm = EXCLUDED.last_year_live_capacity_mcm, last_year_live_storage_percent = EXCLUDED.last_year_live_storage_percent, source_url = EXCLUDED.source_url, raw = EXCLUDED.raw, fetched_at = now();
INSERT INTO dams (dam_id, dam_name, state, district, river_basin, owner_agency, status, risk_class, safety_score, source_registry, source_record_id, source_publication_year, source_url, updated_at) VALUES ('MPWRD-10054', 'Hathaikheda Dam', 'Madhya Pradesh', 'Bhopal', 'Chief Engineer Chambal Betwa Basin, Bhopal', 'Madhya Pradesh Water Resources Department', 'operational'::dam_status, 'low'::risk_class, 100.00, 'MPWRD', '10054', 2026, 'https://eims1.mpwrd.gov.in/fcmreport/control/main', now()) ON CONFLICT (dam_id) DO UPDATE SET dam_name = EXCLUDED.dam_name, state = EXCLUDED.state, district = EXCLUDED.district, river_basin = EXCLUDED.river_basin, owner_agency = EXCLUDED.owner_agency, status = EXCLUDED.status, risk_class = EXCLUDED.risk_class, safety_score = EXCLUDED.safety_score, source_registry = EXCLUDED.source_registry, source_record_id = EXCLUDED.source_record_id, source_publication_year = EXCLUDED.source_publication_year, source_url = EXCLUDED.source_url, updated_at = now();
INSERT INTO dam_reservoir (dam_id, reservoir_name, live_storage_mcm, current_storage_mcm, frl_m, updated_at) VALUES ('MPWRD-10054', 'Hathaikheda Dam', 15.22, 15.34, 474.09, now()) ON CONFLICT (dam_id) DO UPDATE SET reservoir_name = EXCLUDED.reservoir_name, live_storage_mcm = EXCLUDED.live_storage_mcm, current_storage_mcm = EXCLUDED.current_storage_mcm, frl_m = EXCLUDED.frl_m, updated_at = now();
INSERT INTO dam_engineering (dam_id, instrumentation, updated_at) VALUES ('MPWRD-10054', '{"basin_office": "Chief Engineer Chambal Betwa Basin, Bhopal", "gate_count_open": null, "gate_discharge_cumec": null, "last_year_level_m": null, "last_year_live_capacity_mcm": null, "last_year_live_storage_percent": null, "mpwrd_reservoir_code": "10054", "reading_time": "08:00:00", "this_year_is_stale": true, "this_year_level_observed_date": "2025-09-24"}'::jsonb, now()) ON CONFLICT (dam_id) DO UPDATE SET instrumentation = EXCLUDED.instrumentation, updated_at = now();
INSERT INTO mpwrd_reservoir_levels (source_registry, report_date, reservoir_code, dam_id, basin_office, reservoir_name, reading_time, district, frl_m, live_capacity_at_frl_mcm, this_year_level_m, this_year_live_capacity_mcm, this_year_live_storage_percent, this_year_level_observed_date, this_year_is_stale, gate_count_open, gate_discharge_cumec, last_year_level_m, last_year_live_capacity_mcm, last_year_live_storage_percent, source_url, raw, fetched_at) VALUES ('MPWRD', '2026-05-25', '10054', 'MPWRD-10054', 'Chief Engineer Chambal Betwa Basin, Bhopal', 'Hathaikheda Dam', '08:00:00', 'Bhopal', 474.09, 15.22, 474.11, 15.34, 100, '2025-09-24', TRUE, NULL, NULL, NULL, NULL, NULL, 'https://eims1.mpwrd.gov.in/fcmreport/control/main', '{"district": "Bhopal", "frl_m": "474.09", "gate_count_open": "", "gate_discharge_cumec": "", "last_year_level_m": "", "last_year_live_capacity_mcm": "", "last_year_live_storage_percent": "", "live_capacity_at_frl_mcm": "15.22", "reservoir": "Hathaikheda Dam [10054]", "serial": "22.", "this_year_level_m": "474.11 *", "this_year_live_capacity_mcm": "15.34", "this_year_live_storage_percent": "100", "time": "08:00:00"}'::jsonb, now()) ON CONFLICT (source_registry, report_date, reservoir_code) DO UPDATE SET dam_id = EXCLUDED.dam_id, basin_office = EXCLUDED.basin_office, reservoir_name = EXCLUDED.reservoir_name, reading_time = EXCLUDED.reading_time, district = EXCLUDED.district, frl_m = EXCLUDED.frl_m, live_capacity_at_frl_mcm = EXCLUDED.live_capacity_at_frl_mcm, this_year_level_m = EXCLUDED.this_year_level_m, this_year_live_capacity_mcm = EXCLUDED.this_year_live_capacity_mcm, this_year_live_storage_percent = EXCLUDED.this_year_live_storage_percent, this_year_level_observed_date = EXCLUDED.this_year_level_observed_date, this_year_is_stale = EXCLUDED.this_year_is_stale, gate_count_open = EXCLUDED.gate_count_open, gate_discharge_cumec = EXCLUDED.gate_discharge_cumec, last_year_level_m = EXCLUDED.last_year_level_m, last_year_live_capacity_mcm = EXCLUDED.last_year_live_capacity_mcm, last_year_live_storage_percent = EXCLUDED.last_year_live_storage_percent, source_url = EXCLUDED.source_url, raw = EXCLUDED.raw, fetched_at = now();
INSERT INTO dams (dam_id, dam_name, state, district, river_basin, owner_agency, status, risk_class, safety_score, source_registry, source_record_id, source_publication_year, source_url, updated_at) VALUES ('MPWRD-11195', 'Jajon Tank', 'Madhya Pradesh', 'Vidisha', 'Chief Engineer Chambal Betwa Basin, Bhopal', 'Madhya Pradesh Water Resources Department', 'operational'::dam_status, 'low'::risk_class, 100.00, 'MPWRD', '11195', 2026, 'https://eims1.mpwrd.gov.in/fcmreport/control/main', now()) ON CONFLICT (dam_id) DO UPDATE SET dam_name = EXCLUDED.dam_name, state = EXCLUDED.state, district = EXCLUDED.district, river_basin = EXCLUDED.river_basin, owner_agency = EXCLUDED.owner_agency, status = EXCLUDED.status, risk_class = EXCLUDED.risk_class, safety_score = EXCLUDED.safety_score, source_registry = EXCLUDED.source_registry, source_record_id = EXCLUDED.source_record_id, source_publication_year = EXCLUDED.source_publication_year, source_url = EXCLUDED.source_url, updated_at = now();
INSERT INTO dam_reservoir (dam_id, reservoir_name, live_storage_mcm, current_storage_mcm, frl_m, updated_at) VALUES ('MPWRD-11195', 'Jajon Tank', 6.89, 6.89, 435.25, now()) ON CONFLICT (dam_id) DO UPDATE SET reservoir_name = EXCLUDED.reservoir_name, live_storage_mcm = EXCLUDED.live_storage_mcm, current_storage_mcm = EXCLUDED.current_storage_mcm, frl_m = EXCLUDED.frl_m, updated_at = now();
INSERT INTO dam_engineering (dam_id, instrumentation, updated_at) VALUES ('MPWRD-11195', '{"basin_office": "Chief Engineer Chambal Betwa Basin, Bhopal", "gate_count_open": null, "gate_discharge_cumec": null, "last_year_level_m": null, "last_year_live_capacity_mcm": null, "last_year_live_storage_percent": null, "mpwrd_reservoir_code": "11195", "reading_time": "08:00:00", "this_year_is_stale": true, "this_year_level_observed_date": "2025-09-23"}'::jsonb, now()) ON CONFLICT (dam_id) DO UPDATE SET instrumentation = EXCLUDED.instrumentation, updated_at = now();
INSERT INTO mpwrd_reservoir_levels (source_registry, report_date, reservoir_code, dam_id, basin_office, reservoir_name, reading_time, district, frl_m, live_capacity_at_frl_mcm, this_year_level_m, this_year_live_capacity_mcm, this_year_live_storage_percent, this_year_level_observed_date, this_year_is_stale, gate_count_open, gate_discharge_cumec, last_year_level_m, last_year_live_capacity_mcm, last_year_live_storage_percent, source_url, raw, fetched_at) VALUES ('MPWRD', '2026-05-25', '11195', 'MPWRD-11195', 'Chief Engineer Chambal Betwa Basin, Bhopal', 'Jajon Tank', '08:00:00', 'Vidisha', 435.25, 6.89, 435.25, 6.89, 100, '2025-09-23', TRUE, NULL, NULL, NULL, NULL, NULL, 'https://eims1.mpwrd.gov.in/fcmreport/control/main', '{"district": "Vidisha", "frl_m": "435.25", "gate_count_open": "", "gate_discharge_cumec": "", "last_year_level_m": "", "last_year_live_capacity_mcm": "", "last_year_live_storage_percent": "", "live_capacity_at_frl_mcm": "6.89", "reservoir": "Jajon Tank [11195]", "serial": "23.", "this_year_level_m": "435.25 *", "this_year_live_capacity_mcm": "6.89", "this_year_live_storage_percent": "100", "time": "08:00:00"}'::jsonb, now()) ON CONFLICT (source_registry, report_date, reservoir_code) DO UPDATE SET dam_id = EXCLUDED.dam_id, basin_office = EXCLUDED.basin_office, reservoir_name = EXCLUDED.reservoir_name, reading_time = EXCLUDED.reading_time, district = EXCLUDED.district, frl_m = EXCLUDED.frl_m, live_capacity_at_frl_mcm = EXCLUDED.live_capacity_at_frl_mcm, this_year_level_m = EXCLUDED.this_year_level_m, this_year_live_capacity_mcm = EXCLUDED.this_year_live_capacity_mcm, this_year_live_storage_percent = EXCLUDED.this_year_live_storage_percent, this_year_level_observed_date = EXCLUDED.this_year_level_observed_date, this_year_is_stale = EXCLUDED.this_year_is_stale, gate_count_open = EXCLUDED.gate_count_open, gate_discharge_cumec = EXCLUDED.gate_discharge_cumec, last_year_level_m = EXCLUDED.last_year_level_m, last_year_live_capacity_mcm = EXCLUDED.last_year_live_capacity_mcm, last_year_live_storage_percent = EXCLUDED.last_year_live_storage_percent, source_url = EXCLUDED.source_url, raw = EXCLUDED.raw, fetched_at = now();
INSERT INTO dams (dam_id, dam_name, state, district, river_basin, owner_agency, status, risk_class, safety_score, source_registry, source_record_id, source_publication_year, source_url, updated_at) VALUES ('MPWRD-28438', 'Kalapipal Tank', 'Madhya Pradesh', 'Bhopal', 'Chief Engineer Chambal Betwa Basin, Bhopal', 'Madhya Pradesh Water Resources Department', 'operational'::dam_status, 'low'::risk_class, 100.00, 'MPWRD', '28438', 2026, 'https://eims1.mpwrd.gov.in/fcmreport/control/main', now()) ON CONFLICT (dam_id) DO UPDATE SET dam_name = EXCLUDED.dam_name, state = EXCLUDED.state, district = EXCLUDED.district, river_basin = EXCLUDED.river_basin, owner_agency = EXCLUDED.owner_agency, status = EXCLUDED.status, risk_class = EXCLUDED.risk_class, safety_score = EXCLUDED.safety_score, source_registry = EXCLUDED.source_registry, source_record_id = EXCLUDED.source_record_id, source_publication_year = EXCLUDED.source_publication_year, source_url = EXCLUDED.source_url, updated_at = now();
INSERT INTO dam_reservoir (dam_id, reservoir_name, live_storage_mcm, current_storage_mcm, frl_m, updated_at) VALUES ('MPWRD-28438', 'Kalapipal Tank', 11.19, 11.19, 96.20, now()) ON CONFLICT (dam_id) DO UPDATE SET reservoir_name = EXCLUDED.reservoir_name, live_storage_mcm = EXCLUDED.live_storage_mcm, current_storage_mcm = EXCLUDED.current_storage_mcm, frl_m = EXCLUDED.frl_m, updated_at = now();
INSERT INTO dam_engineering (dam_id, instrumentation, updated_at) VALUES ('MPWRD-28438', '{"basin_office": "Chief Engineer Chambal Betwa Basin, Bhopal", "gate_count_open": null, "gate_discharge_cumec": null, "last_year_level_m": null, "last_year_live_capacity_mcm": null, "last_year_live_storage_percent": null, "mpwrd_reservoir_code": "28438", "reading_time": "08:00:00", "this_year_is_stale": true, "this_year_level_observed_date": "2025-07-30"}'::jsonb, now()) ON CONFLICT (dam_id) DO UPDATE SET instrumentation = EXCLUDED.instrumentation, updated_at = now();
INSERT INTO mpwrd_reservoir_levels (source_registry, report_date, reservoir_code, dam_id, basin_office, reservoir_name, reading_time, district, frl_m, live_capacity_at_frl_mcm, this_year_level_m, this_year_live_capacity_mcm, this_year_live_storage_percent, this_year_level_observed_date, this_year_is_stale, gate_count_open, gate_discharge_cumec, last_year_level_m, last_year_live_capacity_mcm, last_year_live_storage_percent, source_url, raw, fetched_at) VALUES ('MPWRD', '2026-05-25', '28438', 'MPWRD-28438', 'Chief Engineer Chambal Betwa Basin, Bhopal', 'Kalapipal Tank', '08:00:00', 'Bhopal', 96.20, 11.19, 96.20, 11.19, 100, '2025-07-30', TRUE, NULL, NULL, NULL, NULL, NULL, 'https://eims1.mpwrd.gov.in/fcmreport/control/main', '{"district": "Bhopal", "frl_m": "96.20", "gate_count_open": "", "gate_discharge_cumec": "", "last_year_level_m": "", "last_year_live_capacity_mcm": "", "last_year_live_storage_percent": "", "live_capacity_at_frl_mcm": "11.19", "reservoir": "Kalapipal Tank [28438]", "serial": "24.", "this_year_level_m": "96.20 *", "this_year_live_capacity_mcm": "11.19", "this_year_live_storage_percent": "100", "time": "08:00:00"}'::jsonb, now()) ON CONFLICT (source_registry, report_date, reservoir_code) DO UPDATE SET dam_id = EXCLUDED.dam_id, basin_office = EXCLUDED.basin_office, reservoir_name = EXCLUDED.reservoir_name, reading_time = EXCLUDED.reading_time, district = EXCLUDED.district, frl_m = EXCLUDED.frl_m, live_capacity_at_frl_mcm = EXCLUDED.live_capacity_at_frl_mcm, this_year_level_m = EXCLUDED.this_year_level_m, this_year_live_capacity_mcm = EXCLUDED.this_year_live_capacity_mcm, this_year_live_storage_percent = EXCLUDED.this_year_live_storage_percent, this_year_level_observed_date = EXCLUDED.this_year_level_observed_date, this_year_is_stale = EXCLUDED.this_year_is_stale, gate_count_open = EXCLUDED.gate_count_open, gate_discharge_cumec = EXCLUDED.gate_discharge_cumec, last_year_level_m = EXCLUDED.last_year_level_m, last_year_live_capacity_mcm = EXCLUDED.last_year_live_capacity_mcm, last_year_live_storage_percent = EXCLUDED.last_year_live_storage_percent, source_url = EXCLUDED.source_url, raw = EXCLUDED.raw, fetched_at = now();
INSERT INTO dams (dam_id, dam_name, state, district, river_basin, owner_agency, status, risk_class, safety_score, source_registry, source_record_id, source_publication_year, source_url, updated_at) VALUES ('MPWRD-10050', 'Kaliasote Dam', 'Madhya Pradesh', 'Bhopal', 'Chief Engineer Chambal Betwa Basin, Bhopal', 'Madhya Pradesh Water Resources Department', 'operational'::dam_status, 'low'::risk_class, 99.00, 'MPWRD', '10050', 2026, 'https://eims1.mpwrd.gov.in/fcmreport/control/main', now()) ON CONFLICT (dam_id) DO UPDATE SET dam_name = EXCLUDED.dam_name, state = EXCLUDED.state, district = EXCLUDED.district, river_basin = EXCLUDED.river_basin, owner_agency = EXCLUDED.owner_agency, status = EXCLUDED.status, risk_class = EXCLUDED.risk_class, safety_score = EXCLUDED.safety_score, source_registry = EXCLUDED.source_registry, source_record_id = EXCLUDED.source_record_id, source_publication_year = EXCLUDED.source_publication_year, source_url = EXCLUDED.source_url, updated_at = now();
INSERT INTO dam_reservoir (dam_id, reservoir_name, live_storage_mcm, current_storage_mcm, frl_m, updated_at) VALUES ('MPWRD-10050', 'Kaliasote Dam', 34.41, 34.32, 505.67, now()) ON CONFLICT (dam_id) DO UPDATE SET reservoir_name = EXCLUDED.reservoir_name, live_storage_mcm = EXCLUDED.live_storage_mcm, current_storage_mcm = EXCLUDED.current_storage_mcm, frl_m = EXCLUDED.frl_m, updated_at = now();
INSERT INTO dam_engineering (dam_id, instrumentation, updated_at) VALUES ('MPWRD-10050', '{"basin_office": "Chief Engineer Chambal Betwa Basin, Bhopal", "gate_count_open": null, "gate_discharge_cumec": null, "last_year_level_m": null, "last_year_live_capacity_mcm": null, "last_year_live_storage_percent": null, "mpwrd_reservoir_code": "10050", "reading_time": "08:00:00", "this_year_is_stale": true, "this_year_level_observed_date": "2025-09-25"}'::jsonb, now()) ON CONFLICT (dam_id) DO UPDATE SET instrumentation = EXCLUDED.instrumentation, updated_at = now();
INSERT INTO mpwrd_reservoir_levels (source_registry, report_date, reservoir_code, dam_id, basin_office, reservoir_name, reading_time, district, frl_m, live_capacity_at_frl_mcm, this_year_level_m, this_year_live_capacity_mcm, this_year_live_storage_percent, this_year_level_observed_date, this_year_is_stale, gate_count_open, gate_discharge_cumec, last_year_level_m, last_year_live_capacity_mcm, last_year_live_storage_percent, source_url, raw, fetched_at) VALUES ('MPWRD', '2026-05-25', '10050', 'MPWRD-10050', 'Chief Engineer Chambal Betwa Basin, Bhopal', 'Kaliasote Dam', '08:00:00', 'Bhopal', 505.67, 34.41, 505.65, 34.32, 99, '2025-09-25', TRUE, NULL, NULL, NULL, NULL, NULL, 'https://eims1.mpwrd.gov.in/fcmreport/control/main', '{"district": "Bhopal", "frl_m": "505.67", "gate_count_open": "", "gate_discharge_cumec": "", "last_year_level_m": "", "last_year_live_capacity_mcm": "", "last_year_live_storage_percent": "", "live_capacity_at_frl_mcm": "34.41", "reservoir": "Kaliasote Dam [10050]", "serial": "25.", "this_year_level_m": "505.65*", "this_year_live_capacity_mcm": "34.32", "this_year_live_storage_percent": "99", "time": "08:00:00"}'::jsonb, now()) ON CONFLICT (source_registry, report_date, reservoir_code) DO UPDATE SET dam_id = EXCLUDED.dam_id, basin_office = EXCLUDED.basin_office, reservoir_name = EXCLUDED.reservoir_name, reading_time = EXCLUDED.reading_time, district = EXCLUDED.district, frl_m = EXCLUDED.frl_m, live_capacity_at_frl_mcm = EXCLUDED.live_capacity_at_frl_mcm, this_year_level_m = EXCLUDED.this_year_level_m, this_year_live_capacity_mcm = EXCLUDED.this_year_live_capacity_mcm, this_year_live_storage_percent = EXCLUDED.this_year_live_storage_percent, this_year_level_observed_date = EXCLUDED.this_year_level_observed_date, this_year_is_stale = EXCLUDED.this_year_is_stale, gate_count_open = EXCLUDED.gate_count_open, gate_discharge_cumec = EXCLUDED.gate_discharge_cumec, last_year_level_m = EXCLUDED.last_year_level_m, last_year_live_capacity_mcm = EXCLUDED.last_year_live_capacity_mcm, last_year_live_storage_percent = EXCLUDED.last_year_live_storage_percent, source_url = EXCLUDED.source_url, raw = EXCLUDED.raw, fetched_at = now();
INSERT INTO dams (dam_id, dam_name, state, district, river_basin, owner_agency, status, risk_class, safety_score, source_registry, source_record_id, source_publication_year, source_url, updated_at) VALUES ('MPWRD-10052', 'Kerwan Dam', 'Madhya Pradesh', 'Bhopal', 'Chief Engineer Chambal Betwa Basin, Bhopal', 'Madhya Pradesh Water Resources Department', 'operational'::dam_status, 'low'::risk_class, 81.00, 'MPWRD', '10052', 2026, 'https://eims1.mpwrd.gov.in/fcmreport/control/main', now()) ON CONFLICT (dam_id) DO UPDATE SET dam_name = EXCLUDED.dam_name, state = EXCLUDED.state, district = EXCLUDED.district, river_basin = EXCLUDED.river_basin, owner_agency = EXCLUDED.owner_agency, status = EXCLUDED.status, risk_class = EXCLUDED.risk_class, safety_score = EXCLUDED.safety_score, source_registry = EXCLUDED.source_registry, source_record_id = EXCLUDED.source_record_id, source_publication_year = EXCLUDED.source_publication_year, source_url = EXCLUDED.source_url, updated_at = now();
INSERT INTO dam_reservoir (dam_id, reservoir_name, live_storage_mcm, current_storage_mcm, frl_m, updated_at) VALUES ('MPWRD-10052', 'Kerwan Dam', 22.56, 18.37, 509.93, now()) ON CONFLICT (dam_id) DO UPDATE SET reservoir_name = EXCLUDED.reservoir_name, live_storage_mcm = EXCLUDED.live_storage_mcm, current_storage_mcm = EXCLUDED.current_storage_mcm, frl_m = EXCLUDED.frl_m, updated_at = now();
INSERT INTO dam_engineering (dam_id, instrumentation, updated_at) VALUES ('MPWRD-10052', '{"basin_office": "Chief Engineer Chambal Betwa Basin, Bhopal", "gate_count_open": null, "gate_discharge_cumec": null, "last_year_level_m": null, "last_year_live_capacity_mcm": null, "last_year_live_storage_percent": null, "mpwrd_reservoir_code": "10052", "reading_time": "08:00:00", "this_year_is_stale": true, "this_year_level_observed_date": "2025-09-25"}'::jsonb, now()) ON CONFLICT (dam_id) DO UPDATE SET instrumentation = EXCLUDED.instrumentation, updated_at = now();
INSERT INTO mpwrd_reservoir_levels (source_registry, report_date, reservoir_code, dam_id, basin_office, reservoir_name, reading_time, district, frl_m, live_capacity_at_frl_mcm, this_year_level_m, this_year_live_capacity_mcm, this_year_live_storage_percent, this_year_level_observed_date, this_year_is_stale, gate_count_open, gate_discharge_cumec, last_year_level_m, last_year_live_capacity_mcm, last_year_live_storage_percent, source_url, raw, fetched_at) VALUES ('MPWRD', '2026-05-25', '10052', 'MPWRD-10052', 'Chief Engineer Chambal Betwa Basin, Bhopal', 'Kerwan Dam', '08:00:00', 'Bhopal', 509.93, 22.56, 509.02, 18.37, 81, '2025-09-25', TRUE, NULL, NULL, NULL, NULL, NULL, 'https://eims1.mpwrd.gov.in/fcmreport/control/main', '{"district": "Bhopal", "frl_m": "509.93", "gate_count_open": "", "gate_discharge_cumec": "", "last_year_level_m": "", "last_year_live_capacity_mcm": "", "last_year_live_storage_percent": "", "live_capacity_at_frl_mcm": "22.56", "reservoir": "Kerwan Dam [10052]", "serial": "26.", "this_year_level_m": "509.02*", "this_year_live_capacity_mcm": "18.37", "this_year_live_storage_percent": "81", "time": "08:00:00"}'::jsonb, now()) ON CONFLICT (source_registry, report_date, reservoir_code) DO UPDATE SET dam_id = EXCLUDED.dam_id, basin_office = EXCLUDED.basin_office, reservoir_name = EXCLUDED.reservoir_name, reading_time = EXCLUDED.reading_time, district = EXCLUDED.district, frl_m = EXCLUDED.frl_m, live_capacity_at_frl_mcm = EXCLUDED.live_capacity_at_frl_mcm, this_year_level_m = EXCLUDED.this_year_level_m, this_year_live_capacity_mcm = EXCLUDED.this_year_live_capacity_mcm, this_year_live_storage_percent = EXCLUDED.this_year_live_storage_percent, this_year_level_observed_date = EXCLUDED.this_year_level_observed_date, this_year_is_stale = EXCLUDED.this_year_is_stale, gate_count_open = EXCLUDED.gate_count_open, gate_discharge_cumec = EXCLUDED.gate_discharge_cumec, last_year_level_m = EXCLUDED.last_year_level_m, last_year_live_capacity_mcm = EXCLUDED.last_year_live_capacity_mcm, last_year_live_storage_percent = EXCLUDED.last_year_live_storage_percent, source_url = EXCLUDED.source_url, raw = EXCLUDED.raw, fetched_at = now();
INSERT INTO dams (dam_id, dam_name, state, district, river_basin, owner_agency, status, risk_class, safety_score, source_registry, source_record_id, source_publication_year, source_url, updated_at) VALUES ('MPWRD-10083', 'Kethan Dam', 'Madhya Pradesh', 'Vidisha', 'Chief Engineer Chambal Betwa Basin, Bhopal', 'Madhya Pradesh Water Resources Department', 'operational'::dam_status, 'low'::risk_class, 100.00, 'MPWRD', '10083', 2026, 'https://eims1.mpwrd.gov.in/fcmreport/control/main', now()) ON CONFLICT (dam_id) DO UPDATE SET dam_name = EXCLUDED.dam_name, state = EXCLUDED.state, district = EXCLUDED.district, river_basin = EXCLUDED.river_basin, owner_agency = EXCLUDED.owner_agency, status = EXCLUDED.status, risk_class = EXCLUDED.risk_class, safety_score = EXCLUDED.safety_score, source_registry = EXCLUDED.source_registry, source_record_id = EXCLUDED.source_record_id, source_publication_year = EXCLUDED.source_publication_year, source_url = EXCLUDED.source_url, updated_at = now();
INSERT INTO dam_reservoir (dam_id, reservoir_name, live_storage_mcm, current_storage_mcm, frl_m, updated_at) VALUES ('MPWRD-10083', 'Kethan Dam', 21.67, 21.67, 482.86, now()) ON CONFLICT (dam_id) DO UPDATE SET reservoir_name = EXCLUDED.reservoir_name, live_storage_mcm = EXCLUDED.live_storage_mcm, current_storage_mcm = EXCLUDED.current_storage_mcm, frl_m = EXCLUDED.frl_m, updated_at = now();
INSERT INTO dam_engineering (dam_id, instrumentation, updated_at) VALUES ('MPWRD-10083', '{"basin_office": "Chief Engineer Chambal Betwa Basin, Bhopal", "gate_count_open": null, "gate_discharge_cumec": null, "last_year_level_m": null, "last_year_live_capacity_mcm": null, "last_year_live_storage_percent": null, "mpwrd_reservoir_code": "10083", "reading_time": "08:00:00", "this_year_is_stale": true, "this_year_level_observed_date": "2025-09-24"}'::jsonb, now()) ON CONFLICT (dam_id) DO UPDATE SET instrumentation = EXCLUDED.instrumentation, updated_at = now();
INSERT INTO mpwrd_reservoir_levels (source_registry, report_date, reservoir_code, dam_id, basin_office, reservoir_name, reading_time, district, frl_m, live_capacity_at_frl_mcm, this_year_level_m, this_year_live_capacity_mcm, this_year_live_storage_percent, this_year_level_observed_date, this_year_is_stale, gate_count_open, gate_discharge_cumec, last_year_level_m, last_year_live_capacity_mcm, last_year_live_storage_percent, source_url, raw, fetched_at) VALUES ('MPWRD', '2026-05-25', '10083', 'MPWRD-10083', 'Chief Engineer Chambal Betwa Basin, Bhopal', 'Kethan Dam', '08:00:00', 'Vidisha', 482.86, 21.67, 482.86, 21.67, 100, '2025-09-24', TRUE, NULL, NULL, NULL, NULL, NULL, 'https://eims1.mpwrd.gov.in/fcmreport/control/main', '{"district": "Vidisha", "frl_m": "482.86", "gate_count_open": "", "gate_discharge_cumec": "", "last_year_level_m": "", "last_year_live_capacity_mcm": "", "last_year_live_storage_percent": "", "live_capacity_at_frl_mcm": "21.67", "reservoir": "Kethan Dam [10083]", "serial": "27.", "this_year_level_m": "482.86 *", "this_year_live_capacity_mcm": "21.67", "this_year_live_storage_percent": "100", "time": "08:00:00"}'::jsonb, now()) ON CONFLICT (source_registry, report_date, reservoir_code) DO UPDATE SET dam_id = EXCLUDED.dam_id, basin_office = EXCLUDED.basin_office, reservoir_name = EXCLUDED.reservoir_name, reading_time = EXCLUDED.reading_time, district = EXCLUDED.district, frl_m = EXCLUDED.frl_m, live_capacity_at_frl_mcm = EXCLUDED.live_capacity_at_frl_mcm, this_year_level_m = EXCLUDED.this_year_level_m, this_year_live_capacity_mcm = EXCLUDED.this_year_live_capacity_mcm, this_year_live_storage_percent = EXCLUDED.this_year_live_storage_percent, this_year_level_observed_date = EXCLUDED.this_year_level_observed_date, this_year_is_stale = EXCLUDED.this_year_is_stale, gate_count_open = EXCLUDED.gate_count_open, gate_discharge_cumec = EXCLUDED.gate_discharge_cumec, last_year_level_m = EXCLUDED.last_year_level_m, last_year_live_capacity_mcm = EXCLUDED.last_year_live_capacity_mcm, last_year_live_storage_percent = EXCLUDED.last_year_live_storage_percent, source_url = EXCLUDED.source_url, raw = EXCLUDED.raw, fetched_at = now();
INSERT INTO dams (dam_id, dam_name, state, district, river_basin, owner_agency, status, risk_class, safety_score, source_registry, source_record_id, source_publication_year, source_url, updated_at) VALUES ('MPWRD-10133', 'Koncha Dam', 'Madhya Pradesh', 'Ashoknagar', 'Chief Engineer Chambal Betwa Basin, Bhopal', 'Madhya Pradesh Water Resources Department', 'operational'::dam_status, 'low'::risk_class, 99.00, 'MPWRD', '10133', 2026, 'https://eims1.mpwrd.gov.in/fcmreport/control/main', now()) ON CONFLICT (dam_id) DO UPDATE SET dam_name = EXCLUDED.dam_name, state = EXCLUDED.state, district = EXCLUDED.district, river_basin = EXCLUDED.river_basin, owner_agency = EXCLUDED.owner_agency, status = EXCLUDED.status, risk_class = EXCLUDED.risk_class, safety_score = EXCLUDED.safety_score, source_registry = EXCLUDED.source_registry, source_record_id = EXCLUDED.source_record_id, source_publication_year = EXCLUDED.source_publication_year, source_url = EXCLUDED.source_url, updated_at = now();
INSERT INTO dam_reservoir (dam_id, reservoir_name, live_storage_mcm, current_storage_mcm, frl_m, updated_at) VALUES ('MPWRD-10133', 'Koncha Dam', 18.70, 18.66, 455.98, now()) ON CONFLICT (dam_id) DO UPDATE SET reservoir_name = EXCLUDED.reservoir_name, live_storage_mcm = EXCLUDED.live_storage_mcm, current_storage_mcm = EXCLUDED.current_storage_mcm, frl_m = EXCLUDED.frl_m, updated_at = now();
INSERT INTO dam_engineering (dam_id, instrumentation, updated_at) VALUES ('MPWRD-10133', '{"basin_office": "Chief Engineer Chambal Betwa Basin, Bhopal", "gate_count_open": null, "gate_discharge_cumec": null, "last_year_level_m": null, "last_year_live_capacity_mcm": null, "last_year_live_storage_percent": null, "mpwrd_reservoir_code": "10133", "reading_time": "08:00:00", "this_year_is_stale": true, "this_year_level_observed_date": "2025-09-04"}'::jsonb, now()) ON CONFLICT (dam_id) DO UPDATE SET instrumentation = EXCLUDED.instrumentation, updated_at = now();
INSERT INTO mpwrd_reservoir_levels (source_registry, report_date, reservoir_code, dam_id, basin_office, reservoir_name, reading_time, district, frl_m, live_capacity_at_frl_mcm, this_year_level_m, this_year_live_capacity_mcm, this_year_live_storage_percent, this_year_level_observed_date, this_year_is_stale, gate_count_open, gate_discharge_cumec, last_year_level_m, last_year_live_capacity_mcm, last_year_live_storage_percent, source_url, raw, fetched_at) VALUES ('MPWRD', '2026-05-25', '10133', 'MPWRD-10133', 'Chief Engineer Chambal Betwa Basin, Bhopal', 'Koncha Dam', '08:00:00', 'Ashoknagar', 455.98, 18.70, 455.97, 18.66, 99, '2025-09-04', TRUE, NULL, NULL, NULL, NULL, NULL, 'https://eims1.mpwrd.gov.in/fcmreport/control/main', '{"district": "Ashoknagar", "frl_m": "455.98", "gate_count_open": "", "gate_discharge_cumec": "", "last_year_level_m": "", "last_year_live_capacity_mcm": "", "last_year_live_storage_percent": "", "live_capacity_at_frl_mcm": "18.70", "reservoir": "Koncha Dam [10133]", "serial": "28.", "this_year_level_m": "455.97*", "this_year_live_capacity_mcm": "18.66", "this_year_live_storage_percent": "99", "time": "08:00:00"}'::jsonb, now()) ON CONFLICT (source_registry, report_date, reservoir_code) DO UPDATE SET dam_id = EXCLUDED.dam_id, basin_office = EXCLUDED.basin_office, reservoir_name = EXCLUDED.reservoir_name, reading_time = EXCLUDED.reading_time, district = EXCLUDED.district, frl_m = EXCLUDED.frl_m, live_capacity_at_frl_mcm = EXCLUDED.live_capacity_at_frl_mcm, this_year_level_m = EXCLUDED.this_year_level_m, this_year_live_capacity_mcm = EXCLUDED.this_year_live_capacity_mcm, this_year_live_storage_percent = EXCLUDED.this_year_live_storage_percent, this_year_level_observed_date = EXCLUDED.this_year_level_observed_date, this_year_is_stale = EXCLUDED.this_year_is_stale, gate_count_open = EXCLUDED.gate_count_open, gate_discharge_cumec = EXCLUDED.gate_discharge_cumec, last_year_level_m = EXCLUDED.last_year_level_m, last_year_live_capacity_mcm = EXCLUDED.last_year_live_capacity_mcm, last_year_live_storage_percent = EXCLUDED.last_year_live_storage_percent, source_url = EXCLUDED.source_url, raw = EXCLUDED.raw, fetched_at = now();
INSERT INTO dams (dam_id, dam_name, state, district, river_basin, owner_agency, status, risk_class, safety_score, source_registry, source_record_id, source_publication_year, source_url, updated_at) VALUES ('MPWRD-27309', 'Kunwar Chain Sagar', 'Madhya Pradesh', 'Rajgarh', 'Chief Engineer Chambal Betwa Basin, Bhopal', 'Madhya Pradesh Water Resources Department', 'operational'::dam_status, 'low'::risk_class, 98.00, 'MPWRD', '27309', 2026, 'https://eims1.mpwrd.gov.in/fcmreport/control/main', now()) ON CONFLICT (dam_id) DO UPDATE SET dam_name = EXCLUDED.dam_name, state = EXCLUDED.state, district = EXCLUDED.district, river_basin = EXCLUDED.river_basin, owner_agency = EXCLUDED.owner_agency, status = EXCLUDED.status, risk_class = EXCLUDED.risk_class, safety_score = EXCLUDED.safety_score, source_registry = EXCLUDED.source_registry, source_record_id = EXCLUDED.source_record_id, source_publication_year = EXCLUDED.source_publication_year, source_url = EXCLUDED.source_url, updated_at = now();
INSERT INTO dam_reservoir (dam_id, reservoir_name, live_storage_mcm, current_storage_mcm, frl_m, updated_at) VALUES ('MPWRD-27309', 'Kunwar Chain Sagar', 22.37, 21.94, 450.78, now()) ON CONFLICT (dam_id) DO UPDATE SET reservoir_name = EXCLUDED.reservoir_name, live_storage_mcm = EXCLUDED.live_storage_mcm, current_storage_mcm = EXCLUDED.current_storage_mcm, frl_m = EXCLUDED.frl_m, updated_at = now();
INSERT INTO dam_engineering (dam_id, instrumentation, updated_at) VALUES ('MPWRD-27309', '{"basin_office": "Chief Engineer Chambal Betwa Basin, Bhopal", "gate_count_open": null, "gate_discharge_cumec": null, "last_year_level_m": null, "last_year_live_capacity_mcm": null, "last_year_live_storage_percent": null, "mpwrd_reservoir_code": "27309", "reading_time": "08:00:00", "this_year_is_stale": true, "this_year_level_observed_date": "2025-09-25"}'::jsonb, now()) ON CONFLICT (dam_id) DO UPDATE SET instrumentation = EXCLUDED.instrumentation, updated_at = now();
INSERT INTO mpwrd_reservoir_levels (source_registry, report_date, reservoir_code, dam_id, basin_office, reservoir_name, reading_time, district, frl_m, live_capacity_at_frl_mcm, this_year_level_m, this_year_live_capacity_mcm, this_year_live_storage_percent, this_year_level_observed_date, this_year_is_stale, gate_count_open, gate_discharge_cumec, last_year_level_m, last_year_live_capacity_mcm, last_year_live_storage_percent, source_url, raw, fetched_at) VALUES ('MPWRD', '2026-05-25', '27309', 'MPWRD-27309', 'Chief Engineer Chambal Betwa Basin, Bhopal', 'Kunwar Chain Sagar', '08:00:00', 'Rajgarh', 450.78, 22.37, 450.72, 21.94, 98, '2025-09-25', TRUE, NULL, NULL, NULL, NULL, NULL, 'https://eims1.mpwrd.gov.in/fcmreport/control/main', '{"district": "Rajgarh", "frl_m": "450.78", "gate_count_open": "", "gate_discharge_cumec": "", "last_year_level_m": "", "last_year_live_capacity_mcm": "", "last_year_live_storage_percent": "", "live_capacity_at_frl_mcm": "22.37", "reservoir": "Kunwar Chain Sagar [27309]", "serial": "29.", "this_year_level_m": "450.72*", "this_year_live_capacity_mcm": "21.94", "this_year_live_storage_percent": "98", "time": "08:00:00"}'::jsonb, now()) ON CONFLICT (source_registry, report_date, reservoir_code) DO UPDATE SET dam_id = EXCLUDED.dam_id, basin_office = EXCLUDED.basin_office, reservoir_name = EXCLUDED.reservoir_name, reading_time = EXCLUDED.reading_time, district = EXCLUDED.district, frl_m = EXCLUDED.frl_m, live_capacity_at_frl_mcm = EXCLUDED.live_capacity_at_frl_mcm, this_year_level_m = EXCLUDED.this_year_level_m, this_year_live_capacity_mcm = EXCLUDED.this_year_live_capacity_mcm, this_year_live_storage_percent = EXCLUDED.this_year_live_storage_percent, this_year_level_observed_date = EXCLUDED.this_year_level_observed_date, this_year_is_stale = EXCLUDED.this_year_is_stale, gate_count_open = EXCLUDED.gate_count_open, gate_discharge_cumec = EXCLUDED.gate_discharge_cumec, last_year_level_m = EXCLUDED.last_year_level_m, last_year_live_capacity_mcm = EXCLUDED.last_year_live_capacity_mcm, last_year_live_storage_percent = EXCLUDED.last_year_live_storage_percent, source_url = EXCLUDED.source_url, raw = EXCLUDED.raw, fetched_at = now();
INSERT INTO dams (dam_id, dam_name, state, district, river_basin, owner_agency, status, risk_class, safety_score, source_registry, source_record_id, source_publication_year, source_url, updated_at) VALUES ('MPWRD-20780', 'Kushalpura Dam', 'Madhya Pradesh', 'Rajgarh', 'Chief Engineer Chambal Betwa Basin, Bhopal', 'Madhya Pradesh Water Resources Department', 'operational'::dam_status, 'low'::risk_class, 96.00, 'MPWRD', '20780', 2026, 'https://eims1.mpwrd.gov.in/fcmreport/control/main', now()) ON CONFLICT (dam_id) DO UPDATE SET dam_name = EXCLUDED.dam_name, state = EXCLUDED.state, district = EXCLUDED.district, river_basin = EXCLUDED.river_basin, owner_agency = EXCLUDED.owner_agency, status = EXCLUDED.status, risk_class = EXCLUDED.risk_class, safety_score = EXCLUDED.safety_score, source_registry = EXCLUDED.source_registry, source_record_id = EXCLUDED.source_record_id, source_publication_year = EXCLUDED.source_publication_year, source_url = EXCLUDED.source_url, updated_at = now();
INSERT INTO dam_reservoir (dam_id, reservoir_name, live_storage_mcm, current_storage_mcm, frl_m, updated_at) VALUES ('MPWRD-20780', 'Kushalpura Dam', 14.84, 14.25, 418.90, now()) ON CONFLICT (dam_id) DO UPDATE SET reservoir_name = EXCLUDED.reservoir_name, live_storage_mcm = EXCLUDED.live_storage_mcm, current_storage_mcm = EXCLUDED.current_storage_mcm, frl_m = EXCLUDED.frl_m, updated_at = now();
INSERT INTO dam_engineering (dam_id, instrumentation, updated_at) VALUES ('MPWRD-20780', '{"basin_office": "Chief Engineer Chambal Betwa Basin, Bhopal", "gate_count_open": null, "gate_discharge_cumec": null, "last_year_level_m": null, "last_year_live_capacity_mcm": null, "last_year_live_storage_percent": null, "mpwrd_reservoir_code": "20780", "reading_time": "08:00:00", "this_year_is_stale": true, "this_year_level_observed_date": "2025-09-25"}'::jsonb, now()) ON CONFLICT (dam_id) DO UPDATE SET instrumentation = EXCLUDED.instrumentation, updated_at = now();
INSERT INTO mpwrd_reservoir_levels (source_registry, report_date, reservoir_code, dam_id, basin_office, reservoir_name, reading_time, district, frl_m, live_capacity_at_frl_mcm, this_year_level_m, this_year_live_capacity_mcm, this_year_live_storage_percent, this_year_level_observed_date, this_year_is_stale, gate_count_open, gate_discharge_cumec, last_year_level_m, last_year_live_capacity_mcm, last_year_live_storage_percent, source_url, raw, fetched_at) VALUES ('MPWRD', '2026-05-25', '20780', 'MPWRD-20780', 'Chief Engineer Chambal Betwa Basin, Bhopal', 'Kushalpura Dam', '08:00:00', 'Rajgarh', 418.90, 14.84, 418.80, 14.25, 96, '2025-09-25', TRUE, NULL, NULL, NULL, NULL, NULL, 'https://eims1.mpwrd.gov.in/fcmreport/control/main', '{"district": "Rajgarh", "frl_m": "418.90", "gate_count_open": "", "gate_discharge_cumec": "", "last_year_level_m": "", "last_year_live_capacity_mcm": "", "last_year_live_storage_percent": "", "live_capacity_at_frl_mcm": "14.84", "reservoir": "Kushalpura Dam [20780]", "serial": "30.", "this_year_level_m": "418.80*", "this_year_live_capacity_mcm": "14.25", "this_year_live_storage_percent": "96", "time": "08:00:00"}'::jsonb, now()) ON CONFLICT (source_registry, report_date, reservoir_code) DO UPDATE SET dam_id = EXCLUDED.dam_id, basin_office = EXCLUDED.basin_office, reservoir_name = EXCLUDED.reservoir_name, reading_time = EXCLUDED.reading_time, district = EXCLUDED.district, frl_m = EXCLUDED.frl_m, live_capacity_at_frl_mcm = EXCLUDED.live_capacity_at_frl_mcm, this_year_level_m = EXCLUDED.this_year_level_m, this_year_live_capacity_mcm = EXCLUDED.this_year_live_capacity_mcm, this_year_live_storage_percent = EXCLUDED.this_year_live_storage_percent, this_year_level_observed_date = EXCLUDED.this_year_level_observed_date, this_year_is_stale = EXCLUDED.this_year_is_stale, gate_count_open = EXCLUDED.gate_count_open, gate_discharge_cumec = EXCLUDED.gate_discharge_cumec, last_year_level_m = EXCLUDED.last_year_level_m, last_year_live_capacity_mcm = EXCLUDED.last_year_live_capacity_mcm, last_year_live_storage_percent = EXCLUDED.last_year_live_storage_percent, source_url = EXCLUDED.source_url, raw = EXCLUDED.raw, fetched_at = now();
INSERT INTO dams (dam_id, dam_name, state, district, river_basin, owner_agency, status, risk_class, safety_score, source_registry, source_record_id, source_publication_year, source_url, updated_at) VALUES ('MPWRD-10120', 'Makroda Dam', 'Madhya Pradesh', 'Guna', 'Chief Engineer Chambal Betwa Basin, Bhopal', 'Madhya Pradesh Water Resources Department', 'operational'::dam_status, 'low'::risk_class, 100.00, 'MPWRD', '10120', 2026, 'https://eims1.mpwrd.gov.in/fcmreport/control/main', now()) ON CONFLICT (dam_id) DO UPDATE SET dam_name = EXCLUDED.dam_name, state = EXCLUDED.state, district = EXCLUDED.district, river_basin = EXCLUDED.river_basin, owner_agency = EXCLUDED.owner_agency, status = EXCLUDED.status, risk_class = EXCLUDED.risk_class, safety_score = EXCLUDED.safety_score, source_registry = EXCLUDED.source_registry, source_record_id = EXCLUDED.source_record_id, source_publication_year = EXCLUDED.source_publication_year, source_url = EXCLUDED.source_url, updated_at = now();
INSERT INTO dam_reservoir (dam_id, reservoir_name, live_storage_mcm, current_storage_mcm, frl_m, updated_at) VALUES ('MPWRD-10120', 'Makroda Dam', 40.97, 40.97, 459.33, now()) ON CONFLICT (dam_id) DO UPDATE SET reservoir_name = EXCLUDED.reservoir_name, live_storage_mcm = EXCLUDED.live_storage_mcm, current_storage_mcm = EXCLUDED.current_storage_mcm, frl_m = EXCLUDED.frl_m, updated_at = now();
INSERT INTO dam_engineering (dam_id, instrumentation, updated_at) VALUES ('MPWRD-10120', '{"basin_office": "Chief Engineer Chambal Betwa Basin, Bhopal", "gate_count_open": null, "gate_discharge_cumec": null, "last_year_level_m": null, "last_year_live_capacity_mcm": null, "last_year_live_storage_percent": null, "mpwrd_reservoir_code": "10120", "reading_time": "08:00:00", "this_year_is_stale": true, "this_year_level_observed_date": "2025-09-24"}'::jsonb, now()) ON CONFLICT (dam_id) DO UPDATE SET instrumentation = EXCLUDED.instrumentation, updated_at = now();
INSERT INTO mpwrd_reservoir_levels (source_registry, report_date, reservoir_code, dam_id, basin_office, reservoir_name, reading_time, district, frl_m, live_capacity_at_frl_mcm, this_year_level_m, this_year_live_capacity_mcm, this_year_live_storage_percent, this_year_level_observed_date, this_year_is_stale, gate_count_open, gate_discharge_cumec, last_year_level_m, last_year_live_capacity_mcm, last_year_live_storage_percent, source_url, raw, fetched_at) VALUES ('MPWRD', '2026-05-25', '10120', 'MPWRD-10120', 'Chief Engineer Chambal Betwa Basin, Bhopal', 'Makroda Dam', '08:00:00', 'Guna', 459.33, 40.97, 459.33, 40.97, 100, '2025-09-24', TRUE, NULL, NULL, NULL, NULL, NULL, 'https://eims1.mpwrd.gov.in/fcmreport/control/main', '{"district": "Guna", "frl_m": "459.33", "gate_count_open": "", "gate_discharge_cumec": "", "last_year_level_m": "", "last_year_live_capacity_mcm": "", "last_year_live_storage_percent": "", "live_capacity_at_frl_mcm": "40.97", "reservoir": "Makroda Dam [10120]", "serial": "31.", "this_year_level_m": "459.33 *", "this_year_live_capacity_mcm": "40.97", "this_year_live_storage_percent": "100", "time": "08:00:00"}'::jsonb, now()) ON CONFLICT (source_registry, report_date, reservoir_code) DO UPDATE SET dam_id = EXCLUDED.dam_id, basin_office = EXCLUDED.basin_office, reservoir_name = EXCLUDED.reservoir_name, reading_time = EXCLUDED.reading_time, district = EXCLUDED.district, frl_m = EXCLUDED.frl_m, live_capacity_at_frl_mcm = EXCLUDED.live_capacity_at_frl_mcm, this_year_level_m = EXCLUDED.this_year_level_m, this_year_live_capacity_mcm = EXCLUDED.this_year_live_capacity_mcm, this_year_live_storage_percent = EXCLUDED.this_year_live_storage_percent, this_year_level_observed_date = EXCLUDED.this_year_level_observed_date, this_year_is_stale = EXCLUDED.this_year_is_stale, gate_count_open = EXCLUDED.gate_count_open, gate_discharge_cumec = EXCLUDED.gate_discharge_cumec, last_year_level_m = EXCLUDED.last_year_level_m, last_year_live_capacity_mcm = EXCLUDED.last_year_live_capacity_mcm, last_year_live_storage_percent = EXCLUDED.last_year_live_storage_percent, source_url = EXCLUDED.source_url, raw = EXCLUDED.raw, fetched_at = now();
INSERT INTO dams (dam_id, dam_name, state, district, river_basin, owner_agency, status, risk_class, safety_score, source_registry, source_record_id, source_publication_year, source_url, updated_at) VALUES ('MPWRD-10065', 'Mogha Tank', 'Madhya Pradesh', 'Raisen', 'Chief Engineer Chambal Betwa Basin, Bhopal', 'Madhya Pradesh Water Resources Department', 'operational'::dam_status, 'low'::risk_class, 100.00, 'MPWRD', '10065', 2026, 'https://eims1.mpwrd.gov.in/fcmreport/control/main', now()) ON CONFLICT (dam_id) DO UPDATE SET dam_name = EXCLUDED.dam_name, state = EXCLUDED.state, district = EXCLUDED.district, river_basin = EXCLUDED.river_basin, owner_agency = EXCLUDED.owner_agency, status = EXCLUDED.status, risk_class = EXCLUDED.risk_class, safety_score = EXCLUDED.safety_score, source_registry = EXCLUDED.source_registry, source_record_id = EXCLUDED.source_record_id, source_publication_year = EXCLUDED.source_publication_year, source_url = EXCLUDED.source_url, updated_at = now();
INSERT INTO dam_reservoir (dam_id, reservoir_name, live_storage_mcm, current_storage_mcm, frl_m, updated_at) VALUES ('MPWRD-10065', 'Mogha Tank', 8.31, 8.48, 371.25, now()) ON CONFLICT (dam_id) DO UPDATE SET reservoir_name = EXCLUDED.reservoir_name, live_storage_mcm = EXCLUDED.live_storage_mcm, current_storage_mcm = EXCLUDED.current_storage_mcm, frl_m = EXCLUDED.frl_m, updated_at = now();
INSERT INTO dam_engineering (dam_id, instrumentation, updated_at) VALUES ('MPWRD-10065', '{"basin_office": "Chief Engineer Chambal Betwa Basin, Bhopal", "gate_count_open": null, "gate_discharge_cumec": null, "last_year_level_m": null, "last_year_live_capacity_mcm": null, "last_year_live_storage_percent": null, "mpwrd_reservoir_code": "10065", "reading_time": "08:00:00", "this_year_is_stale": true, "this_year_level_observed_date": "2025-08-08"}'::jsonb, now()) ON CONFLICT (dam_id) DO UPDATE SET instrumentation = EXCLUDED.instrumentation, updated_at = now();
INSERT INTO mpwrd_reservoir_levels (source_registry, report_date, reservoir_code, dam_id, basin_office, reservoir_name, reading_time, district, frl_m, live_capacity_at_frl_mcm, this_year_level_m, this_year_live_capacity_mcm, this_year_live_storage_percent, this_year_level_observed_date, this_year_is_stale, gate_count_open, gate_discharge_cumec, last_year_level_m, last_year_live_capacity_mcm, last_year_live_storage_percent, source_url, raw, fetched_at) VALUES ('MPWRD', '2026-05-25', '10065', 'MPWRD-10065', 'Chief Engineer Chambal Betwa Basin, Bhopal', 'Mogha Tank', '08:00:00', 'Raisen', 371.25, 8.31, 371.35, 8.48, 100, '2025-08-08', TRUE, NULL, NULL, NULL, NULL, NULL, 'https://eims1.mpwrd.gov.in/fcmreport/control/main', '{"district": "Raisen", "frl_m": "371.25", "gate_count_open": "", "gate_discharge_cumec": "", "last_year_level_m": "", "last_year_live_capacity_mcm": "", "last_year_live_storage_percent": "", "live_capacity_at_frl_mcm": "8.31", "reservoir": "Mogha Tank [10065]", "serial": "32.", "this_year_level_m": "371.35 *", "this_year_live_capacity_mcm": "8.48", "this_year_live_storage_percent": "100", "time": "08:00:00"}'::jsonb, now()) ON CONFLICT (source_registry, report_date, reservoir_code) DO UPDATE SET dam_id = EXCLUDED.dam_id, basin_office = EXCLUDED.basin_office, reservoir_name = EXCLUDED.reservoir_name, reading_time = EXCLUDED.reading_time, district = EXCLUDED.district, frl_m = EXCLUDED.frl_m, live_capacity_at_frl_mcm = EXCLUDED.live_capacity_at_frl_mcm, this_year_level_m = EXCLUDED.this_year_level_m, this_year_live_capacity_mcm = EXCLUDED.this_year_live_capacity_mcm, this_year_live_storage_percent = EXCLUDED.this_year_live_storage_percent, this_year_level_observed_date = EXCLUDED.this_year_level_observed_date, this_year_is_stale = EXCLUDED.this_year_is_stale, gate_count_open = EXCLUDED.gate_count_open, gate_discharge_cumec = EXCLUDED.gate_discharge_cumec, last_year_level_m = EXCLUDED.last_year_level_m, last_year_live_capacity_mcm = EXCLUDED.last_year_live_capacity_mcm, last_year_live_storage_percent = EXCLUDED.last_year_live_storage_percent, source_url = EXCLUDED.source_url, raw = EXCLUDED.raw, fetched_at = now();
INSERT INTO dams (dam_id, dam_name, state, district, river_basin, owner_agency, status, risk_class, safety_score, source_registry, source_record_id, source_publication_year, source_url, updated_at) VALUES ('MPWRD-10134', 'Mola Dam', 'Madhya Pradesh', 'Ashoknagar', 'Chief Engineer Chambal Betwa Basin, Bhopal', 'Madhya Pradesh Water Resources Department', 'operational'::dam_status, 'low'::risk_class, 85.00, 'MPWRD', '10134', 2026, 'https://eims1.mpwrd.gov.in/fcmreport/control/main', now()) ON CONFLICT (dam_id) DO UPDATE SET dam_name = EXCLUDED.dam_name, state = EXCLUDED.state, district = EXCLUDED.district, river_basin = EXCLUDED.river_basin, owner_agency = EXCLUDED.owner_agency, status = EXCLUDED.status, risk_class = EXCLUDED.risk_class, safety_score = EXCLUDED.safety_score, source_registry = EXCLUDED.source_registry, source_record_id = EXCLUDED.source_record_id, source_publication_year = EXCLUDED.source_publication_year, source_url = EXCLUDED.source_url, updated_at = now();
INSERT INTO dam_reservoir (dam_id, reservoir_name, live_storage_mcm, current_storage_mcm, frl_m, updated_at) VALUES ('MPWRD-10134', 'Mola Dam', 11.70, 10.01, 144.17, now()) ON CONFLICT (dam_id) DO UPDATE SET reservoir_name = EXCLUDED.reservoir_name, live_storage_mcm = EXCLUDED.live_storage_mcm, current_storage_mcm = EXCLUDED.current_storage_mcm, frl_m = EXCLUDED.frl_m, updated_at = now();
INSERT INTO dam_engineering (dam_id, instrumentation, updated_at) VALUES ('MPWRD-10134', '{"basin_office": "Chief Engineer Chambal Betwa Basin, Bhopal", "gate_count_open": null, "gate_discharge_cumec": null, "last_year_level_m": null, "last_year_live_capacity_mcm": null, "last_year_live_storage_percent": null, "mpwrd_reservoir_code": "10134", "reading_time": "08:00:00", "this_year_is_stale": true, "this_year_level_observed_date": "2025-09-04"}'::jsonb, now()) ON CONFLICT (dam_id) DO UPDATE SET instrumentation = EXCLUDED.instrumentation, updated_at = now();
INSERT INTO mpwrd_reservoir_levels (source_registry, report_date, reservoir_code, dam_id, basin_office, reservoir_name, reading_time, district, frl_m, live_capacity_at_frl_mcm, this_year_level_m, this_year_live_capacity_mcm, this_year_live_storage_percent, this_year_level_observed_date, this_year_is_stale, gate_count_open, gate_discharge_cumec, last_year_level_m, last_year_live_capacity_mcm, last_year_live_storage_percent, source_url, raw, fetched_at) VALUES ('MPWRD', '2026-05-25', '10134', 'MPWRD-10134', 'Chief Engineer Chambal Betwa Basin, Bhopal', 'Mola Dam', '08:00:00', 'Ashoknagar', 144.17, 11.70, 143.37, 10.01, 85, '2025-09-04', TRUE, NULL, NULL, NULL, NULL, NULL, 'https://eims1.mpwrd.gov.in/fcmreport/control/main', '{"district": "Ashoknagar", "frl_m": "144.17", "gate_count_open": "", "gate_discharge_cumec": "", "last_year_level_m": "", "last_year_live_capacity_mcm": "", "last_year_live_storage_percent": "", "live_capacity_at_frl_mcm": "11.70", "reservoir": "Mola Dam [10134]", "serial": "33.", "this_year_level_m": "143.37*", "this_year_live_capacity_mcm": "10.01", "this_year_live_storage_percent": "85", "time": "08:00:00"}'::jsonb, now()) ON CONFLICT (source_registry, report_date, reservoir_code) DO UPDATE SET dam_id = EXCLUDED.dam_id, basin_office = EXCLUDED.basin_office, reservoir_name = EXCLUDED.reservoir_name, reading_time = EXCLUDED.reading_time, district = EXCLUDED.district, frl_m = EXCLUDED.frl_m, live_capacity_at_frl_mcm = EXCLUDED.live_capacity_at_frl_mcm, this_year_level_m = EXCLUDED.this_year_level_m, this_year_live_capacity_mcm = EXCLUDED.this_year_live_capacity_mcm, this_year_live_storage_percent = EXCLUDED.this_year_live_storage_percent, this_year_level_observed_date = EXCLUDED.this_year_level_observed_date, this_year_is_stale = EXCLUDED.this_year_is_stale, gate_count_open = EXCLUDED.gate_count_open, gate_discharge_cumec = EXCLUDED.gate_discharge_cumec, last_year_level_m = EXCLUDED.last_year_level_m, last_year_live_capacity_mcm = EXCLUDED.last_year_live_capacity_mcm, last_year_live_storage_percent = EXCLUDED.last_year_live_storage_percent, source_url = EXCLUDED.source_url, raw = EXCLUDED.raw, fetched_at = now();
INSERT INTO dams (dam_id, dam_name, state, district, river_basin, owner_agency, status, risk_class, safety_score, source_registry, source_record_id, source_publication_year, source_url, updated_at) VALUES ('MPWRD-32702', 'Mundla Tank', 'Madhya Pradesh', 'Rajgarh', 'Chief Engineer Chambal Betwa Basin, Bhopal', 'Madhya Pradesh Water Resources Department', 'operational'::dam_status, 'low'::risk_class, 73.00, 'MPWRD', '32702', 2026, 'https://eims1.mpwrd.gov.in/fcmreport/control/main', now()) ON CONFLICT (dam_id) DO UPDATE SET dam_name = EXCLUDED.dam_name, state = EXCLUDED.state, district = EXCLUDED.district, river_basin = EXCLUDED.river_basin, owner_agency = EXCLUDED.owner_agency, status = EXCLUDED.status, risk_class = EXCLUDED.risk_class, safety_score = EXCLUDED.safety_score, source_registry = EXCLUDED.source_registry, source_record_id = EXCLUDED.source_record_id, source_publication_year = EXCLUDED.source_publication_year, source_url = EXCLUDED.source_url, updated_at = now();
INSERT INTO dam_reservoir (dam_id, reservoir_name, live_storage_mcm, current_storage_mcm, frl_m, updated_at) VALUES ('MPWRD-32702', 'Mundla Tank', 12.08, 8.88, 407.50, now()) ON CONFLICT (dam_id) DO UPDATE SET reservoir_name = EXCLUDED.reservoir_name, live_storage_mcm = EXCLUDED.live_storage_mcm, current_storage_mcm = EXCLUDED.current_storage_mcm, frl_m = EXCLUDED.frl_m, updated_at = now();
INSERT INTO dam_engineering (dam_id, instrumentation, updated_at) VALUES ('MPWRD-32702', '{"basin_office": "Chief Engineer Chambal Betwa Basin, Bhopal", "gate_count_open": null, "gate_discharge_cumec": null, "last_year_level_m": null, "last_year_live_capacity_mcm": null, "last_year_live_storage_percent": null, "mpwrd_reservoir_code": "32702", "reading_time": "08:00:00", "this_year_is_stale": true, "this_year_level_observed_date": "2025-09-03"}'::jsonb, now()) ON CONFLICT (dam_id) DO UPDATE SET instrumentation = EXCLUDED.instrumentation, updated_at = now();
INSERT INTO mpwrd_reservoir_levels (source_registry, report_date, reservoir_code, dam_id, basin_office, reservoir_name, reading_time, district, frl_m, live_capacity_at_frl_mcm, this_year_level_m, this_year_live_capacity_mcm, this_year_live_storage_percent, this_year_level_observed_date, this_year_is_stale, gate_count_open, gate_discharge_cumec, last_year_level_m, last_year_live_capacity_mcm, last_year_live_storage_percent, source_url, raw, fetched_at) VALUES ('MPWRD', '2026-05-25', '32702', 'MPWRD-32702', 'Chief Engineer Chambal Betwa Basin, Bhopal', 'Mundla Tank', '08:00:00', 'Rajgarh', 407.50, 12.08, 406.80, 8.88, 73, '2025-09-03', TRUE, NULL, NULL, NULL, NULL, NULL, 'https://eims1.mpwrd.gov.in/fcmreport/control/main', '{"district": "Rajgarh", "frl_m": "407.50", "gate_count_open": "", "gate_discharge_cumec": "", "last_year_level_m": "", "last_year_live_capacity_mcm": "", "last_year_live_storage_percent": "", "live_capacity_at_frl_mcm": "12.08", "reservoir": "Mundla Tank [32702]", "serial": "34.", "this_year_level_m": "406.80*", "this_year_live_capacity_mcm": "8.88", "this_year_live_storage_percent": "73", "time": "08:00:00"}'::jsonb, now()) ON CONFLICT (source_registry, report_date, reservoir_code) DO UPDATE SET dam_id = EXCLUDED.dam_id, basin_office = EXCLUDED.basin_office, reservoir_name = EXCLUDED.reservoir_name, reading_time = EXCLUDED.reading_time, district = EXCLUDED.district, frl_m = EXCLUDED.frl_m, live_capacity_at_frl_mcm = EXCLUDED.live_capacity_at_frl_mcm, this_year_level_m = EXCLUDED.this_year_level_m, this_year_live_capacity_mcm = EXCLUDED.this_year_live_capacity_mcm, this_year_live_storage_percent = EXCLUDED.this_year_live_storage_percent, this_year_level_observed_date = EXCLUDED.this_year_level_observed_date, this_year_is_stale = EXCLUDED.this_year_is_stale, gate_count_open = EXCLUDED.gate_count_open, gate_discharge_cumec = EXCLUDED.gate_discharge_cumec, last_year_level_m = EXCLUDED.last_year_level_m, last_year_live_capacity_mcm = EXCLUDED.last_year_live_capacity_mcm, last_year_live_storage_percent = EXCLUDED.last_year_live_storage_percent, source_url = EXCLUDED.source_url, raw = EXCLUDED.raw, fetched_at = now();
INSERT INTO dams (dam_id, dam_name, state, district, river_basin, owner_agency, status, risk_class, safety_score, source_registry, source_record_id, source_publication_year, source_url, updated_at) VALUES ('MPWRD-32381', 'Nagpura Nagjhiri Tank', 'Madhya Pradesh', 'Raisen', 'Chief Engineer Chambal Betwa Basin, Bhopal', 'Madhya Pradesh Water Resources Department', 'operational'::dam_status, 'low'::risk_class, 100.00, 'MPWRD', '32381', 2026, 'https://eims1.mpwrd.gov.in/fcmreport/control/main', now()) ON CONFLICT (dam_id) DO UPDATE SET dam_name = EXCLUDED.dam_name, state = EXCLUDED.state, district = EXCLUDED.district, river_basin = EXCLUDED.river_basin, owner_agency = EXCLUDED.owner_agency, status = EXCLUDED.status, risk_class = EXCLUDED.risk_class, safety_score = EXCLUDED.safety_score, source_registry = EXCLUDED.source_registry, source_record_id = EXCLUDED.source_record_id, source_publication_year = EXCLUDED.source_publication_year, source_url = EXCLUDED.source_url, updated_at = now();
INSERT INTO dam_reservoir (dam_id, reservoir_name, live_storage_mcm, current_storage_mcm, frl_m, updated_at) VALUES ('MPWRD-32381', 'Nagpura Nagjhiri Tank', 11.19, 12.23, 422.00, now()) ON CONFLICT (dam_id) DO UPDATE SET reservoir_name = EXCLUDED.reservoir_name, live_storage_mcm = EXCLUDED.live_storage_mcm, current_storage_mcm = EXCLUDED.current_storage_mcm, frl_m = EXCLUDED.frl_m, updated_at = now();
INSERT INTO dam_engineering (dam_id, instrumentation, updated_at) VALUES ('MPWRD-32381', '{"basin_office": "Chief Engineer Chambal Betwa Basin, Bhopal", "gate_count_open": null, "gate_discharge_cumec": null, "last_year_level_m": null, "last_year_live_capacity_mcm": null, "last_year_live_storage_percent": null, "mpwrd_reservoir_code": "32381", "reading_time": "08:00:00", "this_year_is_stale": true, "this_year_level_observed_date": "2025-09-05"}'::jsonb, now()) ON CONFLICT (dam_id) DO UPDATE SET instrumentation = EXCLUDED.instrumentation, updated_at = now();
INSERT INTO mpwrd_reservoir_levels (source_registry, report_date, reservoir_code, dam_id, basin_office, reservoir_name, reading_time, district, frl_m, live_capacity_at_frl_mcm, this_year_level_m, this_year_live_capacity_mcm, this_year_live_storage_percent, this_year_level_observed_date, this_year_is_stale, gate_count_open, gate_discharge_cumec, last_year_level_m, last_year_live_capacity_mcm, last_year_live_storage_percent, source_url, raw, fetched_at) VALUES ('MPWRD', '2026-05-25', '32381', 'MPWRD-32381', 'Chief Engineer Chambal Betwa Basin, Bhopal', 'Nagpura Nagjhiri Tank', '08:00:00', 'Raisen', 422.00, 11.19, 422.60, 12.23, 100, '2025-09-05', TRUE, NULL, NULL, NULL, NULL, NULL, 'https://eims1.mpwrd.gov.in/fcmreport/control/main', '{"district": "Raisen", "frl_m": "422.00", "gate_count_open": "", "gate_discharge_cumec": "", "last_year_level_m": "", "last_year_live_capacity_mcm": "", "last_year_live_storage_percent": "", "live_capacity_at_frl_mcm": "11.19", "reservoir": "Nagpura Nagjhiri Tank [32381]", "serial": "35.", "this_year_level_m": "422.60 *", "this_year_live_capacity_mcm": "12.23", "this_year_live_storage_percent": "100", "time": "08:00:00"}'::jsonb, now()) ON CONFLICT (source_registry, report_date, reservoir_code) DO UPDATE SET dam_id = EXCLUDED.dam_id, basin_office = EXCLUDED.basin_office, reservoir_name = EXCLUDED.reservoir_name, reading_time = EXCLUDED.reading_time, district = EXCLUDED.district, frl_m = EXCLUDED.frl_m, live_capacity_at_frl_mcm = EXCLUDED.live_capacity_at_frl_mcm, this_year_level_m = EXCLUDED.this_year_level_m, this_year_live_capacity_mcm = EXCLUDED.this_year_live_capacity_mcm, this_year_live_storage_percent = EXCLUDED.this_year_live_storage_percent, this_year_level_observed_date = EXCLUDED.this_year_level_observed_date, this_year_is_stale = EXCLUDED.this_year_is_stale, gate_count_open = EXCLUDED.gate_count_open, gate_discharge_cumec = EXCLUDED.gate_discharge_cumec, last_year_level_m = EXCLUDED.last_year_level_m, last_year_live_capacity_mcm = EXCLUDED.last_year_live_capacity_mcm, last_year_live_storage_percent = EXCLUDED.last_year_live_storage_percent, source_url = EXCLUDED.source_url, raw = EXCLUDED.raw, fetched_at = now();
INSERT INTO dams (dam_id, dam_name, state, district, river_basin, owner_agency, status, risk_class, safety_score, source_registry, source_record_id, source_publication_year, source_url, updated_at) VALUES ('MPWRD-10082', 'Naren Dam', 'Madhya Pradesh', 'Vidisha', 'Chief Engineer Chambal Betwa Basin, Bhopal', 'Madhya Pradesh Water Resources Department', 'operational'::dam_status, 'low'::risk_class, 83.00, 'MPWRD', '10082', 2026, 'https://eims1.mpwrd.gov.in/fcmreport/control/main', now()) ON CONFLICT (dam_id) DO UPDATE SET dam_name = EXCLUDED.dam_name, state = EXCLUDED.state, district = EXCLUDED.district, river_basin = EXCLUDED.river_basin, owner_agency = EXCLUDED.owner_agency, status = EXCLUDED.status, risk_class = EXCLUDED.risk_class, safety_score = EXCLUDED.safety_score, source_registry = EXCLUDED.source_registry, source_record_id = EXCLUDED.source_record_id, source_publication_year = EXCLUDED.source_publication_year, source_url = EXCLUDED.source_url, updated_at = now();
INSERT INTO dam_reservoir (dam_id, reservoir_name, live_storage_mcm, current_storage_mcm, frl_m, updated_at) VALUES ('MPWRD-10082', 'Naren Dam', 18.31, 15.21, 446.98, now()) ON CONFLICT (dam_id) DO UPDATE SET reservoir_name = EXCLUDED.reservoir_name, live_storage_mcm = EXCLUDED.live_storage_mcm, current_storage_mcm = EXCLUDED.current_storage_mcm, frl_m = EXCLUDED.frl_m, updated_at = now();
INSERT INTO dam_engineering (dam_id, instrumentation, updated_at) VALUES ('MPWRD-10082', '{"basin_office": "Chief Engineer Chambal Betwa Basin, Bhopal", "gate_count_open": null, "gate_discharge_cumec": null, "last_year_level_m": null, "last_year_live_capacity_mcm": null, "last_year_live_storage_percent": null, "mpwrd_reservoir_code": "10082", "reading_time": "08:00:00", "this_year_is_stale": true, "this_year_level_observed_date": "2025-09-24"}'::jsonb, now()) ON CONFLICT (dam_id) DO UPDATE SET instrumentation = EXCLUDED.instrumentation, updated_at = now();
INSERT INTO mpwrd_reservoir_levels (source_registry, report_date, reservoir_code, dam_id, basin_office, reservoir_name, reading_time, district, frl_m, live_capacity_at_frl_mcm, this_year_level_m, this_year_live_capacity_mcm, this_year_live_storage_percent, this_year_level_observed_date, this_year_is_stale, gate_count_open, gate_discharge_cumec, last_year_level_m, last_year_live_capacity_mcm, last_year_live_storage_percent, source_url, raw, fetched_at) VALUES ('MPWRD', '2026-05-25', '10082', 'MPWRD-10082', 'Chief Engineer Chambal Betwa Basin, Bhopal', 'Naren Dam', '08:00:00', 'Vidisha', 446.98, 18.31, 446.59, 15.21, 83, '2025-09-24', TRUE, NULL, NULL, NULL, NULL, NULL, 'https://eims1.mpwrd.gov.in/fcmreport/control/main', '{"district": "Vidisha", "frl_m": "446.98", "gate_count_open": "", "gate_discharge_cumec": "", "last_year_level_m": "", "last_year_live_capacity_mcm": "", "last_year_live_storage_percent": "", "live_capacity_at_frl_mcm": "18.31", "reservoir": "Naren Dam [10082]", "serial": "36.", "this_year_level_m": "446.59*", "this_year_live_capacity_mcm": "15.21", "this_year_live_storage_percent": "83", "time": "08:00:00"}'::jsonb, now()) ON CONFLICT (source_registry, report_date, reservoir_code) DO UPDATE SET dam_id = EXCLUDED.dam_id, basin_office = EXCLUDED.basin_office, reservoir_name = EXCLUDED.reservoir_name, reading_time = EXCLUDED.reading_time, district = EXCLUDED.district, frl_m = EXCLUDED.frl_m, live_capacity_at_frl_mcm = EXCLUDED.live_capacity_at_frl_mcm, this_year_level_m = EXCLUDED.this_year_level_m, this_year_live_capacity_mcm = EXCLUDED.this_year_live_capacity_mcm, this_year_live_storage_percent = EXCLUDED.this_year_live_storage_percent, this_year_level_observed_date = EXCLUDED.this_year_level_observed_date, this_year_is_stale = EXCLUDED.this_year_is_stale, gate_count_open = EXCLUDED.gate_count_open, gate_discharge_cumec = EXCLUDED.gate_discharge_cumec, last_year_level_m = EXCLUDED.last_year_level_m, last_year_live_capacity_mcm = EXCLUDED.last_year_live_capacity_mcm, last_year_live_storage_percent = EXCLUDED.last_year_live_storage_percent, source_url = EXCLUDED.source_url, raw = EXCLUDED.raw, fetched_at = now();
INSERT INTO dams (dam_id, dam_name, state, district, river_basin, owner_agency, status, risk_class, safety_score, source_registry, source_record_id, source_publication_year, source_url, updated_at) VALUES ('MPWRD-10132', 'Rajeev Sagar (Minor) Tank', 'Madhya Pradesh', 'Guna', 'Chief Engineer Chambal Betwa Basin, Bhopal', 'Madhya Pradesh Water Resources Department', 'operational'::dam_status, 'low'::risk_class, 100.00, 'MPWRD', '10132', 2026, 'https://eims1.mpwrd.gov.in/fcmreport/control/main', now()) ON CONFLICT (dam_id) DO UPDATE SET dam_name = EXCLUDED.dam_name, state = EXCLUDED.state, district = EXCLUDED.district, river_basin = EXCLUDED.river_basin, owner_agency = EXCLUDED.owner_agency, status = EXCLUDED.status, risk_class = EXCLUDED.risk_class, safety_score = EXCLUDED.safety_score, source_registry = EXCLUDED.source_registry, source_record_id = EXCLUDED.source_record_id, source_publication_year = EXCLUDED.source_publication_year, source_url = EXCLUDED.source_url, updated_at = now();
INSERT INTO dam_reservoir (dam_id, reservoir_name, live_storage_mcm, current_storage_mcm, frl_m, updated_at) VALUES ('MPWRD-10132', 'Rajeev Sagar (Minor) Tank', 16.14, 16.14, 469.08, now()) ON CONFLICT (dam_id) DO UPDATE SET reservoir_name = EXCLUDED.reservoir_name, live_storage_mcm = EXCLUDED.live_storage_mcm, current_storage_mcm = EXCLUDED.current_storage_mcm, frl_m = EXCLUDED.frl_m, updated_at = now();
INSERT INTO dam_engineering (dam_id, instrumentation, updated_at) VALUES ('MPWRD-10132', '{"basin_office": "Chief Engineer Chambal Betwa Basin, Bhopal", "gate_count_open": null, "gate_discharge_cumec": null, "last_year_level_m": null, "last_year_live_capacity_mcm": null, "last_year_live_storage_percent": null, "mpwrd_reservoir_code": "10132", "reading_time": "08:00:00", "this_year_is_stale": true, "this_year_level_observed_date": "2025-09-18"}'::jsonb, now()) ON CONFLICT (dam_id) DO UPDATE SET instrumentation = EXCLUDED.instrumentation, updated_at = now();
INSERT INTO mpwrd_reservoir_levels (source_registry, report_date, reservoir_code, dam_id, basin_office, reservoir_name, reading_time, district, frl_m, live_capacity_at_frl_mcm, this_year_level_m, this_year_live_capacity_mcm, this_year_live_storage_percent, this_year_level_observed_date, this_year_is_stale, gate_count_open, gate_discharge_cumec, last_year_level_m, last_year_live_capacity_mcm, last_year_live_storage_percent, source_url, raw, fetched_at) VALUES ('MPWRD', '2026-05-25', '10132', 'MPWRD-10132', 'Chief Engineer Chambal Betwa Basin, Bhopal', 'Rajeev Sagar (Minor) Tank', '08:00:00', 'Guna', 469.08, 16.14, 469.08, 16.14, 100, '2025-09-18', TRUE, NULL, NULL, NULL, NULL, NULL, 'https://eims1.mpwrd.gov.in/fcmreport/control/main', '{"district": "Guna", "frl_m": "469.08", "gate_count_open": "", "gate_discharge_cumec": "", "last_year_level_m": "", "last_year_live_capacity_mcm": "", "last_year_live_storage_percent": "", "live_capacity_at_frl_mcm": "16.14", "reservoir": "Rajeev Sagar (Minor) Tank [10132]", "serial": "37.", "this_year_level_m": "469.08 *", "this_year_live_capacity_mcm": "16.14", "this_year_live_storage_percent": "100", "time": "08:00:00"}'::jsonb, now()) ON CONFLICT (source_registry, report_date, reservoir_code) DO UPDATE SET dam_id = EXCLUDED.dam_id, basin_office = EXCLUDED.basin_office, reservoir_name = EXCLUDED.reservoir_name, reading_time = EXCLUDED.reading_time, district = EXCLUDED.district, frl_m = EXCLUDED.frl_m, live_capacity_at_frl_mcm = EXCLUDED.live_capacity_at_frl_mcm, this_year_level_m = EXCLUDED.this_year_level_m, this_year_live_capacity_mcm = EXCLUDED.this_year_live_capacity_mcm, this_year_live_storage_percent = EXCLUDED.this_year_live_storage_percent, this_year_level_observed_date = EXCLUDED.this_year_level_observed_date, this_year_is_stale = EXCLUDED.this_year_is_stale, gate_count_open = EXCLUDED.gate_count_open, gate_discharge_cumec = EXCLUDED.gate_discharge_cumec, last_year_level_m = EXCLUDED.last_year_level_m, last_year_live_capacity_mcm = EXCLUDED.last_year_live_capacity_mcm, last_year_live_storage_percent = EXCLUDED.last_year_live_storage_percent, source_url = EXCLUDED.source_url, raw = EXCLUDED.raw, fetched_at = now();
INSERT INTO dams (dam_id, dam_name, state, district, river_basin, owner_agency, status, risk_class, safety_score, source_registry, source_record_id, source_publication_year, source_url, updated_at) VALUES ('MPWRD-10091', 'Rampura Khurd Tank', 'Madhya Pradesh', 'Sehore', 'Chief Engineer Chambal Betwa Basin, Bhopal', 'Madhya Pradesh Water Resources Department', 'operational'::dam_status, 'moderate'::risk_class, 35.00, 'MPWRD', '10091', 2026, 'https://eims1.mpwrd.gov.in/fcmreport/control/main', now()) ON CONFLICT (dam_id) DO UPDATE SET dam_name = EXCLUDED.dam_name, state = EXCLUDED.state, district = EXCLUDED.district, river_basin = EXCLUDED.river_basin, owner_agency = EXCLUDED.owner_agency, status = EXCLUDED.status, risk_class = EXCLUDED.risk_class, safety_score = EXCLUDED.safety_score, source_registry = EXCLUDED.source_registry, source_record_id = EXCLUDED.source_record_id, source_publication_year = EXCLUDED.source_publication_year, source_url = EXCLUDED.source_url, updated_at = now();
INSERT INTO dam_reservoir (dam_id, reservoir_name, live_storage_mcm, current_storage_mcm, frl_m, updated_at) VALUES ('MPWRD-10091', 'Rampura Khurd Tank', 11.83, 4.24, 531.15, now()) ON CONFLICT (dam_id) DO UPDATE SET reservoir_name = EXCLUDED.reservoir_name, live_storage_mcm = EXCLUDED.live_storage_mcm, current_storage_mcm = EXCLUDED.current_storage_mcm, frl_m = EXCLUDED.frl_m, updated_at = now();
INSERT INTO dam_engineering (dam_id, instrumentation, updated_at) VALUES ('MPWRD-10091', '{"basin_office": "Chief Engineer Chambal Betwa Basin, Bhopal", "gate_count_open": null, "gate_discharge_cumec": null, "last_year_level_m": null, "last_year_live_capacity_mcm": null, "last_year_live_storage_percent": null, "mpwrd_reservoir_code": "10091", "reading_time": "08:00:00", "this_year_is_stale": true, "this_year_level_observed_date": "2025-09-18"}'::jsonb, now()) ON CONFLICT (dam_id) DO UPDATE SET instrumentation = EXCLUDED.instrumentation, updated_at = now();
INSERT INTO mpwrd_reservoir_levels (source_registry, report_date, reservoir_code, dam_id, basin_office, reservoir_name, reading_time, district, frl_m, live_capacity_at_frl_mcm, this_year_level_m, this_year_live_capacity_mcm, this_year_live_storage_percent, this_year_level_observed_date, this_year_is_stale, gate_count_open, gate_discharge_cumec, last_year_level_m, last_year_live_capacity_mcm, last_year_live_storage_percent, source_url, raw, fetched_at) VALUES ('MPWRD', '2026-05-25', '10091', 'MPWRD-10091', 'Chief Engineer Chambal Betwa Basin, Bhopal', 'Rampura Khurd Tank', '08:00:00', 'Sehore', 531.15, 11.83, 528.55, 4.24, 35, '2025-09-18', TRUE, NULL, NULL, NULL, NULL, NULL, 'https://eims1.mpwrd.gov.in/fcmreport/control/main', '{"district": "Sehore", "frl_m": "531.15", "gate_count_open": "", "gate_discharge_cumec": "", "last_year_level_m": "", "last_year_live_capacity_mcm": "", "last_year_live_storage_percent": "", "live_capacity_at_frl_mcm": "11.83", "reservoir": "Rampura Khurd Tank [10091]", "serial": "38.", "this_year_level_m": "528.55*", "this_year_live_capacity_mcm": "4.24", "this_year_live_storage_percent": "35", "time": "08:00:00"}'::jsonb, now()) ON CONFLICT (source_registry, report_date, reservoir_code) DO UPDATE SET dam_id = EXCLUDED.dam_id, basin_office = EXCLUDED.basin_office, reservoir_name = EXCLUDED.reservoir_name, reading_time = EXCLUDED.reading_time, district = EXCLUDED.district, frl_m = EXCLUDED.frl_m, live_capacity_at_frl_mcm = EXCLUDED.live_capacity_at_frl_mcm, this_year_level_m = EXCLUDED.this_year_level_m, this_year_live_capacity_mcm = EXCLUDED.this_year_live_capacity_mcm, this_year_live_storage_percent = EXCLUDED.this_year_live_storage_percent, this_year_level_observed_date = EXCLUDED.this_year_level_observed_date, this_year_is_stale = EXCLUDED.this_year_is_stale, gate_count_open = EXCLUDED.gate_count_open, gate_discharge_cumec = EXCLUDED.gate_discharge_cumec, last_year_level_m = EXCLUDED.last_year_level_m, last_year_live_capacity_mcm = EXCLUDED.last_year_live_capacity_mcm, last_year_live_storage_percent = EXCLUDED.last_year_live_storage_percent, source_url = EXCLUDED.source_url, raw = EXCLUDED.raw, fetched_at = now();
INSERT INTO dams (dam_id, dam_name, state, district, river_basin, owner_agency, status, risk_class, safety_score, source_registry, source_record_id, source_publication_year, source_url, updated_at) VALUES ('MPWRD-10121', 'Rampur Dam', 'Madhya Pradesh', 'Guna', 'Chief Engineer Chambal Betwa Basin, Bhopal', 'Madhya Pradesh Water Resources Department', 'operational'::dam_status, 'low'::risk_class, 100.00, 'MPWRD', '10121', 2026, 'https://eims1.mpwrd.gov.in/fcmreport/control/main', now()) ON CONFLICT (dam_id) DO UPDATE SET dam_name = EXCLUDED.dam_name, state = EXCLUDED.state, district = EXCLUDED.district, river_basin = EXCLUDED.river_basin, owner_agency = EXCLUDED.owner_agency, status = EXCLUDED.status, risk_class = EXCLUDED.risk_class, safety_score = EXCLUDED.safety_score, source_registry = EXCLUDED.source_registry, source_record_id = EXCLUDED.source_record_id, source_publication_year = EXCLUDED.source_publication_year, source_url = EXCLUDED.source_url, updated_at = now();
INSERT INTO dam_reservoir (dam_id, reservoir_name, live_storage_mcm, current_storage_mcm, frl_m, updated_at) VALUES ('MPWRD-10121', 'Rampur Dam', 17.70, 17.98, 62.05, now()) ON CONFLICT (dam_id) DO UPDATE SET reservoir_name = EXCLUDED.reservoir_name, live_storage_mcm = EXCLUDED.live_storage_mcm, current_storage_mcm = EXCLUDED.current_storage_mcm, frl_m = EXCLUDED.frl_m, updated_at = now();
INSERT INTO dam_engineering (dam_id, instrumentation, updated_at) VALUES ('MPWRD-10121', '{"basin_office": "Chief Engineer Chambal Betwa Basin, Bhopal", "gate_count_open": null, "gate_discharge_cumec": null, "last_year_level_m": null, "last_year_live_capacity_mcm": null, "last_year_live_storage_percent": null, "mpwrd_reservoir_code": "10121", "reading_time": "08:00:00", "this_year_is_stale": true, "this_year_level_observed_date": "2025-09-15"}'::jsonb, now()) ON CONFLICT (dam_id) DO UPDATE SET instrumentation = EXCLUDED.instrumentation, updated_at = now();
INSERT INTO mpwrd_reservoir_levels (source_registry, report_date, reservoir_code, dam_id, basin_office, reservoir_name, reading_time, district, frl_m, live_capacity_at_frl_mcm, this_year_level_m, this_year_live_capacity_mcm, this_year_live_storage_percent, this_year_level_observed_date, this_year_is_stale, gate_count_open, gate_discharge_cumec, last_year_level_m, last_year_live_capacity_mcm, last_year_live_storage_percent, source_url, raw, fetched_at) VALUES ('MPWRD', '2026-05-25', '10121', 'MPWRD-10121', 'Chief Engineer Chambal Betwa Basin, Bhopal', 'Rampur Dam', '08:00:00', 'Guna', 62.05, 17.70, 62.11, 17.98, 100, '2025-09-15', TRUE, NULL, NULL, NULL, NULL, NULL, 'https://eims1.mpwrd.gov.in/fcmreport/control/main', '{"district": "Guna", "frl_m": "62.05", "gate_count_open": "", "gate_discharge_cumec": "", "last_year_level_m": "", "last_year_live_capacity_mcm": "", "last_year_live_storage_percent": "", "live_capacity_at_frl_mcm": "17.70", "reservoir": "Rampur Dam [10121]", "serial": "39.", "this_year_level_m": "62.11 *", "this_year_live_capacity_mcm": "17.98", "this_year_live_storage_percent": "100", "time": "08:00:00"}'::jsonb, now()) ON CONFLICT (source_registry, report_date, reservoir_code) DO UPDATE SET dam_id = EXCLUDED.dam_id, basin_office = EXCLUDED.basin_office, reservoir_name = EXCLUDED.reservoir_name, reading_time = EXCLUDED.reading_time, district = EXCLUDED.district, frl_m = EXCLUDED.frl_m, live_capacity_at_frl_mcm = EXCLUDED.live_capacity_at_frl_mcm, this_year_level_m = EXCLUDED.this_year_level_m, this_year_live_capacity_mcm = EXCLUDED.this_year_live_capacity_mcm, this_year_live_storage_percent = EXCLUDED.this_year_live_storage_percent, this_year_level_observed_date = EXCLUDED.this_year_level_observed_date, this_year_is_stale = EXCLUDED.this_year_is_stale, gate_count_open = EXCLUDED.gate_count_open, gate_discharge_cumec = EXCLUDED.gate_discharge_cumec, last_year_level_m = EXCLUDED.last_year_level_m, last_year_live_capacity_mcm = EXCLUDED.last_year_live_capacity_mcm, last_year_live_storage_percent = EXCLUDED.last_year_live_storage_percent, source_url = EXCLUDED.source_url, raw = EXCLUDED.raw, fetched_at = now();
INSERT INTO dams (dam_id, dam_name, state, district, river_basin, owner_agency, status, risk_class, safety_score, source_registry, source_record_id, source_publication_year, source_url, updated_at) VALUES ('MPWRD-10062', 'Ratapani Tank', 'Madhya Pradesh', 'Raisen', 'Chief Engineer Chambal Betwa Basin, Bhopal', 'Madhya Pradesh Water Resources Department', 'operational'::dam_status, 'low'::risk_class, 100.00, 'MPWRD', '10062', 2026, 'https://eims1.mpwrd.gov.in/fcmreport/control/main', now()) ON CONFLICT (dam_id) DO UPDATE SET dam_name = EXCLUDED.dam_name, state = EXCLUDED.state, district = EXCLUDED.district, river_basin = EXCLUDED.river_basin, owner_agency = EXCLUDED.owner_agency, status = EXCLUDED.status, risk_class = EXCLUDED.risk_class, safety_score = EXCLUDED.safety_score, source_registry = EXCLUDED.source_registry, source_record_id = EXCLUDED.source_record_id, source_publication_year = EXCLUDED.source_publication_year, source_url = EXCLUDED.source_url, updated_at = now();
INSERT INTO dam_reservoir (dam_id, reservoir_name, live_storage_mcm, current_storage_mcm, frl_m, updated_at) VALUES ('MPWRD-10062', 'Ratapani Tank', 14.58, 14.61, 459.40, now()) ON CONFLICT (dam_id) DO UPDATE SET reservoir_name = EXCLUDED.reservoir_name, live_storage_mcm = EXCLUDED.live_storage_mcm, current_storage_mcm = EXCLUDED.current_storage_mcm, frl_m = EXCLUDED.frl_m, updated_at = now();
INSERT INTO dam_engineering (dam_id, instrumentation, updated_at) VALUES ('MPWRD-10062', '{"basin_office": "Chief Engineer Chambal Betwa Basin, Bhopal", "gate_count_open": null, "gate_discharge_cumec": null, "last_year_level_m": null, "last_year_live_capacity_mcm": null, "last_year_live_storage_percent": null, "mpwrd_reservoir_code": "10062", "reading_time": "08:00:00", "this_year_is_stale": true, "this_year_level_observed_date": "2025-09-24"}'::jsonb, now()) ON CONFLICT (dam_id) DO UPDATE SET instrumentation = EXCLUDED.instrumentation, updated_at = now();
INSERT INTO mpwrd_reservoir_levels (source_registry, report_date, reservoir_code, dam_id, basin_office, reservoir_name, reading_time, district, frl_m, live_capacity_at_frl_mcm, this_year_level_m, this_year_live_capacity_mcm, this_year_live_storage_percent, this_year_level_observed_date, this_year_is_stale, gate_count_open, gate_discharge_cumec, last_year_level_m, last_year_live_capacity_mcm, last_year_live_storage_percent, source_url, raw, fetched_at) VALUES ('MPWRD', '2026-05-25', '10062', 'MPWRD-10062', 'Chief Engineer Chambal Betwa Basin, Bhopal', 'Ratapani Tank', '08:00:00', 'Raisen', 459.40, 14.58, 459.41, 14.61, 100, '2025-09-24', TRUE, NULL, NULL, NULL, NULL, NULL, 'https://eims1.mpwrd.gov.in/fcmreport/control/main', '{"district": "Raisen", "frl_m": "459.40", "gate_count_open": "", "gate_discharge_cumec": "", "last_year_level_m": "", "last_year_live_capacity_mcm": "", "last_year_live_storage_percent": "", "live_capacity_at_frl_mcm": "14.58", "reservoir": "Ratapani Tank [10062]", "serial": "40.", "this_year_level_m": "459.41 *", "this_year_live_capacity_mcm": "14.61", "this_year_live_storage_percent": "100", "time": "08:00:00"}'::jsonb, now()) ON CONFLICT (source_registry, report_date, reservoir_code) DO UPDATE SET dam_id = EXCLUDED.dam_id, basin_office = EXCLUDED.basin_office, reservoir_name = EXCLUDED.reservoir_name, reading_time = EXCLUDED.reading_time, district = EXCLUDED.district, frl_m = EXCLUDED.frl_m, live_capacity_at_frl_mcm = EXCLUDED.live_capacity_at_frl_mcm, this_year_level_m = EXCLUDED.this_year_level_m, this_year_live_capacity_mcm = EXCLUDED.this_year_live_capacity_mcm, this_year_live_storage_percent = EXCLUDED.this_year_live_storage_percent, this_year_level_observed_date = EXCLUDED.this_year_level_observed_date, this_year_is_stale = EXCLUDED.this_year_is_stale, gate_count_open = EXCLUDED.gate_count_open, gate_discharge_cumec = EXCLUDED.gate_discharge_cumec, last_year_level_m = EXCLUDED.last_year_level_m, last_year_live_capacity_mcm = EXCLUDED.last_year_live_capacity_mcm, last_year_live_storage_percent = EXCLUDED.last_year_live_storage_percent, source_url = EXCLUDED.source_url, raw = EXCLUDED.raw, fetched_at = now();
INSERT INTO dams (dam_id, dam_name, state, district, river_basin, owner_agency, status, risk_class, safety_score, source_registry, source_record_id, source_publication_year, source_url, updated_at) VALUES ('MPWRD-20814', 'Rehti Dam', 'Madhya Pradesh', 'Vidisha', 'Chief Engineer Chambal Betwa Basin, Bhopal', 'Madhya Pradesh Water Resources Department', 'operational'::dam_status, 'low'::risk_class, 61.00, 'MPWRD', '20814', 2026, 'https://eims1.mpwrd.gov.in/fcmreport/control/main', now()) ON CONFLICT (dam_id) DO UPDATE SET dam_name = EXCLUDED.dam_name, state = EXCLUDED.state, district = EXCLUDED.district, river_basin = EXCLUDED.river_basin, owner_agency = EXCLUDED.owner_agency, status = EXCLUDED.status, risk_class = EXCLUDED.risk_class, safety_score = EXCLUDED.safety_score, source_registry = EXCLUDED.source_registry, source_record_id = EXCLUDED.source_record_id, source_publication_year = EXCLUDED.source_publication_year, source_url = EXCLUDED.source_url, updated_at = now();
INSERT INTO dam_reservoir (dam_id, reservoir_name, live_storage_mcm, current_storage_mcm, frl_m, updated_at) VALUES ('MPWRD-20814', 'Rehti Dam', 9.06, 5.59, 422.65, now()) ON CONFLICT (dam_id) DO UPDATE SET reservoir_name = EXCLUDED.reservoir_name, live_storage_mcm = EXCLUDED.live_storage_mcm, current_storage_mcm = EXCLUDED.current_storage_mcm, frl_m = EXCLUDED.frl_m, updated_at = now();
INSERT INTO dam_engineering (dam_id, instrumentation, updated_at) VALUES ('MPWRD-20814', '{"basin_office": "Chief Engineer Chambal Betwa Basin, Bhopal", "gate_count_open": null, "gate_discharge_cumec": null, "last_year_level_m": null, "last_year_live_capacity_mcm": null, "last_year_live_storage_percent": null, "mpwrd_reservoir_code": "20814", "reading_time": "08:00:00", "this_year_is_stale": true, "this_year_level_observed_date": "2025-07-23"}'::jsonb, now()) ON CONFLICT (dam_id) DO UPDATE SET instrumentation = EXCLUDED.instrumentation, updated_at = now();
INSERT INTO mpwrd_reservoir_levels (source_registry, report_date, reservoir_code, dam_id, basin_office, reservoir_name, reading_time, district, frl_m, live_capacity_at_frl_mcm, this_year_level_m, this_year_live_capacity_mcm, this_year_live_storage_percent, this_year_level_observed_date, this_year_is_stale, gate_count_open, gate_discharge_cumec, last_year_level_m, last_year_live_capacity_mcm, last_year_live_storage_percent, source_url, raw, fetched_at) VALUES ('MPWRD', '2026-05-25', '20814', 'MPWRD-20814', 'Chief Engineer Chambal Betwa Basin, Bhopal', 'Rehti Dam', '08:00:00', 'Vidisha', 422.65, 9.06, 421.65, 5.59, 61, '2025-07-23', TRUE, NULL, NULL, NULL, NULL, NULL, 'https://eims1.mpwrd.gov.in/fcmreport/control/main', '{"district": "Vidisha", "frl_m": "422.65", "gate_count_open": "", "gate_discharge_cumec": "", "last_year_level_m": "", "last_year_live_capacity_mcm": "", "last_year_live_storage_percent": "", "live_capacity_at_frl_mcm": "9.06", "reservoir": "Rehti Dam [20814]", "serial": "41.", "this_year_level_m": "421.65*", "this_year_live_capacity_mcm": "5.59", "this_year_live_storage_percent": "61", "time": "08:00:00"}'::jsonb, now()) ON CONFLICT (source_registry, report_date, reservoir_code) DO UPDATE SET dam_id = EXCLUDED.dam_id, basin_office = EXCLUDED.basin_office, reservoir_name = EXCLUDED.reservoir_name, reading_time = EXCLUDED.reading_time, district = EXCLUDED.district, frl_m = EXCLUDED.frl_m, live_capacity_at_frl_mcm = EXCLUDED.live_capacity_at_frl_mcm, this_year_level_m = EXCLUDED.this_year_level_m, this_year_live_capacity_mcm = EXCLUDED.this_year_live_capacity_mcm, this_year_live_storage_percent = EXCLUDED.this_year_live_storage_percent, this_year_level_observed_date = EXCLUDED.this_year_level_observed_date, this_year_is_stale = EXCLUDED.this_year_is_stale, gate_count_open = EXCLUDED.gate_count_open, gate_discharge_cumec = EXCLUDED.gate_discharge_cumec, last_year_level_m = EXCLUDED.last_year_level_m, last_year_live_capacity_mcm = EXCLUDED.last_year_live_capacity_mcm, last_year_live_storage_percent = EXCLUDED.last_year_live_storage_percent, source_url = EXCLUDED.source_url, raw = EXCLUDED.raw, fetched_at = now();
INSERT INTO dams (dam_id, dam_name, state, district, river_basin, owner_agency, status, risk_class, safety_score, source_registry, source_record_id, source_publication_year, source_url, updated_at) VALUES ('MPWRD-11286', 'Sagad Dam', 'Madhya Pradesh', 'Vidisha', 'Chief Engineer Chambal Betwa Basin, Bhopal', 'Madhya Pradesh Water Resources Department', 'operational'::dam_status, 'low'::risk_class, 100.00, 'MPWRD', '11286', 2026, 'https://eims1.mpwrd.gov.in/fcmreport/control/main', now()) ON CONFLICT (dam_id) DO UPDATE SET dam_name = EXCLUDED.dam_name, state = EXCLUDED.state, district = EXCLUDED.district, river_basin = EXCLUDED.river_basin, owner_agency = EXCLUDED.owner_agency, status = EXCLUDED.status, risk_class = EXCLUDED.risk_class, safety_score = EXCLUDED.safety_score, source_registry = EXCLUDED.source_registry, source_record_id = EXCLUDED.source_record_id, source_publication_year = EXCLUDED.source_publication_year, source_url = EXCLUDED.source_url, updated_at = now();
INSERT INTO dam_reservoir (dam_id, reservoir_name, live_storage_mcm, current_storage_mcm, frl_m, updated_at) VALUES ('MPWRD-11286', 'Sagad Dam', 75.72, 75.72, 455.64, now()) ON CONFLICT (dam_id) DO UPDATE SET reservoir_name = EXCLUDED.reservoir_name, live_storage_mcm = EXCLUDED.live_storage_mcm, current_storage_mcm = EXCLUDED.current_storage_mcm, frl_m = EXCLUDED.frl_m, updated_at = now();
INSERT INTO dam_engineering (dam_id, instrumentation, updated_at) VALUES ('MPWRD-11286', '{"basin_office": "Chief Engineer Chambal Betwa Basin, Bhopal", "gate_count_open": null, "gate_discharge_cumec": null, "last_year_level_m": null, "last_year_live_capacity_mcm": null, "last_year_live_storage_percent": null, "mpwrd_reservoir_code": "11286", "reading_time": "08:00:00", "this_year_is_stale": true, "this_year_level_observed_date": "2025-09-25"}'::jsonb, now()) ON CONFLICT (dam_id) DO UPDATE SET instrumentation = EXCLUDED.instrumentation, updated_at = now();
INSERT INTO mpwrd_reservoir_levels (source_registry, report_date, reservoir_code, dam_id, basin_office, reservoir_name, reading_time, district, frl_m, live_capacity_at_frl_mcm, this_year_level_m, this_year_live_capacity_mcm, this_year_live_storage_percent, this_year_level_observed_date, this_year_is_stale, gate_count_open, gate_discharge_cumec, last_year_level_m, last_year_live_capacity_mcm, last_year_live_storage_percent, source_url, raw, fetched_at) VALUES ('MPWRD', '2026-05-25', '11286', 'MPWRD-11286', 'Chief Engineer Chambal Betwa Basin, Bhopal', 'Sagad Dam', '08:00:00', 'Vidisha', 455.64, 75.72, 455.64, 75.72, 100, '2025-09-25', TRUE, NULL, NULL, NULL, NULL, NULL, 'https://eims1.mpwrd.gov.in/fcmreport/control/main', '{"district": "Vidisha", "frl_m": "455.64", "gate_count_open": "", "gate_discharge_cumec": "", "last_year_level_m": "", "last_year_live_capacity_mcm": "", "last_year_live_storage_percent": "", "live_capacity_at_frl_mcm": "75.72", "reservoir": "Sagad Dam [11286]", "serial": "42.", "this_year_level_m": "455.64 *", "this_year_live_capacity_mcm": "75.72", "this_year_live_storage_percent": "100", "time": "08:00:00"}'::jsonb, now()) ON CONFLICT (source_registry, report_date, reservoir_code) DO UPDATE SET dam_id = EXCLUDED.dam_id, basin_office = EXCLUDED.basin_office, reservoir_name = EXCLUDED.reservoir_name, reading_time = EXCLUDED.reading_time, district = EXCLUDED.district, frl_m = EXCLUDED.frl_m, live_capacity_at_frl_mcm = EXCLUDED.live_capacity_at_frl_mcm, this_year_level_m = EXCLUDED.this_year_level_m, this_year_live_capacity_mcm = EXCLUDED.this_year_live_capacity_mcm, this_year_live_storage_percent = EXCLUDED.this_year_live_storage_percent, this_year_level_observed_date = EXCLUDED.this_year_level_observed_date, this_year_is_stale = EXCLUDED.this_year_is_stale, gate_count_open = EXCLUDED.gate_count_open, gate_discharge_cumec = EXCLUDED.gate_discharge_cumec, last_year_level_m = EXCLUDED.last_year_level_m, last_year_live_capacity_mcm = EXCLUDED.last_year_live_capacity_mcm, last_year_live_storage_percent = EXCLUDED.last_year_live_storage_percent, source_url = EXCLUDED.source_url, raw = EXCLUDED.raw, fetched_at = now();
INSERT INTO dams (dam_id, dam_name, state, district, river_basin, owner_agency, status, risk_class, safety_score, source_registry, source_record_id, source_publication_year, source_url, updated_at) VALUES ('MPWRD-32205', 'Sallabarru', 'Madhya Pradesh', 'Raisen', 'Chief Engineer Chambal Betwa Basin, Bhopal', 'Madhya Pradesh Water Resources Department', 'operational'::dam_status, 'low'::risk_class, 97.00, 'MPWRD', '32205', 2026, 'https://eims1.mpwrd.gov.in/fcmreport/control/main', now()) ON CONFLICT (dam_id) DO UPDATE SET dam_name = EXCLUDED.dam_name, state = EXCLUDED.state, district = EXCLUDED.district, river_basin = EXCLUDED.river_basin, owner_agency = EXCLUDED.owner_agency, status = EXCLUDED.status, risk_class = EXCLUDED.risk_class, safety_score = EXCLUDED.safety_score, source_registry = EXCLUDED.source_registry, source_record_id = EXCLUDED.source_record_id, source_publication_year = EXCLUDED.source_publication_year, source_url = EXCLUDED.source_url, updated_at = now();
INSERT INTO dam_reservoir (dam_id, reservoir_name, live_storage_mcm, current_storage_mcm, frl_m, updated_at) VALUES ('MPWRD-32205', 'Sallabarru', 8.00, 7.80, 415.00, now()) ON CONFLICT (dam_id) DO UPDATE SET reservoir_name = EXCLUDED.reservoir_name, live_storage_mcm = EXCLUDED.live_storage_mcm, current_storage_mcm = EXCLUDED.current_storage_mcm, frl_m = EXCLUDED.frl_m, updated_at = now();
INSERT INTO dam_engineering (dam_id, instrumentation, updated_at) VALUES ('MPWRD-32205', '{"basin_office": "Chief Engineer Chambal Betwa Basin, Bhopal", "gate_count_open": null, "gate_discharge_cumec": null, "last_year_level_m": null, "last_year_live_capacity_mcm": null, "last_year_live_storage_percent": null, "mpwrd_reservoir_code": "32205", "reading_time": "08:00:00", "this_year_is_stale": true, "this_year_level_observed_date": "2025-09-05"}'::jsonb, now()) ON CONFLICT (dam_id) DO UPDATE SET instrumentation = EXCLUDED.instrumentation, updated_at = now();
INSERT INTO mpwrd_reservoir_levels (source_registry, report_date, reservoir_code, dam_id, basin_office, reservoir_name, reading_time, district, frl_m, live_capacity_at_frl_mcm, this_year_level_m, this_year_live_capacity_mcm, this_year_live_storage_percent, this_year_level_observed_date, this_year_is_stale, gate_count_open, gate_discharge_cumec, last_year_level_m, last_year_live_capacity_mcm, last_year_live_storage_percent, source_url, raw, fetched_at) VALUES ('MPWRD', '2026-05-25', '32205', 'MPWRD-32205', 'Chief Engineer Chambal Betwa Basin, Bhopal', 'Sallabarru', '08:00:00', 'Raisen', 415.00, 8.00, 414.80, 7.80, 97, '2025-09-05', TRUE, NULL, NULL, NULL, NULL, NULL, 'https://eims1.mpwrd.gov.in/fcmreport/control/main', '{"district": "Raisen", "frl_m": "415.00", "gate_count_open": "", "gate_discharge_cumec": "", "last_year_level_m": "", "last_year_live_capacity_mcm": "", "last_year_live_storage_percent": "", "live_capacity_at_frl_mcm": "8.00", "reservoir": "Sallabarru [32205]", "serial": "43.", "this_year_level_m": "414.80*", "this_year_live_capacity_mcm": "7.80", "this_year_live_storage_percent": "97", "time": "08:00:00"}'::jsonb, now()) ON CONFLICT (source_registry, report_date, reservoir_code) DO UPDATE SET dam_id = EXCLUDED.dam_id, basin_office = EXCLUDED.basin_office, reservoir_name = EXCLUDED.reservoir_name, reading_time = EXCLUDED.reading_time, district = EXCLUDED.district, frl_m = EXCLUDED.frl_m, live_capacity_at_frl_mcm = EXCLUDED.live_capacity_at_frl_mcm, this_year_level_m = EXCLUDED.this_year_level_m, this_year_live_capacity_mcm = EXCLUDED.this_year_live_capacity_mcm, this_year_live_storage_percent = EXCLUDED.this_year_live_storage_percent, this_year_level_observed_date = EXCLUDED.this_year_level_observed_date, this_year_is_stale = EXCLUDED.this_year_is_stale, gate_count_open = EXCLUDED.gate_count_open, gate_discharge_cumec = EXCLUDED.gate_discharge_cumec, last_year_level_m = EXCLUDED.last_year_level_m, last_year_live_capacity_mcm = EXCLUDED.last_year_live_capacity_mcm, last_year_live_storage_percent = EXCLUDED.last_year_live_storage_percent, source_url = EXCLUDED.source_url, raw = EXCLUDED.raw, fetched_at = now();
INSERT INTO dams (dam_id, dam_name, state, district, river_basin, owner_agency, status, risk_class, safety_score, source_registry, source_record_id, source_publication_year, source_url, updated_at) VALUES ('MPWRD-10090', 'Samrat Ashok Sagar (Halali)', 'Madhya Pradesh', 'Vidisha', 'Chief Engineer Chambal Betwa Basin, Bhopal', 'Madhya Pradesh Water Resources Department', 'operational'::dam_status, 'low'::risk_class, 100.00, 'MPWRD', '10090', 2026, 'https://eims1.mpwrd.gov.in/fcmreport/control/main', now()) ON CONFLICT (dam_id) DO UPDATE SET dam_name = EXCLUDED.dam_name, state = EXCLUDED.state, district = EXCLUDED.district, river_basin = EXCLUDED.river_basin, owner_agency = EXCLUDED.owner_agency, status = EXCLUDED.status, risk_class = EXCLUDED.risk_class, safety_score = EXCLUDED.safety_score, source_registry = EXCLUDED.source_registry, source_record_id = EXCLUDED.source_record_id, source_publication_year = EXCLUDED.source_publication_year, source_url = EXCLUDED.source_url, updated_at = now();
INSERT INTO dam_reservoir (dam_id, reservoir_name, live_storage_mcm, current_storage_mcm, frl_m, updated_at) VALUES ('MPWRD-10090', 'Samrat Ashok Sagar (Halali)', 252.13, 254.00, 459.61, now()) ON CONFLICT (dam_id) DO UPDATE SET reservoir_name = EXCLUDED.reservoir_name, live_storage_mcm = EXCLUDED.live_storage_mcm, current_storage_mcm = EXCLUDED.current_storage_mcm, frl_m = EXCLUDED.frl_m, updated_at = now();
INSERT INTO dam_engineering (dam_id, instrumentation, updated_at) VALUES ('MPWRD-10090', '{"basin_office": "Chief Engineer Chambal Betwa Basin, Bhopal", "gate_count_open": null, "gate_discharge_cumec": null, "last_year_level_m": null, "last_year_live_capacity_mcm": null, "last_year_live_storage_percent": null, "mpwrd_reservoir_code": "10090", "reading_time": "08:00:00", "this_year_is_stale": true, "this_year_level_observed_date": "2025-09-25"}'::jsonb, now()) ON CONFLICT (dam_id) DO UPDATE SET instrumentation = EXCLUDED.instrumentation, updated_at = now();
INSERT INTO mpwrd_reservoir_levels (source_registry, report_date, reservoir_code, dam_id, basin_office, reservoir_name, reading_time, district, frl_m, live_capacity_at_frl_mcm, this_year_level_m, this_year_live_capacity_mcm, this_year_live_storage_percent, this_year_level_observed_date, this_year_is_stale, gate_count_open, gate_discharge_cumec, last_year_level_m, last_year_live_capacity_mcm, last_year_live_storage_percent, source_url, raw, fetched_at) VALUES ('MPWRD', '2026-05-25', '10090', 'MPWRD-10090', 'Chief Engineer Chambal Betwa Basin, Bhopal', 'Samrat Ashok Sagar (Halali)', '08:00:00', 'Vidisha', 459.61, 252.13, 459.61, 254.00, 100, '2025-09-25', TRUE, NULL, NULL, NULL, NULL, NULL, 'https://eims1.mpwrd.gov.in/fcmreport/control/main', '{"district": "Vidisha", "frl_m": "459.61", "gate_count_open": "", "gate_discharge_cumec": "", "last_year_level_m": "", "last_year_live_capacity_mcm": "", "last_year_live_storage_percent": "", "live_capacity_at_frl_mcm": "252.13", "reservoir": "Samrat Ashok Sagar (Halali) [10090]", "serial": "44.", "this_year_level_m": "459.61 *", "this_year_live_capacity_mcm": "254.00", "this_year_live_storage_percent": "100", "time": "08:00:00"}'::jsonb, now()) ON CONFLICT (source_registry, report_date, reservoir_code) DO UPDATE SET dam_id = EXCLUDED.dam_id, basin_office = EXCLUDED.basin_office, reservoir_name = EXCLUDED.reservoir_name, reading_time = EXCLUDED.reading_time, district = EXCLUDED.district, frl_m = EXCLUDED.frl_m, live_capacity_at_frl_mcm = EXCLUDED.live_capacity_at_frl_mcm, this_year_level_m = EXCLUDED.this_year_level_m, this_year_live_capacity_mcm = EXCLUDED.this_year_live_capacity_mcm, this_year_live_storage_percent = EXCLUDED.this_year_live_storage_percent, this_year_level_observed_date = EXCLUDED.this_year_level_observed_date, this_year_is_stale = EXCLUDED.this_year_is_stale, gate_count_open = EXCLUDED.gate_count_open, gate_discharge_cumec = EXCLUDED.gate_discharge_cumec, last_year_level_m = EXCLUDED.last_year_level_m, last_year_live_capacity_mcm = EXCLUDED.last_year_live_capacity_mcm, last_year_live_storage_percent = EXCLUDED.last_year_live_storage_percent, source_url = EXCLUDED.source_url, raw = EXCLUDED.raw, fetched_at = now();
INSERT INTO dams (dam_id, dam_name, state, district, river_basin, owner_agency, status, risk_class, safety_score, source_registry, source_record_id, source_publication_year, source_url, updated_at) VALUES ('MPWRD-20811', 'Sanjay Sagar(Bah) Project', 'Madhya Pradesh', 'Vidisha', 'Chief Engineer Chambal Betwa Basin, Bhopal', 'Madhya Pradesh Water Resources Department', 'operational'::dam_status, 'low'::risk_class, 100.00, 'MPWRD', '20811', 2026, 'https://eims1.mpwrd.gov.in/fcmreport/control/main', now()) ON CONFLICT (dam_id) DO UPDATE SET dam_name = EXCLUDED.dam_name, state = EXCLUDED.state, district = EXCLUDED.district, river_basin = EXCLUDED.river_basin, owner_agency = EXCLUDED.owner_agency, status = EXCLUDED.status, risk_class = EXCLUDED.risk_class, safety_score = EXCLUDED.safety_score, source_registry = EXCLUDED.source_registry, source_record_id = EXCLUDED.source_record_id, source_publication_year = EXCLUDED.source_publication_year, source_url = EXCLUDED.source_url, updated_at = now();
INSERT INTO dam_reservoir (dam_id, reservoir_name, live_storage_mcm, current_storage_mcm, frl_m, updated_at) VALUES ('MPWRD-20811', 'Sanjay Sagar(Bah) Project', 76.52, 83.09, 448.20, now()) ON CONFLICT (dam_id) DO UPDATE SET reservoir_name = EXCLUDED.reservoir_name, live_storage_mcm = EXCLUDED.live_storage_mcm, current_storage_mcm = EXCLUDED.current_storage_mcm, frl_m = EXCLUDED.frl_m, updated_at = now();
INSERT INTO dam_engineering (dam_id, instrumentation, updated_at) VALUES ('MPWRD-20811', '{"basin_office": "Chief Engineer Chambal Betwa Basin, Bhopal", "gate_count_open": null, "gate_discharge_cumec": null, "last_year_level_m": null, "last_year_live_capacity_mcm": null, "last_year_live_storage_percent": null, "mpwrd_reservoir_code": "20811", "reading_time": "08:00:00", "this_year_is_stale": true, "this_year_level_observed_date": "2025-09-25"}'::jsonb, now()) ON CONFLICT (dam_id) DO UPDATE SET instrumentation = EXCLUDED.instrumentation, updated_at = now();
INSERT INTO mpwrd_reservoir_levels (source_registry, report_date, reservoir_code, dam_id, basin_office, reservoir_name, reading_time, district, frl_m, live_capacity_at_frl_mcm, this_year_level_m, this_year_live_capacity_mcm, this_year_live_storage_percent, this_year_level_observed_date, this_year_is_stale, gate_count_open, gate_discharge_cumec, last_year_level_m, last_year_live_capacity_mcm, last_year_live_storage_percent, source_url, raw, fetched_at) VALUES ('MPWRD', '2026-05-25', '20811', 'MPWRD-20811', 'Chief Engineer Chambal Betwa Basin, Bhopal', 'Sanjay Sagar(Bah) Project', '08:00:00', 'Vidisha', 448.20, 76.52, 448.51, 83.09, 100, '2025-09-25', TRUE, NULL, NULL, NULL, NULL, NULL, 'https://eims1.mpwrd.gov.in/fcmreport/control/main', '{"district": "Vidisha", "frl_m": "448.20", "gate_count_open": "", "gate_discharge_cumec": "", "last_year_level_m": "", "last_year_live_capacity_mcm": "", "last_year_live_storage_percent": "", "live_capacity_at_frl_mcm": "76.52", "reservoir": "Sanjay Sagar(Bah) Project [20811]", "serial": "45.", "this_year_level_m": "448.51 *", "this_year_live_capacity_mcm": "83.09", "this_year_live_storage_percent": "100", "time": "08:00:00"}'::jsonb, now()) ON CONFLICT (source_registry, report_date, reservoir_code) DO UPDATE SET dam_id = EXCLUDED.dam_id, basin_office = EXCLUDED.basin_office, reservoir_name = EXCLUDED.reservoir_name, reading_time = EXCLUDED.reading_time, district = EXCLUDED.district, frl_m = EXCLUDED.frl_m, live_capacity_at_frl_mcm = EXCLUDED.live_capacity_at_frl_mcm, this_year_level_m = EXCLUDED.this_year_level_m, this_year_live_capacity_mcm = EXCLUDED.this_year_live_capacity_mcm, this_year_live_storage_percent = EXCLUDED.this_year_live_storage_percent, this_year_level_observed_date = EXCLUDED.this_year_level_observed_date, this_year_is_stale = EXCLUDED.this_year_is_stale, gate_count_open = EXCLUDED.gate_count_open, gate_discharge_cumec = EXCLUDED.gate_discharge_cumec, last_year_level_m = EXCLUDED.last_year_level_m, last_year_live_capacity_mcm = EXCLUDED.last_year_live_capacity_mcm, last_year_live_storage_percent = EXCLUDED.last_year_live_storage_percent, source_url = EXCLUDED.source_url, raw = EXCLUDED.raw, fetched_at = now();
INSERT INTO dams (dam_id, dam_name, state, district, river_basin, owner_agency, status, risk_class, safety_score, source_registry, source_record_id, source_publication_year, source_url, updated_at) VALUES ('MPWRD-10118', 'Sanjay Sagar (Gomukh)', 'Madhya Pradesh', 'Guna', 'Chief Engineer Chambal Betwa Basin, Bhopal', 'Madhya Pradesh Water Resources Department', 'operational'::dam_status, 'low'::risk_class, 100.00, 'MPWRD', '10118', 2026, 'https://eims1.mpwrd.gov.in/fcmreport/control/main', now()) ON CONFLICT (dam_id) DO UPDATE SET dam_name = EXCLUDED.dam_name, state = EXCLUDED.state, district = EXCLUDED.district, river_basin = EXCLUDED.river_basin, owner_agency = EXCLUDED.owner_agency, status = EXCLUDED.status, risk_class = EXCLUDED.risk_class, safety_score = EXCLUDED.safety_score, source_registry = EXCLUDED.source_registry, source_record_id = EXCLUDED.source_record_id, source_publication_year = EXCLUDED.source_publication_year, source_url = EXCLUDED.source_url, updated_at = now();
INSERT INTO dam_reservoir (dam_id, reservoir_name, live_storage_mcm, current_storage_mcm, frl_m, updated_at) VALUES ('MPWRD-10118', 'Sanjay Sagar (Gomukh)', 35.15, 35.54, 449.12, now()) ON CONFLICT (dam_id) DO UPDATE SET reservoir_name = EXCLUDED.reservoir_name, live_storage_mcm = EXCLUDED.live_storage_mcm, current_storage_mcm = EXCLUDED.current_storage_mcm, frl_m = EXCLUDED.frl_m, updated_at = now();
INSERT INTO dam_engineering (dam_id, instrumentation, updated_at) VALUES ('MPWRD-10118', '{"basin_office": "Chief Engineer Chambal Betwa Basin, Bhopal", "gate_count_open": null, "gate_discharge_cumec": null, "last_year_level_m": null, "last_year_live_capacity_mcm": null, "last_year_live_storage_percent": null, "mpwrd_reservoir_code": "10118", "reading_time": "08:00:00", "this_year_is_stale": true, "this_year_level_observed_date": "2025-09-24"}'::jsonb, now()) ON CONFLICT (dam_id) DO UPDATE SET instrumentation = EXCLUDED.instrumentation, updated_at = now();
INSERT INTO mpwrd_reservoir_levels (source_registry, report_date, reservoir_code, dam_id, basin_office, reservoir_name, reading_time, district, frl_m, live_capacity_at_frl_mcm, this_year_level_m, this_year_live_capacity_mcm, this_year_live_storage_percent, this_year_level_observed_date, this_year_is_stale, gate_count_open, gate_discharge_cumec, last_year_level_m, last_year_live_capacity_mcm, last_year_live_storage_percent, source_url, raw, fetched_at) VALUES ('MPWRD', '2026-05-25', '10118', 'MPWRD-10118', 'Chief Engineer Chambal Betwa Basin, Bhopal', 'Sanjay Sagar (Gomukh)', '08:00:00', 'Guna', 449.12, 35.15, 449.20, 35.54, 100, '2025-09-24', TRUE, NULL, NULL, NULL, NULL, NULL, 'https://eims1.mpwrd.gov.in/fcmreport/control/main', '{"district": "Guna", "frl_m": "449.12", "gate_count_open": "", "gate_discharge_cumec": "", "last_year_level_m": "", "last_year_live_capacity_mcm": "", "last_year_live_storage_percent": "", "live_capacity_at_frl_mcm": "35.15", "reservoir": "Sanjay Sagar (Gomukh) [10118]", "serial": "46.", "this_year_level_m": "449.20 *", "this_year_live_capacity_mcm": "35.54", "this_year_live_storage_percent": "100", "time": "08:00:00"}'::jsonb, now()) ON CONFLICT (source_registry, report_date, reservoir_code) DO UPDATE SET dam_id = EXCLUDED.dam_id, basin_office = EXCLUDED.basin_office, reservoir_name = EXCLUDED.reservoir_name, reading_time = EXCLUDED.reading_time, district = EXCLUDED.district, frl_m = EXCLUDED.frl_m, live_capacity_at_frl_mcm = EXCLUDED.live_capacity_at_frl_mcm, this_year_level_m = EXCLUDED.this_year_level_m, this_year_live_capacity_mcm = EXCLUDED.this_year_live_capacity_mcm, this_year_live_storage_percent = EXCLUDED.this_year_live_storage_percent, this_year_level_observed_date = EXCLUDED.this_year_level_observed_date, this_year_is_stale = EXCLUDED.this_year_is_stale, gate_count_open = EXCLUDED.gate_count_open, gate_discharge_cumec = EXCLUDED.gate_discharge_cumec, last_year_level_m = EXCLUDED.last_year_level_m, last_year_live_capacity_mcm = EXCLUDED.last_year_live_capacity_mcm, last_year_live_storage_percent = EXCLUDED.last_year_live_storage_percent, source_url = EXCLUDED.source_url, raw = EXCLUDED.raw, fetched_at = now();
INSERT INTO dams (dam_id, dam_name, state, district, river_basin, owner_agency, status, risk_class, safety_score, source_registry, source_record_id, source_publication_year, source_url, updated_at) VALUES ('MPWRD-39344', 'Semrakhas Tank', 'Madhya Pradesh', 'Raisen', 'Chief Engineer Chambal Betwa Basin, Bhopal', 'Madhya Pradesh Water Resources Department', 'operational'::dam_status, 'low'::risk_class, 100.00, 'MPWRD', '39344', 2026, 'https://eims1.mpwrd.gov.in/fcmreport/control/main', now()) ON CONFLICT (dam_id) DO UPDATE SET dam_name = EXCLUDED.dam_name, state = EXCLUDED.state, district = EXCLUDED.district, river_basin = EXCLUDED.river_basin, owner_agency = EXCLUDED.owner_agency, status = EXCLUDED.status, risk_class = EXCLUDED.risk_class, safety_score = EXCLUDED.safety_score, source_registry = EXCLUDED.source_registry, source_record_id = EXCLUDED.source_record_id, source_publication_year = EXCLUDED.source_publication_year, source_url = EXCLUDED.source_url, updated_at = now();
INSERT INTO dam_reservoir (dam_id, reservoir_name, live_storage_mcm, current_storage_mcm, frl_m, updated_at) VALUES ('MPWRD-39344', 'Semrakhas Tank', 6.59, 7.66, 464.50, now()) ON CONFLICT (dam_id) DO UPDATE SET reservoir_name = EXCLUDED.reservoir_name, live_storage_mcm = EXCLUDED.live_storage_mcm, current_storage_mcm = EXCLUDED.current_storage_mcm, frl_m = EXCLUDED.frl_m, updated_at = now();
INSERT INTO dam_engineering (dam_id, instrumentation, updated_at) VALUES ('MPWRD-39344', '{"basin_office": "Chief Engineer Chambal Betwa Basin, Bhopal", "gate_count_open": null, "gate_discharge_cumec": null, "last_year_level_m": null, "last_year_live_capacity_mcm": null, "last_year_live_storage_percent": null, "mpwrd_reservoir_code": "39344", "reading_time": "08:00:00", "this_year_is_stale": true, "this_year_level_observed_date": "2025-08-06"}'::jsonb, now()) ON CONFLICT (dam_id) DO UPDATE SET instrumentation = EXCLUDED.instrumentation, updated_at = now();
INSERT INTO mpwrd_reservoir_levels (source_registry, report_date, reservoir_code, dam_id, basin_office, reservoir_name, reading_time, district, frl_m, live_capacity_at_frl_mcm, this_year_level_m, this_year_live_capacity_mcm, this_year_live_storage_percent, this_year_level_observed_date, this_year_is_stale, gate_count_open, gate_discharge_cumec, last_year_level_m, last_year_live_capacity_mcm, last_year_live_storage_percent, source_url, raw, fetched_at) VALUES ('MPWRD', '2026-05-25', '39344', 'MPWRD-39344', 'Chief Engineer Chambal Betwa Basin, Bhopal', 'Semrakhas Tank', '08:00:00', 'Raisen', 464.50, 6.59, 465.30, 7.66, 100, '2025-08-06', TRUE, NULL, NULL, NULL, NULL, NULL, 'https://eims1.mpwrd.gov.in/fcmreport/control/main', '{"district": "Raisen", "frl_m": "464.50", "gate_count_open": "", "gate_discharge_cumec": "", "last_year_level_m": "", "last_year_live_capacity_mcm": "", "last_year_live_storage_percent": "", "live_capacity_at_frl_mcm": "6.59", "reservoir": "Semrakhas Tank [39344]", "serial": "47.", "this_year_level_m": "465.30 *", "this_year_live_capacity_mcm": "7.66", "this_year_live_storage_percent": "100", "time": "08:00:00"}'::jsonb, now()) ON CONFLICT (source_registry, report_date, reservoir_code) DO UPDATE SET dam_id = EXCLUDED.dam_id, basin_office = EXCLUDED.basin_office, reservoir_name = EXCLUDED.reservoir_name, reading_time = EXCLUDED.reading_time, district = EXCLUDED.district, frl_m = EXCLUDED.frl_m, live_capacity_at_frl_mcm = EXCLUDED.live_capacity_at_frl_mcm, this_year_level_m = EXCLUDED.this_year_level_m, this_year_live_capacity_mcm = EXCLUDED.this_year_live_capacity_mcm, this_year_live_storage_percent = EXCLUDED.this_year_live_storage_percent, this_year_level_observed_date = EXCLUDED.this_year_level_observed_date, this_year_is_stale = EXCLUDED.this_year_is_stale, gate_count_open = EXCLUDED.gate_count_open, gate_discharge_cumec = EXCLUDED.gate_discharge_cumec, last_year_level_m = EXCLUDED.last_year_level_m, last_year_live_capacity_mcm = EXCLUDED.last_year_live_capacity_mcm, last_year_live_storage_percent = EXCLUDED.last_year_live_storage_percent, source_url = EXCLUDED.source_url, raw = EXCLUDED.raw, fetched_at = now();
INSERT INTO dams (dam_id, dam_name, state, district, river_basin, owner_agency, status, risk_class, safety_score, source_registry, source_record_id, source_publication_year, source_url, updated_at) VALUES ('MPWRD-32380', 'Semri medium Tank', 'Madhya Pradesh', 'Raisen', 'Chief Engineer Chambal Betwa Basin, Bhopal', 'Madhya Pradesh Water Resources Department', 'operational'::dam_status, 'low'::risk_class, 100.00, 'MPWRD', '32380', 2026, 'https://eims1.mpwrd.gov.in/fcmreport/control/main', now()) ON CONFLICT (dam_id) DO UPDATE SET dam_name = EXCLUDED.dam_name, state = EXCLUDED.state, district = EXCLUDED.district, river_basin = EXCLUDED.river_basin, owner_agency = EXCLUDED.owner_agency, status = EXCLUDED.status, risk_class = EXCLUDED.risk_class, safety_score = EXCLUDED.safety_score, source_registry = EXCLUDED.source_registry, source_record_id = EXCLUDED.source_record_id, source_publication_year = EXCLUDED.source_publication_year, source_url = EXCLUDED.source_url, updated_at = now();
INSERT INTO dam_reservoir (dam_id, reservoir_name, live_storage_mcm, current_storage_mcm, frl_m, updated_at) VALUES ('MPWRD-32380', 'Semri medium Tank', 29.85, 29.85, 531.00, now()) ON CONFLICT (dam_id) DO UPDATE SET reservoir_name = EXCLUDED.reservoir_name, live_storage_mcm = EXCLUDED.live_storage_mcm, current_storage_mcm = EXCLUDED.current_storage_mcm, frl_m = EXCLUDED.frl_m, updated_at = now();
INSERT INTO dam_engineering (dam_id, instrumentation, updated_at) VALUES ('MPWRD-32380', '{"basin_office": "Chief Engineer Chambal Betwa Basin, Bhopal", "gate_count_open": null, "gate_discharge_cumec": null, "last_year_level_m": null, "last_year_live_capacity_mcm": null, "last_year_live_storage_percent": null, "mpwrd_reservoir_code": "32380", "reading_time": "08:00:00", "this_year_is_stale": true, "this_year_level_observed_date": "2025-08-19"}'::jsonb, now()) ON CONFLICT (dam_id) DO UPDATE SET instrumentation = EXCLUDED.instrumentation, updated_at = now();
INSERT INTO mpwrd_reservoir_levels (source_registry, report_date, reservoir_code, dam_id, basin_office, reservoir_name, reading_time, district, frl_m, live_capacity_at_frl_mcm, this_year_level_m, this_year_live_capacity_mcm, this_year_live_storage_percent, this_year_level_observed_date, this_year_is_stale, gate_count_open, gate_discharge_cumec, last_year_level_m, last_year_live_capacity_mcm, last_year_live_storage_percent, source_url, raw, fetched_at) VALUES ('MPWRD', '2026-05-25', '32380', 'MPWRD-32380', 'Chief Engineer Chambal Betwa Basin, Bhopal', 'Semri medium Tank', '08:00:00', 'Raisen', 531.00, 29.85, 531.00, 29.85, 100, '2025-08-19', TRUE, NULL, NULL, NULL, NULL, NULL, 'https://eims1.mpwrd.gov.in/fcmreport/control/main', '{"district": "Raisen", "frl_m": "531.00", "gate_count_open": "", "gate_discharge_cumec": "", "last_year_level_m": "", "last_year_live_capacity_mcm": "", "last_year_live_storage_percent": "", "live_capacity_at_frl_mcm": "29.85", "reservoir": "Semri medium Tank [32380]", "serial": "48.", "this_year_level_m": "531.00 *", "this_year_live_capacity_mcm": "29.85", "this_year_live_storage_percent": "100", "time": "08:00:00"}'::jsonb, now()) ON CONFLICT (source_registry, report_date, reservoir_code) DO UPDATE SET dam_id = EXCLUDED.dam_id, basin_office = EXCLUDED.basin_office, reservoir_name = EXCLUDED.reservoir_name, reading_time = EXCLUDED.reading_time, district = EXCLUDED.district, frl_m = EXCLUDED.frl_m, live_capacity_at_frl_mcm = EXCLUDED.live_capacity_at_frl_mcm, this_year_level_m = EXCLUDED.this_year_level_m, this_year_live_capacity_mcm = EXCLUDED.this_year_live_capacity_mcm, this_year_live_storage_percent = EXCLUDED.this_year_live_storage_percent, this_year_level_observed_date = EXCLUDED.this_year_level_observed_date, this_year_is_stale = EXCLUDED.this_year_is_stale, gate_count_open = EXCLUDED.gate_count_open, gate_discharge_cumec = EXCLUDED.gate_discharge_cumec, last_year_level_m = EXCLUDED.last_year_level_m, last_year_live_capacity_mcm = EXCLUDED.last_year_live_capacity_mcm, last_year_live_storage_percent = EXCLUDED.last_year_live_storage_percent, source_url = EXCLUDED.source_url, raw = EXCLUDED.raw, fetched_at = now();
INSERT INTO dams (dam_id, dam_name, state, district, river_basin, owner_agency, status, risk_class, safety_score, source_registry, source_record_id, source_publication_year, source_url, updated_at) VALUES ('MPWRD-10080', 'Upper Palakmati Tank', 'Madhya Pradesh', 'Raisen', 'Chief Engineer Chambal Betwa Basin, Bhopal', 'Madhya Pradesh Water Resources Department', 'operational'::dam_status, 'low'::risk_class, 100.00, 'MPWRD', '10080', 2026, 'https://eims1.mpwrd.gov.in/fcmreport/control/main', now()) ON CONFLICT (dam_id) DO UPDATE SET dam_name = EXCLUDED.dam_name, state = EXCLUDED.state, district = EXCLUDED.district, river_basin = EXCLUDED.river_basin, owner_agency = EXCLUDED.owner_agency, status = EXCLUDED.status, risk_class = EXCLUDED.risk_class, safety_score = EXCLUDED.safety_score, source_registry = EXCLUDED.source_registry, source_record_id = EXCLUDED.source_record_id, source_publication_year = EXCLUDED.source_publication_year, source_url = EXCLUDED.source_url, updated_at = now();
INSERT INTO dam_reservoir (dam_id, reservoir_name, live_storage_mcm, current_storage_mcm, frl_m, updated_at) VALUES ('MPWRD-10080', 'Upper Palakmati Tank', 11.03, 11.03, 482.50, now()) ON CONFLICT (dam_id) DO UPDATE SET reservoir_name = EXCLUDED.reservoir_name, live_storage_mcm = EXCLUDED.live_storage_mcm, current_storage_mcm = EXCLUDED.current_storage_mcm, frl_m = EXCLUDED.frl_m, updated_at = now();
INSERT INTO dam_engineering (dam_id, instrumentation, updated_at) VALUES ('MPWRD-10080', '{"basin_office": "Chief Engineer Chambal Betwa Basin, Bhopal", "gate_count_open": null, "gate_discharge_cumec": null, "last_year_level_m": null, "last_year_live_capacity_mcm": null, "last_year_live_storage_percent": null, "mpwrd_reservoir_code": "10080", "reading_time": "08:00:00", "this_year_is_stale": true, "this_year_level_observed_date": "2025-08-17"}'::jsonb, now()) ON CONFLICT (dam_id) DO UPDATE SET instrumentation = EXCLUDED.instrumentation, updated_at = now();
INSERT INTO mpwrd_reservoir_levels (source_registry, report_date, reservoir_code, dam_id, basin_office, reservoir_name, reading_time, district, frl_m, live_capacity_at_frl_mcm, this_year_level_m, this_year_live_capacity_mcm, this_year_live_storage_percent, this_year_level_observed_date, this_year_is_stale, gate_count_open, gate_discharge_cumec, last_year_level_m, last_year_live_capacity_mcm, last_year_live_storage_percent, source_url, raw, fetched_at) VALUES ('MPWRD', '2026-05-25', '10080', 'MPWRD-10080', 'Chief Engineer Chambal Betwa Basin, Bhopal', 'Upper Palakmati Tank', '08:00:00', 'Raisen', 482.50, 11.03, 482.50, 11.03, 100, '2025-08-17', TRUE, NULL, NULL, NULL, NULL, NULL, 'https://eims1.mpwrd.gov.in/fcmreport/control/main', '{"district": "Raisen", "frl_m": "482.50", "gate_count_open": "", "gate_discharge_cumec": "", "last_year_level_m": "", "last_year_live_capacity_mcm": "", "last_year_live_storage_percent": "", "live_capacity_at_frl_mcm": "11.03", "reservoir": "Upper Palakmati Tank [10080]", "serial": "49.", "this_year_level_m": "482.50 *", "this_year_live_capacity_mcm": "11.03", "this_year_live_storage_percent": "100", "time": "08:00:00"}'::jsonb, now()) ON CONFLICT (source_registry, report_date, reservoir_code) DO UPDATE SET dam_id = EXCLUDED.dam_id, basin_office = EXCLUDED.basin_office, reservoir_name = EXCLUDED.reservoir_name, reading_time = EXCLUDED.reading_time, district = EXCLUDED.district, frl_m = EXCLUDED.frl_m, live_capacity_at_frl_mcm = EXCLUDED.live_capacity_at_frl_mcm, this_year_level_m = EXCLUDED.this_year_level_m, this_year_live_capacity_mcm = EXCLUDED.this_year_live_capacity_mcm, this_year_live_storage_percent = EXCLUDED.this_year_live_storage_percent, this_year_level_observed_date = EXCLUDED.this_year_level_observed_date, this_year_is_stale = EXCLUDED.this_year_is_stale, gate_count_open = EXCLUDED.gate_count_open, gate_discharge_cumec = EXCLUDED.gate_discharge_cumec, last_year_level_m = EXCLUDED.last_year_level_m, last_year_live_capacity_mcm = EXCLUDED.last_year_live_capacity_mcm, last_year_live_storage_percent = EXCLUDED.last_year_live_storage_percent, source_url = EXCLUDED.source_url, raw = EXCLUDED.raw, fetched_at = now();
INSERT INTO dams (dam_id, dam_name, state, district, river_basin, owner_agency, status, risk_class, safety_score, source_registry, source_record_id, source_publication_year, source_url, updated_at) VALUES ('MPWRD-23492', 'Babir Tank', 'Madhya Pradesh', 'Sagar', 'Chief Engineer Dhasan Ken Basin, Sagar', 'Madhya Pradesh Water Resources Department', 'operational'::dam_status, 'moderate'::risk_class, 47.00, 'MPWRD', '23492', 2026, 'https://eims1.mpwrd.gov.in/fcmreport/control/main', now()) ON CONFLICT (dam_id) DO UPDATE SET dam_name = EXCLUDED.dam_name, state = EXCLUDED.state, district = EXCLUDED.district, river_basin = EXCLUDED.river_basin, owner_agency = EXCLUDED.owner_agency, status = EXCLUDED.status, risk_class = EXCLUDED.risk_class, safety_score = EXCLUDED.safety_score, source_registry = EXCLUDED.source_registry, source_record_id = EXCLUDED.source_record_id, source_publication_year = EXCLUDED.source_publication_year, source_url = EXCLUDED.source_url, updated_at = now();
INSERT INTO dam_reservoir (dam_id, reservoir_name, live_storage_mcm, current_storage_mcm, frl_m, updated_at) VALUES ('MPWRD-23492', 'Babir Tank', 7.48, 3.52, 480.00, now()) ON CONFLICT (dam_id) DO UPDATE SET reservoir_name = EXCLUDED.reservoir_name, live_storage_mcm = EXCLUDED.live_storage_mcm, current_storage_mcm = EXCLUDED.current_storage_mcm, frl_m = EXCLUDED.frl_m, updated_at = now();
INSERT INTO dam_engineering (dam_id, instrumentation, updated_at) VALUES ('MPWRD-23492', '{"basin_office": "Chief Engineer Dhasan Ken Basin, Sagar", "gate_count_open": null, "gate_discharge_cumec": null, "last_year_level_m": null, "last_year_live_capacity_mcm": null, "last_year_live_storage_percent": null, "mpwrd_reservoir_code": "23492", "reading_time": "08:00:00", "this_year_is_stale": true, "this_year_level_observed_date": "2025-08-22"}'::jsonb, now()) ON CONFLICT (dam_id) DO UPDATE SET instrumentation = EXCLUDED.instrumentation, updated_at = now();
INSERT INTO mpwrd_reservoir_levels (source_registry, report_date, reservoir_code, dam_id, basin_office, reservoir_name, reading_time, district, frl_m, live_capacity_at_frl_mcm, this_year_level_m, this_year_live_capacity_mcm, this_year_live_storage_percent, this_year_level_observed_date, this_year_is_stale, gate_count_open, gate_discharge_cumec, last_year_level_m, last_year_live_capacity_mcm, last_year_live_storage_percent, source_url, raw, fetched_at) VALUES ('MPWRD', '2026-05-25', '23492', 'MPWRD-23492', 'Chief Engineer Dhasan Ken Basin, Sagar', 'Babir Tank', '08:00:00', 'Sagar', 480.00, 7.48, 477.50, 3.52, 47, '2025-08-22', TRUE, NULL, NULL, NULL, NULL, NULL, 'https://eims1.mpwrd.gov.in/fcmreport/control/main', '{"district": "Sagar", "frl_m": "480.00", "gate_count_open": "", "gate_discharge_cumec": "", "last_year_level_m": "", "last_year_live_capacity_mcm": "", "last_year_live_storage_percent": "", "live_capacity_at_frl_mcm": "7.48", "reservoir": "Babir Tank [23492]", "serial": "50.", "this_year_level_m": "477.50*", "this_year_live_capacity_mcm": "3.52", "this_year_live_storage_percent": "47", "time": "08:00:00"}'::jsonb, now()) ON CONFLICT (source_registry, report_date, reservoir_code) DO UPDATE SET dam_id = EXCLUDED.dam_id, basin_office = EXCLUDED.basin_office, reservoir_name = EXCLUDED.reservoir_name, reading_time = EXCLUDED.reading_time, district = EXCLUDED.district, frl_m = EXCLUDED.frl_m, live_capacity_at_frl_mcm = EXCLUDED.live_capacity_at_frl_mcm, this_year_level_m = EXCLUDED.this_year_level_m, this_year_live_capacity_mcm = EXCLUDED.this_year_live_capacity_mcm, this_year_live_storage_percent = EXCLUDED.this_year_live_storage_percent, this_year_level_observed_date = EXCLUDED.this_year_level_observed_date, this_year_is_stale = EXCLUDED.this_year_is_stale, gate_count_open = EXCLUDED.gate_count_open, gate_discharge_cumec = EXCLUDED.gate_discharge_cumec, last_year_level_m = EXCLUDED.last_year_level_m, last_year_live_capacity_mcm = EXCLUDED.last_year_live_capacity_mcm, last_year_live_storage_percent = EXCLUDED.last_year_live_storage_percent, source_url = EXCLUDED.source_url, raw = EXCLUDED.raw, fetched_at = now();
INSERT INTO dams (dam_id, dam_name, state, district, river_basin, owner_agency, status, risk_class, safety_score, source_registry, source_record_id, source_publication_year, source_url, updated_at) VALUES ('MPWRD-20803', 'Baruwa Nalla', 'Madhya Pradesh', 'Niwari', 'Chief Engineer Dhasan Ken Basin, Sagar', 'Madhya Pradesh Water Resources Department', 'operational'::dam_status, 'low'::risk_class, 100.00, 'MPWRD', '20803', 2026, 'https://eims1.mpwrd.gov.in/fcmreport/control/main', now()) ON CONFLICT (dam_id) DO UPDATE SET dam_name = EXCLUDED.dam_name, state = EXCLUDED.state, district = EXCLUDED.district, river_basin = EXCLUDED.river_basin, owner_agency = EXCLUDED.owner_agency, status = EXCLUDED.status, risk_class = EXCLUDED.risk_class, safety_score = EXCLUDED.safety_score, source_registry = EXCLUDED.source_registry, source_record_id = EXCLUDED.source_record_id, source_publication_year = EXCLUDED.source_publication_year, source_url = EXCLUDED.source_url, updated_at = now();
INSERT INTO dam_reservoir (dam_id, reservoir_name, live_storage_mcm, current_storage_mcm, frl_m, updated_at) VALUES ('MPWRD-20803', 'Baruwa Nalla', 16.48, 16.48, 252.15, now()) ON CONFLICT (dam_id) DO UPDATE SET reservoir_name = EXCLUDED.reservoir_name, live_storage_mcm = EXCLUDED.live_storage_mcm, current_storage_mcm = EXCLUDED.current_storage_mcm, frl_m = EXCLUDED.frl_m, updated_at = now();
INSERT INTO dam_engineering (dam_id, instrumentation, updated_at) VALUES ('MPWRD-20803', '{"basin_office": "Chief Engineer Dhasan Ken Basin, Sagar", "gate_count_open": null, "gate_discharge_cumec": null, "last_year_level_m": null, "last_year_live_capacity_mcm": null, "last_year_live_storage_percent": null, "mpwrd_reservoir_code": "20803", "reading_time": "08:00:00", "this_year_is_stale": true, "this_year_level_observed_date": "2025-08-19"}'::jsonb, now()) ON CONFLICT (dam_id) DO UPDATE SET instrumentation = EXCLUDED.instrumentation, updated_at = now();
INSERT INTO mpwrd_reservoir_levels (source_registry, report_date, reservoir_code, dam_id, basin_office, reservoir_name, reading_time, district, frl_m, live_capacity_at_frl_mcm, this_year_level_m, this_year_live_capacity_mcm, this_year_live_storage_percent, this_year_level_observed_date, this_year_is_stale, gate_count_open, gate_discharge_cumec, last_year_level_m, last_year_live_capacity_mcm, last_year_live_storage_percent, source_url, raw, fetched_at) VALUES ('MPWRD', '2026-05-25', '20803', 'MPWRD-20803', 'Chief Engineer Dhasan Ken Basin, Sagar', 'Baruwa Nalla', '08:00:00', 'Niwari', 252.15, 16.48, 252.15, 16.48, 100, '2025-08-19', TRUE, NULL, NULL, NULL, NULL, NULL, 'https://eims1.mpwrd.gov.in/fcmreport/control/main', '{"district": "Niwari", "frl_m": "252.15", "gate_count_open": "", "gate_discharge_cumec": "", "last_year_level_m": "", "last_year_live_capacity_mcm": "", "last_year_live_storage_percent": "", "live_capacity_at_frl_mcm": "16.48", "reservoir": "Baruwa Nalla [20803]", "serial": "51.", "this_year_level_m": "252.15 *", "this_year_live_capacity_mcm": "16.48", "this_year_live_storage_percent": "100", "time": "08:00:00"}'::jsonb, now()) ON CONFLICT (source_registry, report_date, reservoir_code) DO UPDATE SET dam_id = EXCLUDED.dam_id, basin_office = EXCLUDED.basin_office, reservoir_name = EXCLUDED.reservoir_name, reading_time = EXCLUDED.reading_time, district = EXCLUDED.district, frl_m = EXCLUDED.frl_m, live_capacity_at_frl_mcm = EXCLUDED.live_capacity_at_frl_mcm, this_year_level_m = EXCLUDED.this_year_level_m, this_year_live_capacity_mcm = EXCLUDED.this_year_live_capacity_mcm, this_year_live_storage_percent = EXCLUDED.this_year_live_storage_percent, this_year_level_observed_date = EXCLUDED.this_year_level_observed_date, this_year_is_stale = EXCLUDED.this_year_is_stale, gate_count_open = EXCLUDED.gate_count_open, gate_discharge_cumec = EXCLUDED.gate_discharge_cumec, last_year_level_m = EXCLUDED.last_year_level_m, last_year_live_capacity_mcm = EXCLUDED.last_year_live_capacity_mcm, last_year_live_storage_percent = EXCLUDED.last_year_live_storage_percent, source_url = EXCLUDED.source_url, raw = EXCLUDED.raw, fetched_at = now();
INSERT INTO dams (dam_id, dam_name, state, district, river_basin, owner_agency, status, risk_class, safety_score, source_registry, source_record_id, source_publication_year, source_url, updated_at) VALUES ('MPWRD-10213', 'Beniganj Tank', 'Madhya Pradesh', 'Chhatarpur', 'Chief Engineer Dhasan Ken Basin, Sagar', 'Madhya Pradesh Water Resources Department', 'operational'::dam_status, 'low'::risk_class, 94.00, 'MPWRD', '10213', 2026, 'https://eims1.mpwrd.gov.in/fcmreport/control/main', now()) ON CONFLICT (dam_id) DO UPDATE SET dam_name = EXCLUDED.dam_name, state = EXCLUDED.state, district = EXCLUDED.district, river_basin = EXCLUDED.river_basin, owner_agency = EXCLUDED.owner_agency, status = EXCLUDED.status, risk_class = EXCLUDED.risk_class, safety_score = EXCLUDED.safety_score, source_registry = EXCLUDED.source_registry, source_record_id = EXCLUDED.source_record_id, source_publication_year = EXCLUDED.source_publication_year, source_url = EXCLUDED.source_url, updated_at = now();
INSERT INTO dam_reservoir (dam_id, reservoir_name, live_storage_mcm, current_storage_mcm, frl_m, updated_at) VALUES ('MPWRD-10213', 'Beniganj Tank', 26.21, 24.72, 311.81, now()) ON CONFLICT (dam_id) DO UPDATE SET reservoir_name = EXCLUDED.reservoir_name, live_storage_mcm = EXCLUDED.live_storage_mcm, current_storage_mcm = EXCLUDED.current_storage_mcm, frl_m = EXCLUDED.frl_m, updated_at = now();
INSERT INTO dam_engineering (dam_id, instrumentation, updated_at) VALUES ('MPWRD-10213', '{"basin_office": "Chief Engineer Dhasan Ken Basin, Sagar", "gate_count_open": null, "gate_discharge_cumec": null, "last_year_level_m": null, "last_year_live_capacity_mcm": null, "last_year_live_storage_percent": null, "mpwrd_reservoir_code": "10213", "reading_time": "08:00:00", "this_year_is_stale": true, "this_year_level_observed_date": "2025-09-23"}'::jsonb, now()) ON CONFLICT (dam_id) DO UPDATE SET instrumentation = EXCLUDED.instrumentation, updated_at = now();
INSERT INTO mpwrd_reservoir_levels (source_registry, report_date, reservoir_code, dam_id, basin_office, reservoir_name, reading_time, district, frl_m, live_capacity_at_frl_mcm, this_year_level_m, this_year_live_capacity_mcm, this_year_live_storage_percent, this_year_level_observed_date, this_year_is_stale, gate_count_open, gate_discharge_cumec, last_year_level_m, last_year_live_capacity_mcm, last_year_live_storage_percent, source_url, raw, fetched_at) VALUES ('MPWRD', '2026-05-25', '10213', 'MPWRD-10213', 'Chief Engineer Dhasan Ken Basin, Sagar', 'Beniganj Tank', '08:00:00', 'Chhatarpur', 311.81, 26.21, 311.59, 24.72, 94, '2025-09-23', TRUE, NULL, NULL, NULL, NULL, NULL, 'https://eims1.mpwrd.gov.in/fcmreport/control/main', '{"district": "Chhatarpur", "frl_m": "311.81", "gate_count_open": "", "gate_discharge_cumec": "", "last_year_level_m": "", "last_year_live_capacity_mcm": "", "last_year_live_storage_percent": "", "live_capacity_at_frl_mcm": "26.21", "reservoir": "Beniganj Tank [10213]", "serial": "52.", "this_year_level_m": "311.59*", "this_year_live_capacity_mcm": "24.72", "this_year_live_storage_percent": "94", "time": "08:00:00"}'::jsonb, now()) ON CONFLICT (source_registry, report_date, reservoir_code) DO UPDATE SET dam_id = EXCLUDED.dam_id, basin_office = EXCLUDED.basin_office, reservoir_name = EXCLUDED.reservoir_name, reading_time = EXCLUDED.reading_time, district = EXCLUDED.district, frl_m = EXCLUDED.frl_m, live_capacity_at_frl_mcm = EXCLUDED.live_capacity_at_frl_mcm, this_year_level_m = EXCLUDED.this_year_level_m, this_year_live_capacity_mcm = EXCLUDED.this_year_live_capacity_mcm, this_year_live_storage_percent = EXCLUDED.this_year_live_storage_percent, this_year_level_observed_date = EXCLUDED.this_year_level_observed_date, this_year_is_stale = EXCLUDED.this_year_is_stale, gate_count_open = EXCLUDED.gate_count_open, gate_discharge_cumec = EXCLUDED.gate_discharge_cumec, last_year_level_m = EXCLUDED.last_year_level_m, last_year_live_capacity_mcm = EXCLUDED.last_year_live_capacity_mcm, last_year_live_storage_percent = EXCLUDED.last_year_live_storage_percent, source_url = EXCLUDED.source_url, raw = EXCLUDED.raw, fetched_at = now();
INSERT INTO dams (dam_id, dam_name, state, district, river_basin, owner_agency, status, risk_class, safety_score, source_registry, source_record_id, source_publication_year, source_url, updated_at) VALUES ('MPWRD-21211', 'Bhajiya Tank', 'Madhya Pradesh', 'Damoh', 'Chief Engineer Dhasan Ken Basin, Sagar', 'Madhya Pradesh Water Resources Department', 'operational'::dam_status, 'low'::risk_class, 100.00, 'MPWRD', '21211', 2026, 'https://eims1.mpwrd.gov.in/fcmreport/control/main', now()) ON CONFLICT (dam_id) DO UPDATE SET dam_name = EXCLUDED.dam_name, state = EXCLUDED.state, district = EXCLUDED.district, river_basin = EXCLUDED.river_basin, owner_agency = EXCLUDED.owner_agency, status = EXCLUDED.status, risk_class = EXCLUDED.risk_class, safety_score = EXCLUDED.safety_score, source_registry = EXCLUDED.source_registry, source_record_id = EXCLUDED.source_record_id, source_publication_year = EXCLUDED.source_publication_year, source_url = EXCLUDED.source_url, updated_at = now();
INSERT INTO dam_reservoir (dam_id, reservoir_name, live_storage_mcm, current_storage_mcm, frl_m, updated_at) VALUES ('MPWRD-21211', 'Bhajiya Tank', 8.29, 8.29, 407.65, now()) ON CONFLICT (dam_id) DO UPDATE SET reservoir_name = EXCLUDED.reservoir_name, live_storage_mcm = EXCLUDED.live_storage_mcm, current_storage_mcm = EXCLUDED.current_storage_mcm, frl_m = EXCLUDED.frl_m, updated_at = now();
INSERT INTO dam_engineering (dam_id, instrumentation, updated_at) VALUES ('MPWRD-21211', '{"basin_office": "Chief Engineer Dhasan Ken Basin, Sagar", "gate_count_open": null, "gate_discharge_cumec": null, "last_year_level_m": null, "last_year_live_capacity_mcm": null, "last_year_live_storage_percent": null, "mpwrd_reservoir_code": "21211", "reading_time": "08:00:00", "this_year_is_stale": true, "this_year_level_observed_date": "2025-09-15"}'::jsonb, now()) ON CONFLICT (dam_id) DO UPDATE SET instrumentation = EXCLUDED.instrumentation, updated_at = now();
INSERT INTO mpwrd_reservoir_levels (source_registry, report_date, reservoir_code, dam_id, basin_office, reservoir_name, reading_time, district, frl_m, live_capacity_at_frl_mcm, this_year_level_m, this_year_live_capacity_mcm, this_year_live_storage_percent, this_year_level_observed_date, this_year_is_stale, gate_count_open, gate_discharge_cumec, last_year_level_m, last_year_live_capacity_mcm, last_year_live_storage_percent, source_url, raw, fetched_at) VALUES ('MPWRD', '2026-05-25', '21211', 'MPWRD-21211', 'Chief Engineer Dhasan Ken Basin, Sagar', 'Bhajiya Tank', '08:00:00', 'Damoh', 407.65, 8.29, 407.65, 8.29, 100, '2025-09-15', TRUE, NULL, NULL, NULL, NULL, NULL, 'https://eims1.mpwrd.gov.in/fcmreport/control/main', '{"district": "Damoh", "frl_m": "407.65", "gate_count_open": "", "gate_discharge_cumec": "", "last_year_level_m": "", "last_year_live_capacity_mcm": "", "last_year_live_storage_percent": "", "live_capacity_at_frl_mcm": "8.29", "reservoir": "Bhajiya Tank [21211]", "serial": "53.", "this_year_level_m": "407.65 *", "this_year_live_capacity_mcm": "8.29", "this_year_live_storage_percent": "100", "time": "08:00:00"}'::jsonb, now()) ON CONFLICT (source_registry, report_date, reservoir_code) DO UPDATE SET dam_id = EXCLUDED.dam_id, basin_office = EXCLUDED.basin_office, reservoir_name = EXCLUDED.reservoir_name, reading_time = EXCLUDED.reading_time, district = EXCLUDED.district, frl_m = EXCLUDED.frl_m, live_capacity_at_frl_mcm = EXCLUDED.live_capacity_at_frl_mcm, this_year_level_m = EXCLUDED.this_year_level_m, this_year_live_capacity_mcm = EXCLUDED.this_year_live_capacity_mcm, this_year_live_storage_percent = EXCLUDED.this_year_live_storage_percent, this_year_level_observed_date = EXCLUDED.this_year_level_observed_date, this_year_is_stale = EXCLUDED.this_year_is_stale, gate_count_open = EXCLUDED.gate_count_open, gate_discharge_cumec = EXCLUDED.gate_discharge_cumec, last_year_level_m = EXCLUDED.last_year_level_m, last_year_live_capacity_mcm = EXCLUDED.last_year_live_capacity_mcm, last_year_live_storage_percent = EXCLUDED.last_year_live_storage_percent, source_url = EXCLUDED.source_url, raw = EXCLUDED.raw, fetched_at = now();
INSERT INTO dams (dam_id, dam_name, state, district, river_basin, owner_agency, status, risk_class, safety_score, source_registry, source_record_id, source_publication_year, source_url, updated_at) VALUES ('MPWRD-10276', 'Bila Tank', 'Madhya Pradesh', 'Sagar', 'Chief Engineer Dhasan Ken Basin, Sagar', 'Madhya Pradesh Water Resources Department', 'operational'::dam_status, 'low'::risk_class, 99.00, 'MPWRD', '10276', 2026, 'https://eims1.mpwrd.gov.in/fcmreport/control/main', now()) ON CONFLICT (dam_id) DO UPDATE SET dam_name = EXCLUDED.dam_name, state = EXCLUDED.state, district = EXCLUDED.district, river_basin = EXCLUDED.river_basin, owner_agency = EXCLUDED.owner_agency, status = EXCLUDED.status, risk_class = EXCLUDED.risk_class, safety_score = EXCLUDED.safety_score, source_registry = EXCLUDED.source_registry, source_record_id = EXCLUDED.source_record_id, source_publication_year = EXCLUDED.source_publication_year, source_url = EXCLUDED.source_url, updated_at = now();
INSERT INTO dam_reservoir (dam_id, reservoir_name, live_storage_mcm, current_storage_mcm, frl_m, updated_at) VALUES ('MPWRD-10276', 'Bila Tank', 51.95, 51.89, 445.61, now()) ON CONFLICT (dam_id) DO UPDATE SET reservoir_name = EXCLUDED.reservoir_name, live_storage_mcm = EXCLUDED.live_storage_mcm, current_storage_mcm = EXCLUDED.current_storage_mcm, frl_m = EXCLUDED.frl_m, updated_at = now();
INSERT INTO dam_engineering (dam_id, instrumentation, updated_at) VALUES ('MPWRD-10276', '{"basin_office": "Chief Engineer Dhasan Ken Basin, Sagar", "gate_count_open": null, "gate_discharge_cumec": null, "last_year_level_m": null, "last_year_live_capacity_mcm": null, "last_year_live_storage_percent": null, "mpwrd_reservoir_code": "10276", "reading_time": "08:00:00", "this_year_is_stale": true, "this_year_level_observed_date": "2025-09-25"}'::jsonb, now()) ON CONFLICT (dam_id) DO UPDATE SET instrumentation = EXCLUDED.instrumentation, updated_at = now();
INSERT INTO mpwrd_reservoir_levels (source_registry, report_date, reservoir_code, dam_id, basin_office, reservoir_name, reading_time, district, frl_m, live_capacity_at_frl_mcm, this_year_level_m, this_year_live_capacity_mcm, this_year_live_storage_percent, this_year_level_observed_date, this_year_is_stale, gate_count_open, gate_discharge_cumec, last_year_level_m, last_year_live_capacity_mcm, last_year_live_storage_percent, source_url, raw, fetched_at) VALUES ('MPWRD', '2026-05-25', '10276', 'MPWRD-10276', 'Chief Engineer Dhasan Ken Basin, Sagar', 'Bila Tank', '08:00:00', 'Sagar', 445.61, 51.95, 445.61, 51.89, 99, '2025-09-25', TRUE, NULL, NULL, NULL, NULL, NULL, 'https://eims1.mpwrd.gov.in/fcmreport/control/main', '{"district": "Sagar", "frl_m": "445.61", "gate_count_open": "", "gate_discharge_cumec": "", "last_year_level_m": "", "last_year_live_capacity_mcm": "", "last_year_live_storage_percent": "", "live_capacity_at_frl_mcm": "51.95", "reservoir": "Bila Tank [10276]", "serial": "54.", "this_year_level_m": "445.61 *", "this_year_live_capacity_mcm": "51.89", "this_year_live_storage_percent": "99", "time": "08:00:00"}'::jsonb, now()) ON CONFLICT (source_registry, report_date, reservoir_code) DO UPDATE SET dam_id = EXCLUDED.dam_id, basin_office = EXCLUDED.basin_office, reservoir_name = EXCLUDED.reservoir_name, reading_time = EXCLUDED.reading_time, district = EXCLUDED.district, frl_m = EXCLUDED.frl_m, live_capacity_at_frl_mcm = EXCLUDED.live_capacity_at_frl_mcm, this_year_level_m = EXCLUDED.this_year_level_m, this_year_live_capacity_mcm = EXCLUDED.this_year_live_capacity_mcm, this_year_live_storage_percent = EXCLUDED.this_year_live_storage_percent, this_year_level_observed_date = EXCLUDED.this_year_level_observed_date, this_year_is_stale = EXCLUDED.this_year_is_stale, gate_count_open = EXCLUDED.gate_count_open, gate_discharge_cumec = EXCLUDED.gate_discharge_cumec, last_year_level_m = EXCLUDED.last_year_level_m, last_year_live_capacity_mcm = EXCLUDED.last_year_live_capacity_mcm, last_year_live_storage_percent = EXCLUDED.last_year_live_storage_percent, source_url = EXCLUDED.source_url, raw = EXCLUDED.raw, fetched_at = now();
INSERT INTO dams (dam_id, dam_name, state, district, river_basin, owner_agency, status, risk_class, safety_score, source_registry, source_record_id, source_publication_year, source_url, updated_at) VALUES ('MPWRD-41711', 'Churari Tank', 'Madhya Pradesh', 'Sagar', 'Chief Engineer Dhasan Ken Basin, Sagar', 'Madhya Pradesh Water Resources Department', 'operational'::dam_status, 'low'::risk_class, 100.00, 'MPWRD', '41711', 2026, 'https://eims1.mpwrd.gov.in/fcmreport/control/main', now()) ON CONFLICT (dam_id) DO UPDATE SET dam_name = EXCLUDED.dam_name, state = EXCLUDED.state, district = EXCLUDED.district, river_basin = EXCLUDED.river_basin, owner_agency = EXCLUDED.owner_agency, status = EXCLUDED.status, risk_class = EXCLUDED.risk_class, safety_score = EXCLUDED.safety_score, source_registry = EXCLUDED.source_registry, source_record_id = EXCLUDED.source_record_id, source_publication_year = EXCLUDED.source_publication_year, source_url = EXCLUDED.source_url, updated_at = now();
INSERT INTO dam_reservoir (dam_id, reservoir_name, live_storage_mcm, current_storage_mcm, frl_m, updated_at) VALUES ('MPWRD-41711', 'Churari Tank', 5.65, 5.65, 441.30, now()) ON CONFLICT (dam_id) DO UPDATE SET reservoir_name = EXCLUDED.reservoir_name, live_storage_mcm = EXCLUDED.live_storage_mcm, current_storage_mcm = EXCLUDED.current_storage_mcm, frl_m = EXCLUDED.frl_m, updated_at = now();
INSERT INTO dam_engineering (dam_id, instrumentation, updated_at) VALUES ('MPWRD-41711', '{"basin_office": "Chief Engineer Dhasan Ken Basin, Sagar", "gate_count_open": null, "gate_discharge_cumec": null, "last_year_level_m": null, "last_year_live_capacity_mcm": null, "last_year_live_storage_percent": null, "mpwrd_reservoir_code": "41711", "reading_time": "08:00:00", "this_year_is_stale": true, "this_year_level_observed_date": "2025-09-25"}'::jsonb, now()) ON CONFLICT (dam_id) DO UPDATE SET instrumentation = EXCLUDED.instrumentation, updated_at = now();
INSERT INTO mpwrd_reservoir_levels (source_registry, report_date, reservoir_code, dam_id, basin_office, reservoir_name, reading_time, district, frl_m, live_capacity_at_frl_mcm, this_year_level_m, this_year_live_capacity_mcm, this_year_live_storage_percent, this_year_level_observed_date, this_year_is_stale, gate_count_open, gate_discharge_cumec, last_year_level_m, last_year_live_capacity_mcm, last_year_live_storage_percent, source_url, raw, fetched_at) VALUES ('MPWRD', '2026-05-25', '41711', 'MPWRD-41711', 'Chief Engineer Dhasan Ken Basin, Sagar', 'Churari Tank', '08:00:00', 'Sagar', 441.30, 5.65, 441.30, 5.65, 100, '2025-09-25', TRUE, NULL, NULL, NULL, NULL, NULL, 'https://eims1.mpwrd.gov.in/fcmreport/control/main', '{"district": "Sagar", "frl_m": "441.30", "gate_count_open": "", "gate_discharge_cumec": "", "last_year_level_m": "", "last_year_live_capacity_mcm": "", "last_year_live_storage_percent": "", "live_capacity_at_frl_mcm": "5.65", "reservoir": "Churari Tank [41711]", "serial": "55.", "this_year_level_m": "441.30 *", "this_year_live_capacity_mcm": "5.65", "this_year_live_storage_percent": "100", "time": "08:00:00"}'::jsonb, now()) ON CONFLICT (source_registry, report_date, reservoir_code) DO UPDATE SET dam_id = EXCLUDED.dam_id, basin_office = EXCLUDED.basin_office, reservoir_name = EXCLUDED.reservoir_name, reading_time = EXCLUDED.reading_time, district = EXCLUDED.district, frl_m = EXCLUDED.frl_m, live_capacity_at_frl_mcm = EXCLUDED.live_capacity_at_frl_mcm, this_year_level_m = EXCLUDED.this_year_level_m, this_year_live_capacity_mcm = EXCLUDED.this_year_live_capacity_mcm, this_year_live_storage_percent = EXCLUDED.this_year_live_storage_percent, this_year_level_observed_date = EXCLUDED.this_year_level_observed_date, this_year_is_stale = EXCLUDED.this_year_is_stale, gate_count_open = EXCLUDED.gate_count_open, gate_discharge_cumec = EXCLUDED.gate_discharge_cumec, last_year_level_m = EXCLUDED.last_year_level_m, last_year_live_capacity_mcm = EXCLUDED.last_year_live_capacity_mcm, last_year_live_storage_percent = EXCLUDED.last_year_live_storage_percent, source_url = EXCLUDED.source_url, raw = EXCLUDED.raw, fetched_at = now();
INSERT INTO dams (dam_id, dam_name, state, district, river_basin, owner_agency, status, risk_class, safety_score, source_registry, source_record_id, source_publication_year, source_url, updated_at) VALUES ('MPWRD-32191', 'Deori Tank', 'Madhya Pradesh', 'Panna', 'Chief Engineer Dhasan Ken Basin, Sagar', 'Madhya Pradesh Water Resources Department', 'operational'::dam_status, 'low'::risk_class, 100.00, 'MPWRD', '32191', 2026, 'https://eims1.mpwrd.gov.in/fcmreport/control/main', now()) ON CONFLICT (dam_id) DO UPDATE SET dam_name = EXCLUDED.dam_name, state = EXCLUDED.state, district = EXCLUDED.district, river_basin = EXCLUDED.river_basin, owner_agency = EXCLUDED.owner_agency, status = EXCLUDED.status, risk_class = EXCLUDED.risk_class, safety_score = EXCLUDED.safety_score, source_registry = EXCLUDED.source_registry, source_record_id = EXCLUDED.source_record_id, source_publication_year = EXCLUDED.source_publication_year, source_url = EXCLUDED.source_url, updated_at = now();
INSERT INTO dam_reservoir (dam_id, reservoir_name, live_storage_mcm, current_storage_mcm, frl_m, updated_at) VALUES ('MPWRD-32191', 'Deori Tank', 8.38, 8.38, 339.50, now()) ON CONFLICT (dam_id) DO UPDATE SET reservoir_name = EXCLUDED.reservoir_name, live_storage_mcm = EXCLUDED.live_storage_mcm, current_storage_mcm = EXCLUDED.current_storage_mcm, frl_m = EXCLUDED.frl_m, updated_at = now();
INSERT INTO dam_engineering (dam_id, instrumentation, updated_at) VALUES ('MPWRD-32191', '{"basin_office": "Chief Engineer Dhasan Ken Basin, Sagar", "gate_count_open": null, "gate_discharge_cumec": null, "last_year_level_m": null, "last_year_live_capacity_mcm": null, "last_year_live_storage_percent": null, "mpwrd_reservoir_code": "32191", "reading_time": "08:00:00", "this_year_is_stale": true, "this_year_level_observed_date": "2025-07-18"}'::jsonb, now()) ON CONFLICT (dam_id) DO UPDATE SET instrumentation = EXCLUDED.instrumentation, updated_at = now();
INSERT INTO mpwrd_reservoir_levels (source_registry, report_date, reservoir_code, dam_id, basin_office, reservoir_name, reading_time, district, frl_m, live_capacity_at_frl_mcm, this_year_level_m, this_year_live_capacity_mcm, this_year_live_storage_percent, this_year_level_observed_date, this_year_is_stale, gate_count_open, gate_discharge_cumec, last_year_level_m, last_year_live_capacity_mcm, last_year_live_storage_percent, source_url, raw, fetched_at) VALUES ('MPWRD', '2026-05-25', '32191', 'MPWRD-32191', 'Chief Engineer Dhasan Ken Basin, Sagar', 'Deori Tank', '08:00:00', 'Panna', 339.50, 8.38, 339.50, 8.38, 100, '2025-07-18', TRUE, NULL, NULL, NULL, NULL, NULL, 'https://eims1.mpwrd.gov.in/fcmreport/control/main', '{"district": "Panna", "frl_m": "339.50", "gate_count_open": "", "gate_discharge_cumec": "", "last_year_level_m": "", "last_year_live_capacity_mcm": "", "last_year_live_storage_percent": "", "live_capacity_at_frl_mcm": "8.38", "reservoir": "Deori Tank [32191]", "serial": "56.", "this_year_level_m": "339.50 *", "this_year_live_capacity_mcm": "8.38", "this_year_live_storage_percent": "100", "time": "08:00:00"}'::jsonb, now()) ON CONFLICT (source_registry, report_date, reservoir_code) DO UPDATE SET dam_id = EXCLUDED.dam_id, basin_office = EXCLUDED.basin_office, reservoir_name = EXCLUDED.reservoir_name, reading_time = EXCLUDED.reading_time, district = EXCLUDED.district, frl_m = EXCLUDED.frl_m, live_capacity_at_frl_mcm = EXCLUDED.live_capacity_at_frl_mcm, this_year_level_m = EXCLUDED.this_year_level_m, this_year_live_capacity_mcm = EXCLUDED.this_year_live_capacity_mcm, this_year_live_storage_percent = EXCLUDED.this_year_live_storage_percent, this_year_level_observed_date = EXCLUDED.this_year_level_observed_date, this_year_is_stale = EXCLUDED.this_year_is_stale, gate_count_open = EXCLUDED.gate_count_open, gate_discharge_cumec = EXCLUDED.gate_discharge_cumec, last_year_level_m = EXCLUDED.last_year_level_m, last_year_live_capacity_mcm = EXCLUDED.last_year_live_capacity_mcm, last_year_live_storage_percent = EXCLUDED.last_year_live_storage_percent, source_url = EXCLUDED.source_url, raw = EXCLUDED.raw, fetched_at = now();
INSERT INTO dams (dam_id, dam_name, state, district, river_basin, owner_agency, status, risk_class, safety_score, source_registry, source_record_id, source_publication_year, source_url, updated_at) VALUES ('MPWRD-10256', 'DEvendra Nagar Tank', 'Madhya Pradesh', 'Panna', 'Chief Engineer Dhasan Ken Basin, Sagar', 'Madhya Pradesh Water Resources Department', 'operational'::dam_status, 'low'::risk_class, 100.00, 'MPWRD', '10256', 2026, 'https://eims1.mpwrd.gov.in/fcmreport/control/main', now()) ON CONFLICT (dam_id) DO UPDATE SET dam_name = EXCLUDED.dam_name, state = EXCLUDED.state, district = EXCLUDED.district, river_basin = EXCLUDED.river_basin, owner_agency = EXCLUDED.owner_agency, status = EXCLUDED.status, risk_class = EXCLUDED.risk_class, safety_score = EXCLUDED.safety_score, source_registry = EXCLUDED.source_registry, source_record_id = EXCLUDED.source_record_id, source_publication_year = EXCLUDED.source_publication_year, source_url = EXCLUDED.source_url, updated_at = now();
INSERT INTO dam_reservoir (dam_id, reservoir_name, live_storage_mcm, current_storage_mcm, frl_m, updated_at) VALUES ('MPWRD-10256', 'DEvendra Nagar Tank', 10.10, 10.10, 47.85, now()) ON CONFLICT (dam_id) DO UPDATE SET reservoir_name = EXCLUDED.reservoir_name, live_storage_mcm = EXCLUDED.live_storage_mcm, current_storage_mcm = EXCLUDED.current_storage_mcm, frl_m = EXCLUDED.frl_m, updated_at = now();
INSERT INTO dam_engineering (dam_id, instrumentation, updated_at) VALUES ('MPWRD-10256', '{"basin_office": "Chief Engineer Dhasan Ken Basin, Sagar", "gate_count_open": null, "gate_discharge_cumec": null, "last_year_level_m": null, "last_year_live_capacity_mcm": null, "last_year_live_storage_percent": null, "mpwrd_reservoir_code": "10256", "reading_time": "08:00:00", "this_year_is_stale": true, "this_year_level_observed_date": "2025-08-21"}'::jsonb, now()) ON CONFLICT (dam_id) DO UPDATE SET instrumentation = EXCLUDED.instrumentation, updated_at = now();
INSERT INTO mpwrd_reservoir_levels (source_registry, report_date, reservoir_code, dam_id, basin_office, reservoir_name, reading_time, district, frl_m, live_capacity_at_frl_mcm, this_year_level_m, this_year_live_capacity_mcm, this_year_live_storage_percent, this_year_level_observed_date, this_year_is_stale, gate_count_open, gate_discharge_cumec, last_year_level_m, last_year_live_capacity_mcm, last_year_live_storage_percent, source_url, raw, fetched_at) VALUES ('MPWRD', '2026-05-25', '10256', 'MPWRD-10256', 'Chief Engineer Dhasan Ken Basin, Sagar', 'DEvendra Nagar Tank', '08:00:00', 'Panna', 47.85, 10.10, 47.85, 10.10, 100, '2025-08-21', TRUE, NULL, NULL, NULL, NULL, NULL, 'https://eims1.mpwrd.gov.in/fcmreport/control/main', '{"district": "Panna", "frl_m": "47.85", "gate_count_open": "", "gate_discharge_cumec": "", "last_year_level_m": "", "last_year_live_capacity_mcm": "", "last_year_live_storage_percent": "", "live_capacity_at_frl_mcm": "10.10", "reservoir": "DEvendra Nagar Tank [10256]", "serial": "57.", "this_year_level_m": "47.85 *", "this_year_live_capacity_mcm": "10.10", "this_year_live_storage_percent": "100", "time": "08:00:00"}'::jsonb, now()) ON CONFLICT (source_registry, report_date, reservoir_code) DO UPDATE SET dam_id = EXCLUDED.dam_id, basin_office = EXCLUDED.basin_office, reservoir_name = EXCLUDED.reservoir_name, reading_time = EXCLUDED.reading_time, district = EXCLUDED.district, frl_m = EXCLUDED.frl_m, live_capacity_at_frl_mcm = EXCLUDED.live_capacity_at_frl_mcm, this_year_level_m = EXCLUDED.this_year_level_m, this_year_live_capacity_mcm = EXCLUDED.this_year_live_capacity_mcm, this_year_live_storage_percent = EXCLUDED.this_year_live_storage_percent, this_year_level_observed_date = EXCLUDED.this_year_level_observed_date, this_year_is_stale = EXCLUDED.this_year_is_stale, gate_count_open = EXCLUDED.gate_count_open, gate_discharge_cumec = EXCLUDED.gate_discharge_cumec, last_year_level_m = EXCLUDED.last_year_level_m, last_year_live_capacity_mcm = EXCLUDED.last_year_live_capacity_mcm, last_year_live_storage_percent = EXCLUDED.last_year_live_storage_percent, source_url = EXCLUDED.source_url, raw = EXCLUDED.raw, fetched_at = now();
INSERT INTO dams (dam_id, dam_name, state, district, river_basin, owner_agency, status, risk_class, safety_score, source_registry, source_record_id, source_publication_year, source_url, updated_at) VALUES ('MPWRD-10286', 'Dharam Sagar Tank', 'Madhya Pradesh', 'Tikamgarh', 'Chief Engineer Dhasan Ken Basin, Sagar', 'Madhya Pradesh Water Resources Department', 'operational'::dam_status, 'moderate'::risk_class, 37.00, 'MPWRD', '10286', 2026, 'https://eims1.mpwrd.gov.in/fcmreport/control/main', now()) ON CONFLICT (dam_id) DO UPDATE SET dam_name = EXCLUDED.dam_name, state = EXCLUDED.state, district = EXCLUDED.district, river_basin = EXCLUDED.river_basin, owner_agency = EXCLUDED.owner_agency, status = EXCLUDED.status, risk_class = EXCLUDED.risk_class, safety_score = EXCLUDED.safety_score, source_registry = EXCLUDED.source_registry, source_record_id = EXCLUDED.source_record_id, source_publication_year = EXCLUDED.source_publication_year, source_url = EXCLUDED.source_url, updated_at = now();
INSERT INTO dam_reservoir (dam_id, reservoir_name, live_storage_mcm, current_storage_mcm, frl_m, updated_at) VALUES ('MPWRD-10286', 'Dharam Sagar Tank', 12.23, 4.64, 299.60, now()) ON CONFLICT (dam_id) DO UPDATE SET reservoir_name = EXCLUDED.reservoir_name, live_storage_mcm = EXCLUDED.live_storage_mcm, current_storage_mcm = EXCLUDED.current_storage_mcm, frl_m = EXCLUDED.frl_m, updated_at = now();
INSERT INTO dam_engineering (dam_id, instrumentation, updated_at) VALUES ('MPWRD-10286', '{"basin_office": "Chief Engineer Dhasan Ken Basin, Sagar", "gate_count_open": null, "gate_discharge_cumec": null, "last_year_level_m": null, "last_year_live_capacity_mcm": null, "last_year_live_storage_percent": null, "mpwrd_reservoir_code": "10286", "reading_time": "08:00:00", "this_year_is_stale": true, "this_year_level_observed_date": "2025-07-28"}'::jsonb, now()) ON CONFLICT (dam_id) DO UPDATE SET instrumentation = EXCLUDED.instrumentation, updated_at = now();
INSERT INTO mpwrd_reservoir_levels (source_registry, report_date, reservoir_code, dam_id, basin_office, reservoir_name, reading_time, district, frl_m, live_capacity_at_frl_mcm, this_year_level_m, this_year_live_capacity_mcm, this_year_live_storage_percent, this_year_level_observed_date, this_year_is_stale, gate_count_open, gate_discharge_cumec, last_year_level_m, last_year_live_capacity_mcm, last_year_live_storage_percent, source_url, raw, fetched_at) VALUES ('MPWRD', '2026-05-25', '10286', 'MPWRD-10286', 'Chief Engineer Dhasan Ken Basin, Sagar', 'Dharam Sagar Tank', '08:00:00', 'Tikamgarh', 299.60, 12.23, 297.40, 4.64, 37, '2025-07-28', TRUE, NULL, NULL, NULL, NULL, NULL, 'https://eims1.mpwrd.gov.in/fcmreport/control/main', '{"district": "Tikamgarh", "frl_m": "299.60", "gate_count_open": "", "gate_discharge_cumec": "", "last_year_level_m": "", "last_year_live_capacity_mcm": "", "last_year_live_storage_percent": "", "live_capacity_at_frl_mcm": "12.23", "reservoir": "Dharam Sagar Tank [10286]", "serial": "58.", "this_year_level_m": "297.40*", "this_year_live_capacity_mcm": "4.64", "this_year_live_storage_percent": "37", "time": "08:00:00"}'::jsonb, now()) ON CONFLICT (source_registry, report_date, reservoir_code) DO UPDATE SET dam_id = EXCLUDED.dam_id, basin_office = EXCLUDED.basin_office, reservoir_name = EXCLUDED.reservoir_name, reading_time = EXCLUDED.reading_time, district = EXCLUDED.district, frl_m = EXCLUDED.frl_m, live_capacity_at_frl_mcm = EXCLUDED.live_capacity_at_frl_mcm, this_year_level_m = EXCLUDED.this_year_level_m, this_year_live_capacity_mcm = EXCLUDED.this_year_live_capacity_mcm, this_year_live_storage_percent = EXCLUDED.this_year_live_storage_percent, this_year_level_observed_date = EXCLUDED.this_year_level_observed_date, this_year_is_stale = EXCLUDED.this_year_is_stale, gate_count_open = EXCLUDED.gate_count_open, gate_discharge_cumec = EXCLUDED.gate_discharge_cumec, last_year_level_m = EXCLUDED.last_year_level_m, last_year_live_capacity_mcm = EXCLUDED.last_year_live_capacity_mcm, last_year_live_storage_percent = EXCLUDED.last_year_live_storage_percent, source_url = EXCLUDED.source_url, raw = EXCLUDED.raw, fetched_at = now();
INSERT INTO dams (dam_id, dam_name, state, district, river_basin, owner_agency, status, risk_class, safety_score, source_registry, source_record_id, source_publication_year, source_url, updated_at) VALUES ('MPWRD-10137', 'Dharoli Tank', 'Madhya Pradesh', 'Damoh', 'Chief Engineer Dhasan Ken Basin, Sagar', 'Madhya Pradesh Water Resources Department', 'operational'::dam_status, 'low'::risk_class, 100.00, 'MPWRD', '10137', 2026, 'https://eims1.mpwrd.gov.in/fcmreport/control/main', now()) ON CONFLICT (dam_id) DO UPDATE SET dam_name = EXCLUDED.dam_name, state = EXCLUDED.state, district = EXCLUDED.district, river_basin = EXCLUDED.river_basin, owner_agency = EXCLUDED.owner_agency, status = EXCLUDED.status, risk_class = EXCLUDED.risk_class, safety_score = EXCLUDED.safety_score, source_registry = EXCLUDED.source_registry, source_record_id = EXCLUDED.source_record_id, source_publication_year = EXCLUDED.source_publication_year, source_url = EXCLUDED.source_url, updated_at = now();
INSERT INTO dam_reservoir (dam_id, reservoir_name, live_storage_mcm, current_storage_mcm, frl_m, updated_at) VALUES ('MPWRD-10137', 'Dharoli Tank', 4.87, 4.87, 406.67, now()) ON CONFLICT (dam_id) DO UPDATE SET reservoir_name = EXCLUDED.reservoir_name, live_storage_mcm = EXCLUDED.live_storage_mcm, current_storage_mcm = EXCLUDED.current_storage_mcm, frl_m = EXCLUDED.frl_m, updated_at = now();
INSERT INTO dam_engineering (dam_id, instrumentation, updated_at) VALUES ('MPWRD-10137', '{"basin_office": "Chief Engineer Dhasan Ken Basin, Sagar", "gate_count_open": null, "gate_discharge_cumec": null, "last_year_level_m": null, "last_year_live_capacity_mcm": null, "last_year_live_storage_percent": null, "mpwrd_reservoir_code": "10137", "reading_time": "08:00:00", "this_year_is_stale": true, "this_year_level_observed_date": "2025-09-25"}'::jsonb, now()) ON CONFLICT (dam_id) DO UPDATE SET instrumentation = EXCLUDED.instrumentation, updated_at = now();
INSERT INTO mpwrd_reservoir_levels (source_registry, report_date, reservoir_code, dam_id, basin_office, reservoir_name, reading_time, district, frl_m, live_capacity_at_frl_mcm, this_year_level_m, this_year_live_capacity_mcm, this_year_live_storage_percent, this_year_level_observed_date, this_year_is_stale, gate_count_open, gate_discharge_cumec, last_year_level_m, last_year_live_capacity_mcm, last_year_live_storage_percent, source_url, raw, fetched_at) VALUES ('MPWRD', '2026-05-25', '10137', 'MPWRD-10137', 'Chief Engineer Dhasan Ken Basin, Sagar', 'Dharoli Tank', '08:00:00', 'Damoh', 406.67, 4.87, 406.67, 4.87, 100, '2025-09-25', TRUE, NULL, NULL, NULL, NULL, NULL, 'https://eims1.mpwrd.gov.in/fcmreport/control/main', '{"district": "Damoh", "frl_m": "406.67", "gate_count_open": "", "gate_discharge_cumec": "", "last_year_level_m": "", "last_year_live_capacity_mcm": "", "last_year_live_storage_percent": "", "live_capacity_at_frl_mcm": "4.87", "reservoir": "Dharoli Tank [10137]", "serial": "59.", "this_year_level_m": "406.67 *", "this_year_live_capacity_mcm": "4.87", "this_year_live_storage_percent": "100", "time": "08:00:00"}'::jsonb, now()) ON CONFLICT (source_registry, report_date, reservoir_code) DO UPDATE SET dam_id = EXCLUDED.dam_id, basin_office = EXCLUDED.basin_office, reservoir_name = EXCLUDED.reservoir_name, reading_time = EXCLUDED.reading_time, district = EXCLUDED.district, frl_m = EXCLUDED.frl_m, live_capacity_at_frl_mcm = EXCLUDED.live_capacity_at_frl_mcm, this_year_level_m = EXCLUDED.this_year_level_m, this_year_live_capacity_mcm = EXCLUDED.this_year_live_capacity_mcm, this_year_live_storage_percent = EXCLUDED.this_year_live_storage_percent, this_year_level_observed_date = EXCLUDED.this_year_level_observed_date, this_year_is_stale = EXCLUDED.this_year_is_stale, gate_count_open = EXCLUDED.gate_count_open, gate_discharge_cumec = EXCLUDED.gate_discharge_cumec, last_year_level_m = EXCLUDED.last_year_level_m, last_year_live_capacity_mcm = EXCLUDED.last_year_live_capacity_mcm, last_year_live_storage_percent = EXCLUDED.last_year_live_storage_percent, source_url = EXCLUDED.source_url, raw = EXCLUDED.raw, fetched_at = now();
INSERT INTO dams (dam_id, dam_name, state, district, river_basin, owner_agency, status, risk_class, safety_score, source_registry, source_record_id, source_publication_year, source_url, updated_at) VALUES ('MPWRD-21237', 'Gora Tank', 'Madhya Pradesh', 'Chhatarpur', 'Chief Engineer Dhasan Ken Basin, Sagar', 'Madhya Pradesh Water Resources Department', 'operational'::dam_status, 'low'::risk_class, 100.00, 'MPWRD', '21237', 2026, 'https://eims1.mpwrd.gov.in/fcmreport/control/main', now()) ON CONFLICT (dam_id) DO UPDATE SET dam_name = EXCLUDED.dam_name, state = EXCLUDED.state, district = EXCLUDED.district, river_basin = EXCLUDED.river_basin, owner_agency = EXCLUDED.owner_agency, status = EXCLUDED.status, risk_class = EXCLUDED.risk_class, safety_score = EXCLUDED.safety_score, source_registry = EXCLUDED.source_registry, source_record_id = EXCLUDED.source_record_id, source_publication_year = EXCLUDED.source_publication_year, source_url = EXCLUDED.source_url, updated_at = now();
INSERT INTO dam_reservoir (dam_id, reservoir_name, live_storage_mcm, current_storage_mcm, frl_m, updated_at) VALUES ('MPWRD-21237', 'Gora Tank', 11.00, 11.00, 264.56, now()) ON CONFLICT (dam_id) DO UPDATE SET reservoir_name = EXCLUDED.reservoir_name, live_storage_mcm = EXCLUDED.live_storage_mcm, current_storage_mcm = EXCLUDED.current_storage_mcm, frl_m = EXCLUDED.frl_m, updated_at = now();
INSERT INTO dam_engineering (dam_id, instrumentation, updated_at) VALUES ('MPWRD-21237', '{"basin_office": "Chief Engineer Dhasan Ken Basin, Sagar", "gate_count_open": null, "gate_discharge_cumec": null, "last_year_level_m": null, "last_year_live_capacity_mcm": null, "last_year_live_storage_percent": null, "mpwrd_reservoir_code": "21237", "reading_time": "08:00:00", "this_year_is_stale": true, "this_year_level_observed_date": "2025-09-24"}'::jsonb, now()) ON CONFLICT (dam_id) DO UPDATE SET instrumentation = EXCLUDED.instrumentation, updated_at = now();
INSERT INTO mpwrd_reservoir_levels (source_registry, report_date, reservoir_code, dam_id, basin_office, reservoir_name, reading_time, district, frl_m, live_capacity_at_frl_mcm, this_year_level_m, this_year_live_capacity_mcm, this_year_live_storage_percent, this_year_level_observed_date, this_year_is_stale, gate_count_open, gate_discharge_cumec, last_year_level_m, last_year_live_capacity_mcm, last_year_live_storage_percent, source_url, raw, fetched_at) VALUES ('MPWRD', '2026-05-25', '21237', 'MPWRD-21237', 'Chief Engineer Dhasan Ken Basin, Sagar', 'Gora Tank', '08:00:00', 'Chhatarpur', 264.56, 11.00, 264.56, 11.00, 100, '2025-09-24', TRUE, NULL, NULL, NULL, NULL, NULL, 'https://eims1.mpwrd.gov.in/fcmreport/control/main', '{"district": "Chhatarpur", "frl_m": "264.56", "gate_count_open": "", "gate_discharge_cumec": "", "last_year_level_m": "", "last_year_live_capacity_mcm": "", "last_year_live_storage_percent": "", "live_capacity_at_frl_mcm": "11.00", "reservoir": "Gora Tank [21237]", "serial": "60.", "this_year_level_m": "264.56 *", "this_year_live_capacity_mcm": "11.00", "this_year_live_storage_percent": "100", "time": "08:00:00"}'::jsonb, now()) ON CONFLICT (source_registry, report_date, reservoir_code) DO UPDATE SET dam_id = EXCLUDED.dam_id, basin_office = EXCLUDED.basin_office, reservoir_name = EXCLUDED.reservoir_name, reading_time = EXCLUDED.reading_time, district = EXCLUDED.district, frl_m = EXCLUDED.frl_m, live_capacity_at_frl_mcm = EXCLUDED.live_capacity_at_frl_mcm, this_year_level_m = EXCLUDED.this_year_level_m, this_year_live_capacity_mcm = EXCLUDED.this_year_live_capacity_mcm, this_year_live_storage_percent = EXCLUDED.this_year_live_storage_percent, this_year_level_observed_date = EXCLUDED.this_year_level_observed_date, this_year_is_stale = EXCLUDED.this_year_is_stale, gate_count_open = EXCLUDED.gate_count_open, gate_discharge_cumec = EXCLUDED.gate_discharge_cumec, last_year_level_m = EXCLUDED.last_year_level_m, last_year_live_capacity_mcm = EXCLUDED.last_year_live_capacity_mcm, last_year_live_storage_percent = EXCLUDED.last_year_live_storage_percent, source_url = EXCLUDED.source_url, raw = EXCLUDED.raw, fetched_at = now();
INSERT INTO dams (dam_id, dam_name, state, district, river_basin, owner_agency, status, risk_class, safety_score, source_registry, source_record_id, source_publication_year, source_url, updated_at) VALUES ('MPWRD-28472', 'Gwal Sagar Tank', 'Madhya Pradesh', 'Tikamgarh', 'Chief Engineer Dhasan Ken Basin, Sagar', 'Madhya Pradesh Water Resources Department', 'operational'::dam_status, 'low'::risk_class, 100.00, 'MPWRD', '28472', 2026, 'https://eims1.mpwrd.gov.in/fcmreport/control/main', now()) ON CONFLICT (dam_id) DO UPDATE SET dam_name = EXCLUDED.dam_name, state = EXCLUDED.state, district = EXCLUDED.district, river_basin = EXCLUDED.river_basin, owner_agency = EXCLUDED.owner_agency, status = EXCLUDED.status, risk_class = EXCLUDED.risk_class, safety_score = EXCLUDED.safety_score, source_registry = EXCLUDED.source_registry, source_record_id = EXCLUDED.source_record_id, source_publication_year = EXCLUDED.source_publication_year, source_url = EXCLUDED.source_url, updated_at = now();
INSERT INTO dam_reservoir (dam_id, reservoir_name, live_storage_mcm, current_storage_mcm, frl_m, updated_at) VALUES ('MPWRD-28472', 'Gwal Sagar Tank', 10.26, 10.26, 304.80, now()) ON CONFLICT (dam_id) DO UPDATE SET reservoir_name = EXCLUDED.reservoir_name, live_storage_mcm = EXCLUDED.live_storage_mcm, current_storage_mcm = EXCLUDED.current_storage_mcm, frl_m = EXCLUDED.frl_m, updated_at = now();
INSERT INTO dam_engineering (dam_id, instrumentation, updated_at) VALUES ('MPWRD-28472', '{"basin_office": "Chief Engineer Dhasan Ken Basin, Sagar", "gate_count_open": null, "gate_discharge_cumec": null, "last_year_level_m": null, "last_year_live_capacity_mcm": null, "last_year_live_storage_percent": null, "mpwrd_reservoir_code": "28472", "reading_time": "08:00:00", "this_year_is_stale": true, "this_year_level_observed_date": "2025-08-16"}'::jsonb, now()) ON CONFLICT (dam_id) DO UPDATE SET instrumentation = EXCLUDED.instrumentation, updated_at = now();
INSERT INTO mpwrd_reservoir_levels (source_registry, report_date, reservoir_code, dam_id, basin_office, reservoir_name, reading_time, district, frl_m, live_capacity_at_frl_mcm, this_year_level_m, this_year_live_capacity_mcm, this_year_live_storage_percent, this_year_level_observed_date, this_year_is_stale, gate_count_open, gate_discharge_cumec, last_year_level_m, last_year_live_capacity_mcm, last_year_live_storage_percent, source_url, raw, fetched_at) VALUES ('MPWRD', '2026-05-25', '28472', 'MPWRD-28472', 'Chief Engineer Dhasan Ken Basin, Sagar', 'Gwal Sagar Tank', '08:00:00', 'Tikamgarh', 304.80, 10.26, 304.80, 10.26, 100, '2025-08-16', TRUE, NULL, NULL, NULL, NULL, NULL, 'https://eims1.mpwrd.gov.in/fcmreport/control/main', '{"district": "Tikamgarh", "frl_m": "304.80", "gate_count_open": "", "gate_discharge_cumec": "", "last_year_level_m": "", "last_year_live_capacity_mcm": "", "last_year_live_storage_percent": "", "live_capacity_at_frl_mcm": "10.26", "reservoir": "Gwal Sagar Tank [28472]", "serial": "61.", "this_year_level_m": "304.80 *", "this_year_live_capacity_mcm": "10.26", "this_year_live_storage_percent": "100", "time": "08:00:00"}'::jsonb, now()) ON CONFLICT (source_registry, report_date, reservoir_code) DO UPDATE SET dam_id = EXCLUDED.dam_id, basin_office = EXCLUDED.basin_office, reservoir_name = EXCLUDED.reservoir_name, reading_time = EXCLUDED.reading_time, district = EXCLUDED.district, frl_m = EXCLUDED.frl_m, live_capacity_at_frl_mcm = EXCLUDED.live_capacity_at_frl_mcm, this_year_level_m = EXCLUDED.this_year_level_m, this_year_live_capacity_mcm = EXCLUDED.this_year_live_capacity_mcm, this_year_live_storage_percent = EXCLUDED.this_year_live_storage_percent, this_year_level_observed_date = EXCLUDED.this_year_level_observed_date, this_year_is_stale = EXCLUDED.this_year_is_stale, gate_count_open = EXCLUDED.gate_count_open, gate_discharge_cumec = EXCLUDED.gate_discharge_cumec, last_year_level_m = EXCLUDED.last_year_level_m, last_year_live_capacity_mcm = EXCLUDED.last_year_live_capacity_mcm, last_year_live_storage_percent = EXCLUDED.last_year_live_storage_percent, source_url = EXCLUDED.source_url, raw = EXCLUDED.raw, fetched_at = now();
INSERT INTO dams (dam_id, dam_name, state, district, river_basin, owner_agency, status, risk_class, safety_score, source_registry, source_record_id, source_publication_year, source_url, updated_at) VALUES ('MPWRD-40374', 'Hilgon Tank', 'Madhya Pradesh', 'Sagar', 'Chief Engineer Dhasan Ken Basin, Sagar', 'Madhya Pradesh Water Resources Department', 'operational'::dam_status, 'moderate'::risk_class, 30.00, 'MPWRD', '40374', 2026, 'https://eims1.mpwrd.gov.in/fcmreport/control/main', now()) ON CONFLICT (dam_id) DO UPDATE SET dam_name = EXCLUDED.dam_name, state = EXCLUDED.state, district = EXCLUDED.district, river_basin = EXCLUDED.river_basin, owner_agency = EXCLUDED.owner_agency, status = EXCLUDED.status, risk_class = EXCLUDED.risk_class, safety_score = EXCLUDED.safety_score, source_registry = EXCLUDED.source_registry, source_record_id = EXCLUDED.source_record_id, source_publication_year = EXCLUDED.source_publication_year, source_url = EXCLUDED.source_url, updated_at = now();
INSERT INTO dam_reservoir (dam_id, reservoir_name, live_storage_mcm, current_storage_mcm, frl_m, updated_at) VALUES ('MPWRD-40374', 'Hilgon Tank', 9.37, 2.87, 484.00, now()) ON CONFLICT (dam_id) DO UPDATE SET reservoir_name = EXCLUDED.reservoir_name, live_storage_mcm = EXCLUDED.live_storage_mcm, current_storage_mcm = EXCLUDED.current_storage_mcm, frl_m = EXCLUDED.frl_m, updated_at = now();
INSERT INTO dam_engineering (dam_id, instrumentation, updated_at) VALUES ('MPWRD-40374', '{"basin_office": "Chief Engineer Dhasan Ken Basin, Sagar", "gate_count_open": null, "gate_discharge_cumec": null, "last_year_level_m": null, "last_year_live_capacity_mcm": null, "last_year_live_storage_percent": null, "mpwrd_reservoir_code": "40374", "reading_time": "08:00:00", "this_year_is_stale": true, "this_year_level_observed_date": "2025-07-16"}'::jsonb, now()) ON CONFLICT (dam_id) DO UPDATE SET instrumentation = EXCLUDED.instrumentation, updated_at = now();
INSERT INTO mpwrd_reservoir_levels (source_registry, report_date, reservoir_code, dam_id, basin_office, reservoir_name, reading_time, district, frl_m, live_capacity_at_frl_mcm, this_year_level_m, this_year_live_capacity_mcm, this_year_live_storage_percent, this_year_level_observed_date, this_year_is_stale, gate_count_open, gate_discharge_cumec, last_year_level_m, last_year_live_capacity_mcm, last_year_live_storage_percent, source_url, raw, fetched_at) VALUES ('MPWRD', '2026-05-25', '40374', 'MPWRD-40374', 'Chief Engineer Dhasan Ken Basin, Sagar', 'Hilgon Tank', '08:00:00', 'Sagar', 484.00, 9.37, 480.35, 2.87, 30, '2025-07-16', TRUE, NULL, NULL, NULL, NULL, NULL, 'https://eims1.mpwrd.gov.in/fcmreport/control/main', '{"district": "Sagar", "frl_m": "484.00", "gate_count_open": "", "gate_discharge_cumec": "", "last_year_level_m": "", "last_year_live_capacity_mcm": "", "last_year_live_storage_percent": "", "live_capacity_at_frl_mcm": "9.37", "reservoir": "Hilgon Tank [40374]", "serial": "62.", "this_year_level_m": "480.35*", "this_year_live_capacity_mcm": "2.87", "this_year_live_storage_percent": "30", "time": "08:00:00"}'::jsonb, now()) ON CONFLICT (source_registry, report_date, reservoir_code) DO UPDATE SET dam_id = EXCLUDED.dam_id, basin_office = EXCLUDED.basin_office, reservoir_name = EXCLUDED.reservoir_name, reading_time = EXCLUDED.reading_time, district = EXCLUDED.district, frl_m = EXCLUDED.frl_m, live_capacity_at_frl_mcm = EXCLUDED.live_capacity_at_frl_mcm, this_year_level_m = EXCLUDED.this_year_level_m, this_year_live_capacity_mcm = EXCLUDED.this_year_live_capacity_mcm, this_year_live_storage_percent = EXCLUDED.this_year_live_storage_percent, this_year_level_observed_date = EXCLUDED.this_year_level_observed_date, this_year_is_stale = EXCLUDED.this_year_is_stale, gate_count_open = EXCLUDED.gate_count_open, gate_discharge_cumec = EXCLUDED.gate_discharge_cumec, last_year_level_m = EXCLUDED.last_year_level_m, last_year_live_capacity_mcm = EXCLUDED.last_year_live_capacity_mcm, last_year_live_storage_percent = EXCLUDED.last_year_live_storage_percent, source_url = EXCLUDED.source_url, raw = EXCLUDED.raw, fetched_at = now();
INSERT INTO dams (dam_id, dam_name, state, district, river_basin, owner_agency, status, risk_class, safety_score, source_registry, source_record_id, source_publication_year, source_url, updated_at) VALUES ('MPWRD-32195', 'Jaswantpura Tank', 'Madhya Pradesh', 'Panna', 'Chief Engineer Dhasan Ken Basin, Sagar', 'Madhya Pradesh Water Resources Department', 'operational'::dam_status, 'low'::risk_class, 100.00, 'MPWRD', '32195', 2026, 'https://eims1.mpwrd.gov.in/fcmreport/control/main', now()) ON CONFLICT (dam_id) DO UPDATE SET dam_name = EXCLUDED.dam_name, state = EXCLUDED.state, district = EXCLUDED.district, river_basin = EXCLUDED.river_basin, owner_agency = EXCLUDED.owner_agency, status = EXCLUDED.status, risk_class = EXCLUDED.risk_class, safety_score = EXCLUDED.safety_score, source_registry = EXCLUDED.source_registry, source_record_id = EXCLUDED.source_record_id, source_publication_year = EXCLUDED.source_publication_year, source_url = EXCLUDED.source_url, updated_at = now();
INSERT INTO dam_reservoir (dam_id, reservoir_name, live_storage_mcm, current_storage_mcm, frl_m, updated_at) VALUES ('MPWRD-32195', 'Jaswantpura Tank', 8.59, 8.59, 328.80, now()) ON CONFLICT (dam_id) DO UPDATE SET reservoir_name = EXCLUDED.reservoir_name, live_storage_mcm = EXCLUDED.live_storage_mcm, current_storage_mcm = EXCLUDED.current_storage_mcm, frl_m = EXCLUDED.frl_m, updated_at = now();
INSERT INTO dam_engineering (dam_id, instrumentation, updated_at) VALUES ('MPWRD-32195', '{"basin_office": "Chief Engineer Dhasan Ken Basin, Sagar", "gate_count_open": null, "gate_discharge_cumec": null, "last_year_level_m": null, "last_year_live_capacity_mcm": null, "last_year_live_storage_percent": null, "mpwrd_reservoir_code": "32195", "reading_time": "08:00:00", "this_year_is_stale": true, "this_year_level_observed_date": "2025-07-18"}'::jsonb, now()) ON CONFLICT (dam_id) DO UPDATE SET instrumentation = EXCLUDED.instrumentation, updated_at = now();
INSERT INTO mpwrd_reservoir_levels (source_registry, report_date, reservoir_code, dam_id, basin_office, reservoir_name, reading_time, district, frl_m, live_capacity_at_frl_mcm, this_year_level_m, this_year_live_capacity_mcm, this_year_live_storage_percent, this_year_level_observed_date, this_year_is_stale, gate_count_open, gate_discharge_cumec, last_year_level_m, last_year_live_capacity_mcm, last_year_live_storage_percent, source_url, raw, fetched_at) VALUES ('MPWRD', '2026-05-25', '32195', 'MPWRD-32195', 'Chief Engineer Dhasan Ken Basin, Sagar', 'Jaswantpura Tank', '08:00:00', 'Panna', 328.80, 8.59, 328.80, 8.59, 100, '2025-07-18', TRUE, NULL, NULL, NULL, NULL, NULL, 'https://eims1.mpwrd.gov.in/fcmreport/control/main', '{"district": "Panna", "frl_m": "328.80", "gate_count_open": "", "gate_discharge_cumec": "", "last_year_level_m": "", "last_year_live_capacity_mcm": "", "last_year_live_storage_percent": "", "live_capacity_at_frl_mcm": "8.59", "reservoir": "Jaswantpura Tank [32195]", "serial": "63.", "this_year_level_m": "328.80 *", "this_year_live_capacity_mcm": "8.59", "this_year_live_storage_percent": "100", "time": "08:00:00"}'::jsonb, now()) ON CONFLICT (source_registry, report_date, reservoir_code) DO UPDATE SET dam_id = EXCLUDED.dam_id, basin_office = EXCLUDED.basin_office, reservoir_name = EXCLUDED.reservoir_name, reading_time = EXCLUDED.reading_time, district = EXCLUDED.district, frl_m = EXCLUDED.frl_m, live_capacity_at_frl_mcm = EXCLUDED.live_capacity_at_frl_mcm, this_year_level_m = EXCLUDED.this_year_level_m, this_year_live_capacity_mcm = EXCLUDED.this_year_live_capacity_mcm, this_year_live_storage_percent = EXCLUDED.this_year_live_storage_percent, this_year_level_observed_date = EXCLUDED.this_year_level_observed_date, this_year_is_stale = EXCLUDED.this_year_is_stale, gate_count_open = EXCLUDED.gate_count_open, gate_discharge_cumec = EXCLUDED.gate_discharge_cumec, last_year_level_m = EXCLUDED.last_year_level_m, last_year_live_capacity_mcm = EXCLUDED.last_year_live_capacity_mcm, last_year_live_storage_percent = EXCLUDED.last_year_live_storage_percent, source_url = EXCLUDED.source_url, raw = EXCLUDED.raw, fetched_at = now();
INSERT INTO dams (dam_id, dam_name, state, district, river_basin, owner_agency, status, risk_class, safety_score, source_registry, source_record_id, source_publication_year, source_url, updated_at) VALUES ('MPWRD-22654', 'Jeron Tank', 'Madhya Pradesh', 'Niwari', 'Chief Engineer Dhasan Ken Basin, Sagar', 'Madhya Pradesh Water Resources Department', 'operational'::dam_status, 'low'::risk_class, 100.00, 'MPWRD', '22654', 2026, 'https://eims1.mpwrd.gov.in/fcmreport/control/main', now()) ON CONFLICT (dam_id) DO UPDATE SET dam_name = EXCLUDED.dam_name, state = EXCLUDED.state, district = EXCLUDED.district, river_basin = EXCLUDED.river_basin, owner_agency = EXCLUDED.owner_agency, status = EXCLUDED.status, risk_class = EXCLUDED.risk_class, safety_score = EXCLUDED.safety_score, source_registry = EXCLUDED.source_registry, source_record_id = EXCLUDED.source_record_id, source_publication_year = EXCLUDED.source_publication_year, source_url = EXCLUDED.source_url, updated_at = now();
INSERT INTO dam_reservoir (dam_id, reservoir_name, live_storage_mcm, current_storage_mcm, frl_m, updated_at) VALUES ('MPWRD-22654', 'Jeron Tank', 6.49, 6.49, 305.10, now()) ON CONFLICT (dam_id) DO UPDATE SET reservoir_name = EXCLUDED.reservoir_name, live_storage_mcm = EXCLUDED.live_storage_mcm, current_storage_mcm = EXCLUDED.current_storage_mcm, frl_m = EXCLUDED.frl_m, updated_at = now();
INSERT INTO dam_engineering (dam_id, instrumentation, updated_at) VALUES ('MPWRD-22654', '{"basin_office": "Chief Engineer Dhasan Ken Basin, Sagar", "gate_count_open": null, "gate_discharge_cumec": null, "last_year_level_m": null, "last_year_live_capacity_mcm": null, "last_year_live_storage_percent": null, "mpwrd_reservoir_code": "22654", "reading_time": "08:00:00", "this_year_is_stale": true, "this_year_level_observed_date": "2025-08-15"}'::jsonb, now()) ON CONFLICT (dam_id) DO UPDATE SET instrumentation = EXCLUDED.instrumentation, updated_at = now();
INSERT INTO mpwrd_reservoir_levels (source_registry, report_date, reservoir_code, dam_id, basin_office, reservoir_name, reading_time, district, frl_m, live_capacity_at_frl_mcm, this_year_level_m, this_year_live_capacity_mcm, this_year_live_storage_percent, this_year_level_observed_date, this_year_is_stale, gate_count_open, gate_discharge_cumec, last_year_level_m, last_year_live_capacity_mcm, last_year_live_storage_percent, source_url, raw, fetched_at) VALUES ('MPWRD', '2026-05-25', '22654', 'MPWRD-22654', 'Chief Engineer Dhasan Ken Basin, Sagar', 'Jeron Tank', '08:00:00', 'Niwari', 305.10, 6.49, 305.10, 6.49, 100, '2025-08-15', TRUE, NULL, NULL, NULL, NULL, NULL, 'https://eims1.mpwrd.gov.in/fcmreport/control/main', '{"district": "Niwari", "frl_m": "305.10", "gate_count_open": "", "gate_discharge_cumec": "", "last_year_level_m": "", "last_year_live_capacity_mcm": "", "last_year_live_storage_percent": "", "live_capacity_at_frl_mcm": "6.49", "reservoir": "Jeron Tank [22654]", "serial": "64.", "this_year_level_m": "305.10 *", "this_year_live_capacity_mcm": "6.49", "this_year_live_storage_percent": "100", "time": "08:00:00"}'::jsonb, now()) ON CONFLICT (source_registry, report_date, reservoir_code) DO UPDATE SET dam_id = EXCLUDED.dam_id, basin_office = EXCLUDED.basin_office, reservoir_name = EXCLUDED.reservoir_name, reading_time = EXCLUDED.reading_time, district = EXCLUDED.district, frl_m = EXCLUDED.frl_m, live_capacity_at_frl_mcm = EXCLUDED.live_capacity_at_frl_mcm, this_year_level_m = EXCLUDED.this_year_level_m, this_year_live_capacity_mcm = EXCLUDED.this_year_live_capacity_mcm, this_year_live_storage_percent = EXCLUDED.this_year_live_storage_percent, this_year_level_observed_date = EXCLUDED.this_year_level_observed_date, this_year_is_stale = EXCLUDED.this_year_is_stale, gate_count_open = EXCLUDED.gate_count_open, gate_discharge_cumec = EXCLUDED.gate_discharge_cumec, last_year_level_m = EXCLUDED.last_year_level_m, last_year_live_capacity_mcm = EXCLUDED.last_year_live_capacity_mcm, last_year_live_storage_percent = EXCLUDED.last_year_live_storage_percent, source_url = EXCLUDED.source_url, raw = EXCLUDED.raw, fetched_at = now();
INSERT INTO dams (dam_id, dam_name, state, district, river_basin, owner_agency, status, risk_class, safety_score, source_registry, source_record_id, source_publication_year, source_url, updated_at) VALUES ('MPWRD-40900', 'Kesli Tank', 'Madhya Pradesh', 'Sagar', 'Chief Engineer Dhasan Ken Basin, Sagar', 'Madhya Pradesh Water Resources Department', 'operational'::dam_status, 'low'::risk_class, 100.00, 'MPWRD', '40900', 2026, 'https://eims1.mpwrd.gov.in/fcmreport/control/main', now()) ON CONFLICT (dam_id) DO UPDATE SET dam_name = EXCLUDED.dam_name, state = EXCLUDED.state, district = EXCLUDED.district, river_basin = EXCLUDED.river_basin, owner_agency = EXCLUDED.owner_agency, status = EXCLUDED.status, risk_class = EXCLUDED.risk_class, safety_score = EXCLUDED.safety_score, source_registry = EXCLUDED.source_registry, source_record_id = EXCLUDED.source_record_id, source_publication_year = EXCLUDED.source_publication_year, source_url = EXCLUDED.source_url, updated_at = now();
INSERT INTO dam_reservoir (dam_id, reservoir_name, live_storage_mcm, current_storage_mcm, frl_m, updated_at) VALUES ('MPWRD-40900', 'Kesli Tank', 15.35, 15.35, 484.20, now()) ON CONFLICT (dam_id) DO UPDATE SET reservoir_name = EXCLUDED.reservoir_name, live_storage_mcm = EXCLUDED.live_storage_mcm, current_storage_mcm = EXCLUDED.current_storage_mcm, frl_m = EXCLUDED.frl_m, updated_at = now();
INSERT INTO dam_engineering (dam_id, instrumentation, updated_at) VALUES ('MPWRD-40900', '{"basin_office": "Chief Engineer Dhasan Ken Basin, Sagar", "gate_count_open": null, "gate_discharge_cumec": null, "last_year_level_m": null, "last_year_live_capacity_mcm": null, "last_year_live_storage_percent": null, "mpwrd_reservoir_code": "40900", "reading_time": "08:00:00", "this_year_is_stale": true, "this_year_level_observed_date": "2025-08-23"}'::jsonb, now()) ON CONFLICT (dam_id) DO UPDATE SET instrumentation = EXCLUDED.instrumentation, updated_at = now();
INSERT INTO mpwrd_reservoir_levels (source_registry, report_date, reservoir_code, dam_id, basin_office, reservoir_name, reading_time, district, frl_m, live_capacity_at_frl_mcm, this_year_level_m, this_year_live_capacity_mcm, this_year_live_storage_percent, this_year_level_observed_date, this_year_is_stale, gate_count_open, gate_discharge_cumec, last_year_level_m, last_year_live_capacity_mcm, last_year_live_storage_percent, source_url, raw, fetched_at) VALUES ('MPWRD', '2026-05-25', '40900', 'MPWRD-40900', 'Chief Engineer Dhasan Ken Basin, Sagar', 'Kesli Tank', '08:00:00', 'Sagar', 484.20, 15.35, 484.20, 15.35, 100, '2025-08-23', TRUE, NULL, NULL, NULL, NULL, NULL, 'https://eims1.mpwrd.gov.in/fcmreport/control/main', '{"district": "Sagar", "frl_m": "484.20", "gate_count_open": "", "gate_discharge_cumec": "", "last_year_level_m": "", "last_year_live_capacity_mcm": "", "last_year_live_storage_percent": "", "live_capacity_at_frl_mcm": "15.35", "reservoir": "Kesli Tank [40900]", "serial": "65.", "this_year_level_m": "484.20 *", "this_year_live_capacity_mcm": "15.35", "this_year_live_storage_percent": "100", "time": "08:00:00"}'::jsonb, now()) ON CONFLICT (source_registry, report_date, reservoir_code) DO UPDATE SET dam_id = EXCLUDED.dam_id, basin_office = EXCLUDED.basin_office, reservoir_name = EXCLUDED.reservoir_name, reading_time = EXCLUDED.reading_time, district = EXCLUDED.district, frl_m = EXCLUDED.frl_m, live_capacity_at_frl_mcm = EXCLUDED.live_capacity_at_frl_mcm, this_year_level_m = EXCLUDED.this_year_level_m, this_year_live_capacity_mcm = EXCLUDED.this_year_live_capacity_mcm, this_year_live_storage_percent = EXCLUDED.this_year_live_storage_percent, this_year_level_observed_date = EXCLUDED.this_year_level_observed_date, this_year_is_stale = EXCLUDED.this_year_is_stale, gate_count_open = EXCLUDED.gate_count_open, gate_discharge_cumec = EXCLUDED.gate_discharge_cumec, last_year_level_m = EXCLUDED.last_year_level_m, last_year_live_capacity_mcm = EXCLUDED.last_year_live_capacity_mcm, last_year_live_storage_percent = EXCLUDED.last_year_live_storage_percent, source_url = EXCLUDED.source_url, raw = EXCLUDED.raw, fetched_at = now();
INSERT INTO dams (dam_id, dam_name, state, district, river_basin, owner_agency, status, risk_class, safety_score, source_registry, source_record_id, source_publication_year, source_url, updated_at) VALUES ('MPWRD-32578', 'Kutni Dam', 'Madhya Pradesh', 'Chhatarpur', 'Chief Engineer Dhasan Ken Basin, Sagar', 'Madhya Pradesh Water Resources Department', 'operational'::dam_status, 'low'::risk_class, 96.00, 'MPWRD', '32578', 2026, 'https://eims1.mpwrd.gov.in/fcmreport/control/main', now()) ON CONFLICT (dam_id) DO UPDATE SET dam_name = EXCLUDED.dam_name, state = EXCLUDED.state, district = EXCLUDED.district, river_basin = EXCLUDED.river_basin, owner_agency = EXCLUDED.owner_agency, status = EXCLUDED.status, risk_class = EXCLUDED.risk_class, safety_score = EXCLUDED.safety_score, source_registry = EXCLUDED.source_registry, source_record_id = EXCLUDED.source_record_id, source_publication_year = EXCLUDED.source_publication_year, source_url = EXCLUDED.source_url, updated_at = now();
INSERT INTO dam_reservoir (dam_id, reservoir_name, live_storage_mcm, current_storage_mcm, frl_m, updated_at) VALUES ('MPWRD-32578', 'Kutni Dam', 131.07, 126.86, 203.50, now()) ON CONFLICT (dam_id) DO UPDATE SET reservoir_name = EXCLUDED.reservoir_name, live_storage_mcm = EXCLUDED.live_storage_mcm, current_storage_mcm = EXCLUDED.current_storage_mcm, frl_m = EXCLUDED.frl_m, updated_at = now();
INSERT INTO dam_engineering (dam_id, instrumentation, updated_at) VALUES ('MPWRD-32578', '{"basin_office": "Chief Engineer Dhasan Ken Basin, Sagar", "gate_count_open": null, "gate_discharge_cumec": null, "last_year_level_m": null, "last_year_live_capacity_mcm": null, "last_year_live_storage_percent": null, "mpwrd_reservoir_code": "32578", "reading_time": "08:00:00", "this_year_is_stale": true, "this_year_level_observed_date": "2025-09-25"}'::jsonb, now()) ON CONFLICT (dam_id) DO UPDATE SET instrumentation = EXCLUDED.instrumentation, updated_at = now();
INSERT INTO mpwrd_reservoir_levels (source_registry, report_date, reservoir_code, dam_id, basin_office, reservoir_name, reading_time, district, frl_m, live_capacity_at_frl_mcm, this_year_level_m, this_year_live_capacity_mcm, this_year_live_storage_percent, this_year_level_observed_date, this_year_is_stale, gate_count_open, gate_discharge_cumec, last_year_level_m, last_year_live_capacity_mcm, last_year_live_storage_percent, source_url, raw, fetched_at) VALUES ('MPWRD', '2026-05-25', '32578', 'MPWRD-32578', 'Chief Engineer Dhasan Ken Basin, Sagar', 'Kutni Dam', '08:00:00', 'Chhatarpur', 203.50, 131.07, 203.30, 126.86, 96, '2025-09-25', TRUE, NULL, NULL, NULL, NULL, NULL, 'https://eims1.mpwrd.gov.in/fcmreport/control/main', '{"district": "Chhatarpur", "frl_m": "203.50", "gate_count_open": "", "gate_discharge_cumec": "", "last_year_level_m": "", "last_year_live_capacity_mcm": "", "last_year_live_storage_percent": "", "live_capacity_at_frl_mcm": "131.07", "reservoir": "Kutni Dam [32578]", "serial": "66.", "this_year_level_m": "203.30*", "this_year_live_capacity_mcm": "126.86", "this_year_live_storage_percent": "96", "time": "08:00:00"}'::jsonb, now()) ON CONFLICT (source_registry, report_date, reservoir_code) DO UPDATE SET dam_id = EXCLUDED.dam_id, basin_office = EXCLUDED.basin_office, reservoir_name = EXCLUDED.reservoir_name, reading_time = EXCLUDED.reading_time, district = EXCLUDED.district, frl_m = EXCLUDED.frl_m, live_capacity_at_frl_mcm = EXCLUDED.live_capacity_at_frl_mcm, this_year_level_m = EXCLUDED.this_year_level_m, this_year_live_capacity_mcm = EXCLUDED.this_year_live_capacity_mcm, this_year_live_storage_percent = EXCLUDED.this_year_live_storage_percent, this_year_level_observed_date = EXCLUDED.this_year_level_observed_date, this_year_is_stale = EXCLUDED.this_year_is_stale, gate_count_open = EXCLUDED.gate_count_open, gate_discharge_cumec = EXCLUDED.gate_discharge_cumec, last_year_level_m = EXCLUDED.last_year_level_m, last_year_live_capacity_mcm = EXCLUDED.last_year_live_capacity_mcm, last_year_live_storage_percent = EXCLUDED.last_year_live_storage_percent, source_url = EXCLUDED.source_url, raw = EXCLUDED.raw, fetched_at = now();
INSERT INTO dams (dam_id, dam_name, state, district, river_basin, owner_agency, status, risk_class, safety_score, source_registry, source_record_id, source_publication_year, source_url, updated_at) VALUES ('MPWRD-32402', 'Lipri Tank', 'Madhya Pradesh', 'Panna', 'Chief Engineer Dhasan Ken Basin, Sagar', 'Madhya Pradesh Water Resources Department', 'operational'::dam_status, 'low'::risk_class, 100.00, 'MPWRD', '32402', 2026, 'https://eims1.mpwrd.gov.in/fcmreport/control/main', now()) ON CONFLICT (dam_id) DO UPDATE SET dam_name = EXCLUDED.dam_name, state = EXCLUDED.state, district = EXCLUDED.district, river_basin = EXCLUDED.river_basin, owner_agency = EXCLUDED.owner_agency, status = EXCLUDED.status, risk_class = EXCLUDED.risk_class, safety_score = EXCLUDED.safety_score, source_registry = EXCLUDED.source_registry, source_record_id = EXCLUDED.source_record_id, source_publication_year = EXCLUDED.source_publication_year, source_url = EXCLUDED.source_url, updated_at = now();
INSERT INTO dam_reservoir (dam_id, reservoir_name, live_storage_mcm, current_storage_mcm, frl_m, updated_at) VALUES ('MPWRD-32402', 'Lipri Tank', 7.08, 7.08, 385.95, now()) ON CONFLICT (dam_id) DO UPDATE SET reservoir_name = EXCLUDED.reservoir_name, live_storage_mcm = EXCLUDED.live_storage_mcm, current_storage_mcm = EXCLUDED.current_storage_mcm, frl_m = EXCLUDED.frl_m, updated_at = now();
INSERT INTO dam_engineering (dam_id, instrumentation, updated_at) VALUES ('MPWRD-32402', '{"basin_office": "Chief Engineer Dhasan Ken Basin, Sagar", "gate_count_open": null, "gate_discharge_cumec": null, "last_year_level_m": null, "last_year_live_capacity_mcm": null, "last_year_live_storage_percent": null, "mpwrd_reservoir_code": "32402", "reading_time": "08:00:00", "this_year_is_stale": true, "this_year_level_observed_date": "2025-07-11"}'::jsonb, now()) ON CONFLICT (dam_id) DO UPDATE SET instrumentation = EXCLUDED.instrumentation, updated_at = now();
INSERT INTO mpwrd_reservoir_levels (source_registry, report_date, reservoir_code, dam_id, basin_office, reservoir_name, reading_time, district, frl_m, live_capacity_at_frl_mcm, this_year_level_m, this_year_live_capacity_mcm, this_year_live_storage_percent, this_year_level_observed_date, this_year_is_stale, gate_count_open, gate_discharge_cumec, last_year_level_m, last_year_live_capacity_mcm, last_year_live_storage_percent, source_url, raw, fetched_at) VALUES ('MPWRD', '2026-05-25', '32402', 'MPWRD-32402', 'Chief Engineer Dhasan Ken Basin, Sagar', 'Lipri Tank', '08:00:00', 'Panna', 385.95, 7.08, 385.95, 7.08, 100, '2025-07-11', TRUE, NULL, NULL, NULL, NULL, NULL, 'https://eims1.mpwrd.gov.in/fcmreport/control/main', '{"district": "Panna", "frl_m": "385.95", "gate_count_open": "", "gate_discharge_cumec": "", "last_year_level_m": "", "last_year_live_capacity_mcm": "", "last_year_live_storage_percent": "", "live_capacity_at_frl_mcm": "7.08", "reservoir": "Lipri Tank [32402]", "serial": "67.", "this_year_level_m": "385.95 *", "this_year_live_capacity_mcm": "7.08", "this_year_live_storage_percent": "100", "time": "08:00:00"}'::jsonb, now()) ON CONFLICT (source_registry, report_date, reservoir_code) DO UPDATE SET dam_id = EXCLUDED.dam_id, basin_office = EXCLUDED.basin_office, reservoir_name = EXCLUDED.reservoir_name, reading_time = EXCLUDED.reading_time, district = EXCLUDED.district, frl_m = EXCLUDED.frl_m, live_capacity_at_frl_mcm = EXCLUDED.live_capacity_at_frl_mcm, this_year_level_m = EXCLUDED.this_year_level_m, this_year_live_capacity_mcm = EXCLUDED.this_year_live_capacity_mcm, this_year_live_storage_percent = EXCLUDED.this_year_live_storage_percent, this_year_level_observed_date = EXCLUDED.this_year_level_observed_date, this_year_is_stale = EXCLUDED.this_year_is_stale, gate_count_open = EXCLUDED.gate_count_open, gate_discharge_cumec = EXCLUDED.gate_discharge_cumec, last_year_level_m = EXCLUDED.last_year_level_m, last_year_live_capacity_mcm = EXCLUDED.last_year_live_capacity_mcm, last_year_live_storage_percent = EXCLUDED.last_year_live_storage_percent, source_url = EXCLUDED.source_url, raw = EXCLUDED.raw, fetched_at = now();
INSERT INTO dams (dam_id, dam_name, state, district, river_basin, owner_agency, status, risk_class, safety_score, source_registry, source_record_id, source_publication_year, source_url, updated_at) VALUES ('MPWRD-10265', 'Lokpal Sagar Dam', 'Madhya Pradesh', 'Panna', 'Chief Engineer Dhasan Ken Basin, Sagar', 'Madhya Pradesh Water Resources Department', 'operational'::dam_status, 'high'::risk_class, 3.00, 'MPWRD', '10265', 2026, 'https://eims1.mpwrd.gov.in/fcmreport/control/main', now()) ON CONFLICT (dam_id) DO UPDATE SET dam_name = EXCLUDED.dam_name, state = EXCLUDED.state, district = EXCLUDED.district, river_basin = EXCLUDED.river_basin, owner_agency = EXCLUDED.owner_agency, status = EXCLUDED.status, risk_class = EXCLUDED.risk_class, safety_score = EXCLUDED.safety_score, source_registry = EXCLUDED.source_registry, source_record_id = EXCLUDED.source_record_id, source_publication_year = EXCLUDED.source_publication_year, source_url = EXCLUDED.source_url, updated_at = now();
INSERT INTO dam_reservoir (dam_id, reservoir_name, live_storage_mcm, current_storage_mcm, frl_m, updated_at) VALUES ('MPWRD-10265', 'Lokpal Sagar Dam', 6.39, 0.23, 27.50, now()) ON CONFLICT (dam_id) DO UPDATE SET reservoir_name = EXCLUDED.reservoir_name, live_storage_mcm = EXCLUDED.live_storage_mcm, current_storage_mcm = EXCLUDED.current_storage_mcm, frl_m = EXCLUDED.frl_m, updated_at = now();
INSERT INTO dam_engineering (dam_id, instrumentation, updated_at) VALUES ('MPWRD-10265', '{"basin_office": "Chief Engineer Dhasan Ken Basin, Sagar", "gate_count_open": null, "gate_discharge_cumec": null, "last_year_level_m": null, "last_year_live_capacity_mcm": null, "last_year_live_storage_percent": null, "mpwrd_reservoir_code": "10265", "reading_time": "08:00:00", "this_year_is_stale": true, "this_year_level_observed_date": "2025-06-04"}'::jsonb, now()) ON CONFLICT (dam_id) DO UPDATE SET instrumentation = EXCLUDED.instrumentation, updated_at = now();
INSERT INTO mpwrd_reservoir_levels (source_registry, report_date, reservoir_code, dam_id, basin_office, reservoir_name, reading_time, district, frl_m, live_capacity_at_frl_mcm, this_year_level_m, this_year_live_capacity_mcm, this_year_live_storage_percent, this_year_level_observed_date, this_year_is_stale, gate_count_open, gate_discharge_cumec, last_year_level_m, last_year_live_capacity_mcm, last_year_live_storage_percent, source_url, raw, fetched_at) VALUES ('MPWRD', '2026-05-25', '10265', 'MPWRD-10265', 'Chief Engineer Dhasan Ken Basin, Sagar', 'Lokpal Sagar Dam', '08:00:00', 'Panna', 27.50, 6.39, 21.00, 0.23, 3, '2025-06-04', TRUE, NULL, NULL, NULL, NULL, NULL, 'https://eims1.mpwrd.gov.in/fcmreport/control/main', '{"district": "Panna", "frl_m": "27.50", "gate_count_open": "", "gate_discharge_cumec": "", "last_year_level_m": "", "last_year_live_capacity_mcm": "", "last_year_live_storage_percent": "", "live_capacity_at_frl_mcm": "6.39", "reservoir": "Lokpal Sagar Dam [10265]", "serial": "68.", "this_year_level_m": "21.00*", "this_year_live_capacity_mcm": "0.23", "this_year_live_storage_percent": "3", "time": "08:00:00"}'::jsonb, now()) ON CONFLICT (source_registry, report_date, reservoir_code) DO UPDATE SET dam_id = EXCLUDED.dam_id, basin_office = EXCLUDED.basin_office, reservoir_name = EXCLUDED.reservoir_name, reading_time = EXCLUDED.reading_time, district = EXCLUDED.district, frl_m = EXCLUDED.frl_m, live_capacity_at_frl_mcm = EXCLUDED.live_capacity_at_frl_mcm, this_year_level_m = EXCLUDED.this_year_level_m, this_year_live_capacity_mcm = EXCLUDED.this_year_live_capacity_mcm, this_year_live_storage_percent = EXCLUDED.this_year_live_storage_percent, this_year_level_observed_date = EXCLUDED.this_year_level_observed_date, this_year_is_stale = EXCLUDED.this_year_is_stale, gate_count_open = EXCLUDED.gate_count_open, gate_discharge_cumec = EXCLUDED.gate_discharge_cumec, last_year_level_m = EXCLUDED.last_year_level_m, last_year_live_capacity_mcm = EXCLUDED.last_year_live_capacity_mcm, last_year_live_storage_percent = EXCLUDED.last_year_live_storage_percent, source_url = EXCLUDED.source_url, raw = EXCLUDED.raw, fetched_at = now();
INSERT INTO dams (dam_id, dam_name, state, district, river_basin, owner_agency, status, risk_class, safety_score, source_registry, source_record_id, source_publication_year, source_url, updated_at) VALUES ('MPWRD-26028', 'Lower Chandiya Tank', 'Madhya Pradesh', 'Sagar', 'Chief Engineer Dhasan Ken Basin, Sagar', 'Madhya Pradesh Water Resources Department', 'operational'::dam_status, 'low'::risk_class, 100.00, 'MPWRD', '26028', 2026, 'https://eims1.mpwrd.gov.in/fcmreport/control/main', now()) ON CONFLICT (dam_id) DO UPDATE SET dam_name = EXCLUDED.dam_name, state = EXCLUDED.state, district = EXCLUDED.district, river_basin = EXCLUDED.river_basin, owner_agency = EXCLUDED.owner_agency, status = EXCLUDED.status, risk_class = EXCLUDED.risk_class, safety_score = EXCLUDED.safety_score, source_registry = EXCLUDED.source_registry, source_record_id = EXCLUDED.source_record_id, source_publication_year = EXCLUDED.source_publication_year, source_url = EXCLUDED.source_url, updated_at = now();
INSERT INTO dam_reservoir (dam_id, reservoir_name, live_storage_mcm, current_storage_mcm, frl_m, updated_at) VALUES ('MPWRD-26028', 'Lower Chandiya Tank', 5.69, 5.69, 402.32, now()) ON CONFLICT (dam_id) DO UPDATE SET reservoir_name = EXCLUDED.reservoir_name, live_storage_mcm = EXCLUDED.live_storage_mcm, current_storage_mcm = EXCLUDED.current_storage_mcm, frl_m = EXCLUDED.frl_m, updated_at = now();
INSERT INTO dam_engineering (dam_id, instrumentation, updated_at) VALUES ('MPWRD-26028', '{"basin_office": "Chief Engineer Dhasan Ken Basin, Sagar", "gate_count_open": null, "gate_discharge_cumec": null, "last_year_level_m": null, "last_year_live_capacity_mcm": null, "last_year_live_storage_percent": null, "mpwrd_reservoir_code": "26028", "reading_time": "08:00:00", "this_year_is_stale": true, "this_year_level_observed_date": "2025-07-31"}'::jsonb, now()) ON CONFLICT (dam_id) DO UPDATE SET instrumentation = EXCLUDED.instrumentation, updated_at = now();
INSERT INTO mpwrd_reservoir_levels (source_registry, report_date, reservoir_code, dam_id, basin_office, reservoir_name, reading_time, district, frl_m, live_capacity_at_frl_mcm, this_year_level_m, this_year_live_capacity_mcm, this_year_live_storage_percent, this_year_level_observed_date, this_year_is_stale, gate_count_open, gate_discharge_cumec, last_year_level_m, last_year_live_capacity_mcm, last_year_live_storage_percent, source_url, raw, fetched_at) VALUES ('MPWRD', '2026-05-25', '26028', 'MPWRD-26028', 'Chief Engineer Dhasan Ken Basin, Sagar', 'Lower Chandiya Tank', '08:00:00', 'Sagar', 402.32, 5.69, 402.32, 5.69, 100, '2025-07-31', TRUE, NULL, NULL, NULL, NULL, NULL, 'https://eims1.mpwrd.gov.in/fcmreport/control/main', '{"district": "Sagar", "frl_m": "402.32", "gate_count_open": "", "gate_discharge_cumec": "", "last_year_level_m": "", "last_year_live_capacity_mcm": "", "last_year_live_storage_percent": "", "live_capacity_at_frl_mcm": "5.69", "reservoir": "Lower Chandiya Tank [26028]", "serial": "69.", "this_year_level_m": "402.32 *", "this_year_live_capacity_mcm": "5.69", "this_year_live_storage_percent": "100", "time": "08:00:00"}'::jsonb, now()) ON CONFLICT (source_registry, report_date, reservoir_code) DO UPDATE SET dam_id = EXCLUDED.dam_id, basin_office = EXCLUDED.basin_office, reservoir_name = EXCLUDED.reservoir_name, reading_time = EXCLUDED.reading_time, district = EXCLUDED.district, frl_m = EXCLUDED.frl_m, live_capacity_at_frl_mcm = EXCLUDED.live_capacity_at_frl_mcm, this_year_level_m = EXCLUDED.this_year_level_m, this_year_live_capacity_mcm = EXCLUDED.this_year_live_capacity_mcm, this_year_live_storage_percent = EXCLUDED.this_year_live_storage_percent, this_year_level_observed_date = EXCLUDED.this_year_level_observed_date, this_year_is_stale = EXCLUDED.this_year_is_stale, gate_count_open = EXCLUDED.gate_count_open, gate_discharge_cumec = EXCLUDED.gate_discharge_cumec, last_year_level_m = EXCLUDED.last_year_level_m, last_year_live_capacity_mcm = EXCLUDED.last_year_live_capacity_mcm, last_year_live_storage_percent = EXCLUDED.last_year_live_storage_percent, source_url = EXCLUDED.source_url, raw = EXCLUDED.raw, fetched_at = now();
INSERT INTO dams (dam_id, dam_name, state, district, river_basin, owner_agency, status, risk_class, safety_score, source_registry, source_record_id, source_publication_year, source_url, updated_at) VALUES ('MPWRD-10227', 'Mala Tank', 'Madhya Pradesh', 'Damoh', 'Chief Engineer Dhasan Ken Basin, Sagar', 'Madhya Pradesh Water Resources Department', 'operational'::dam_status, 'low'::risk_class, 98.00, 'MPWRD', '10227', 2026, 'https://eims1.mpwrd.gov.in/fcmreport/control/main', now()) ON CONFLICT (dam_id) DO UPDATE SET dam_name = EXCLUDED.dam_name, state = EXCLUDED.state, district = EXCLUDED.district, river_basin = EXCLUDED.river_basin, owner_agency = EXCLUDED.owner_agency, status = EXCLUDED.status, risk_class = EXCLUDED.risk_class, safety_score = EXCLUDED.safety_score, source_registry = EXCLUDED.source_registry, source_record_id = EXCLUDED.source_record_id, source_publication_year = EXCLUDED.source_publication_year, source_url = EXCLUDED.source_url, updated_at = now();
INSERT INTO dam_reservoir (dam_id, reservoir_name, live_storage_mcm, current_storage_mcm, frl_m, updated_at) VALUES ('MPWRD-10227', 'Mala Tank', 16.87, 16.58, 355.39, now()) ON CONFLICT (dam_id) DO UPDATE SET reservoir_name = EXCLUDED.reservoir_name, live_storage_mcm = EXCLUDED.live_storage_mcm, current_storage_mcm = EXCLUDED.current_storage_mcm, frl_m = EXCLUDED.frl_m, updated_at = now();
INSERT INTO dam_engineering (dam_id, instrumentation, updated_at) VALUES ('MPWRD-10227', '{"basin_office": "Chief Engineer Dhasan Ken Basin, Sagar", "gate_count_open": null, "gate_discharge_cumec": null, "last_year_level_m": null, "last_year_live_capacity_mcm": null, "last_year_live_storage_percent": null, "mpwrd_reservoir_code": "10227", "reading_time": "08:00:00", "this_year_is_stale": true, "this_year_level_observed_date": "2025-09-16"}'::jsonb, now()) ON CONFLICT (dam_id) DO UPDATE SET instrumentation = EXCLUDED.instrumentation, updated_at = now();
INSERT INTO mpwrd_reservoir_levels (source_registry, report_date, reservoir_code, dam_id, basin_office, reservoir_name, reading_time, district, frl_m, live_capacity_at_frl_mcm, this_year_level_m, this_year_live_capacity_mcm, this_year_live_storage_percent, this_year_level_observed_date, this_year_is_stale, gate_count_open, gate_discharge_cumec, last_year_level_m, last_year_live_capacity_mcm, last_year_live_storage_percent, source_url, raw, fetched_at) VALUES ('MPWRD', '2026-05-25', '10227', 'MPWRD-10227', 'Chief Engineer Dhasan Ken Basin, Sagar', 'Mala Tank', '08:00:00', 'Damoh', 355.39, 16.87, 355.30, 16.58, 98, '2025-09-16', TRUE, NULL, NULL, NULL, NULL, NULL, 'https://eims1.mpwrd.gov.in/fcmreport/control/main', '{"district": "Damoh", "frl_m": "355.39", "gate_count_open": "", "gate_discharge_cumec": "", "last_year_level_m": "", "last_year_live_capacity_mcm": "", "last_year_live_storage_percent": "", "live_capacity_at_frl_mcm": "16.87", "reservoir": "Mala Tank [10227]", "serial": "70.", "this_year_level_m": "355.30*", "this_year_live_capacity_mcm": "16.58", "this_year_live_storage_percent": "98", "time": "08:00:00"}'::jsonb, now()) ON CONFLICT (source_registry, report_date, reservoir_code) DO UPDATE SET dam_id = EXCLUDED.dam_id, basin_office = EXCLUDED.basin_office, reservoir_name = EXCLUDED.reservoir_name, reading_time = EXCLUDED.reading_time, district = EXCLUDED.district, frl_m = EXCLUDED.frl_m, live_capacity_at_frl_mcm = EXCLUDED.live_capacity_at_frl_mcm, this_year_level_m = EXCLUDED.this_year_level_m, this_year_live_capacity_mcm = EXCLUDED.this_year_live_capacity_mcm, this_year_live_storage_percent = EXCLUDED.this_year_live_storage_percent, this_year_level_observed_date = EXCLUDED.this_year_level_observed_date, this_year_is_stale = EXCLUDED.this_year_is_stale, gate_count_open = EXCLUDED.gate_count_open, gate_discharge_cumec = EXCLUDED.gate_discharge_cumec, last_year_level_m = EXCLUDED.last_year_level_m, last_year_live_capacity_mcm = EXCLUDED.last_year_live_capacity_mcm, last_year_live_storage_percent = EXCLUDED.last_year_live_storage_percent, source_url = EXCLUDED.source_url, raw = EXCLUDED.raw, fetched_at = now();
INSERT INTO dams (dam_id, dam_name, state, district, river_basin, owner_agency, status, risk_class, safety_score, source_registry, source_record_id, source_publication_year, source_url, updated_at) VALUES ('MPWRD-10278', 'Mansurwari Tank', 'Madhya Pradesh', 'Sagar', 'Chief Engineer Dhasan Ken Basin, Sagar', 'Madhya Pradesh Water Resources Department', 'operational'::dam_status, 'low'::risk_class, 100.00, 'MPWRD', '10278', 2026, 'https://eims1.mpwrd.gov.in/fcmreport/control/main', now()) ON CONFLICT (dam_id) DO UPDATE SET dam_name = EXCLUDED.dam_name, state = EXCLUDED.state, district = EXCLUDED.district, river_basin = EXCLUDED.river_basin, owner_agency = EXCLUDED.owner_agency, status = EXCLUDED.status, risk_class = EXCLUDED.risk_class, safety_score = EXCLUDED.safety_score, source_registry = EXCLUDED.source_registry, source_record_id = EXCLUDED.source_record_id, source_publication_year = EXCLUDED.source_publication_year, source_url = EXCLUDED.source_url, updated_at = now();
INSERT INTO dam_reservoir (dam_id, reservoir_name, live_storage_mcm, current_storage_mcm, frl_m, updated_at) VALUES ('MPWRD-10278', 'Mansurwari Tank', 11.23, 11.23, 454.45, now()) ON CONFLICT (dam_id) DO UPDATE SET reservoir_name = EXCLUDED.reservoir_name, live_storage_mcm = EXCLUDED.live_storage_mcm, current_storage_mcm = EXCLUDED.current_storage_mcm, frl_m = EXCLUDED.frl_m, updated_at = now();
INSERT INTO dam_engineering (dam_id, instrumentation, updated_at) VALUES ('MPWRD-10278', '{"basin_office": "Chief Engineer Dhasan Ken Basin, Sagar", "gate_count_open": null, "gate_discharge_cumec": null, "last_year_level_m": null, "last_year_live_capacity_mcm": null, "last_year_live_storage_percent": null, "mpwrd_reservoir_code": "10278", "reading_time": "08:00:00", "this_year_is_stale": true, "this_year_level_observed_date": "2025-08-26"}'::jsonb, now()) ON CONFLICT (dam_id) DO UPDATE SET instrumentation = EXCLUDED.instrumentation, updated_at = now();
INSERT INTO mpwrd_reservoir_levels (source_registry, report_date, reservoir_code, dam_id, basin_office, reservoir_name, reading_time, district, frl_m, live_capacity_at_frl_mcm, this_year_level_m, this_year_live_capacity_mcm, this_year_live_storage_percent, this_year_level_observed_date, this_year_is_stale, gate_count_open, gate_discharge_cumec, last_year_level_m, last_year_live_capacity_mcm, last_year_live_storage_percent, source_url, raw, fetched_at) VALUES ('MPWRD', '2026-05-25', '10278', 'MPWRD-10278', 'Chief Engineer Dhasan Ken Basin, Sagar', 'Mansurwari Tank', '08:00:00', 'Sagar', 454.45, 11.23, 454.45, 11.23, 100, '2025-08-26', TRUE, NULL, NULL, NULL, NULL, NULL, 'https://eims1.mpwrd.gov.in/fcmreport/control/main', '{"district": "Sagar", "frl_m": "454.45", "gate_count_open": "", "gate_discharge_cumec": "", "last_year_level_m": "", "last_year_live_capacity_mcm": "", "last_year_live_storage_percent": "", "live_capacity_at_frl_mcm": "11.23", "reservoir": "Mansurwari Tank [10278]", "serial": "71.", "this_year_level_m": "454.45 *", "this_year_live_capacity_mcm": "11.23", "this_year_live_storage_percent": "100", "time": "08:00:00"}'::jsonb, now()) ON CONFLICT (source_registry, report_date, reservoir_code) DO UPDATE SET dam_id = EXCLUDED.dam_id, basin_office = EXCLUDED.basin_office, reservoir_name = EXCLUDED.reservoir_name, reading_time = EXCLUDED.reading_time, district = EXCLUDED.district, frl_m = EXCLUDED.frl_m, live_capacity_at_frl_mcm = EXCLUDED.live_capacity_at_frl_mcm, this_year_level_m = EXCLUDED.this_year_level_m, this_year_live_capacity_mcm = EXCLUDED.this_year_live_capacity_mcm, this_year_live_storage_percent = EXCLUDED.this_year_live_storage_percent, this_year_level_observed_date = EXCLUDED.this_year_level_observed_date, this_year_is_stale = EXCLUDED.this_year_is_stale, gate_count_open = EXCLUDED.gate_count_open, gate_discharge_cumec = EXCLUDED.gate_discharge_cumec, last_year_level_m = EXCLUDED.last_year_level_m, last_year_live_capacity_mcm = EXCLUDED.last_year_live_capacity_mcm, last_year_live_storage_percent = EXCLUDED.last_year_live_storage_percent, source_url = EXCLUDED.source_url, raw = EXCLUDED.raw, fetched_at = now();
INSERT INTO dams (dam_id, dam_name, state, district, river_basin, owner_agency, status, risk_class, safety_score, source_registry, source_record_id, source_publication_year, source_url, updated_at) VALUES ('MPWRD-10292', 'Nandanwada Tank', 'Madhya Pradesh', 'Tikamgarh', 'Chief Engineer Dhasan Ken Basin, Sagar', 'Madhya Pradesh Water Resources Department', 'operational'::dam_status, 'low'::risk_class, 100.00, 'MPWRD', '10292', 2026, 'https://eims1.mpwrd.gov.in/fcmreport/control/main', now()) ON CONFLICT (dam_id) DO UPDATE SET dam_name = EXCLUDED.dam_name, state = EXCLUDED.state, district = EXCLUDED.district, river_basin = EXCLUDED.river_basin, owner_agency = EXCLUDED.owner_agency, status = EXCLUDED.status, risk_class = EXCLUDED.risk_class, safety_score = EXCLUDED.safety_score, source_registry = EXCLUDED.source_registry, source_record_id = EXCLUDED.source_record_id, source_publication_year = EXCLUDED.source_publication_year, source_url = EXCLUDED.source_url, updated_at = now();
INSERT INTO dam_reservoir (dam_id, reservoir_name, live_storage_mcm, current_storage_mcm, frl_m, updated_at) VALUES ('MPWRD-10292', 'Nandanwada Tank', 23.76, 23.76, 308.61, now()) ON CONFLICT (dam_id) DO UPDATE SET reservoir_name = EXCLUDED.reservoir_name, live_storage_mcm = EXCLUDED.live_storage_mcm, current_storage_mcm = EXCLUDED.current_storage_mcm, frl_m = EXCLUDED.frl_m, updated_at = now();
INSERT INTO dam_engineering (dam_id, instrumentation, updated_at) VALUES ('MPWRD-10292', '{"basin_office": "Chief Engineer Dhasan Ken Basin, Sagar", "gate_count_open": null, "gate_discharge_cumec": null, "last_year_level_m": null, "last_year_live_capacity_mcm": null, "last_year_live_storage_percent": null, "mpwrd_reservoir_code": "10292", "reading_time": "08:00:00", "this_year_is_stale": true, "this_year_level_observed_date": "2025-09-15"}'::jsonb, now()) ON CONFLICT (dam_id) DO UPDATE SET instrumentation = EXCLUDED.instrumentation, updated_at = now();
INSERT INTO mpwrd_reservoir_levels (source_registry, report_date, reservoir_code, dam_id, basin_office, reservoir_name, reading_time, district, frl_m, live_capacity_at_frl_mcm, this_year_level_m, this_year_live_capacity_mcm, this_year_live_storage_percent, this_year_level_observed_date, this_year_is_stale, gate_count_open, gate_discharge_cumec, last_year_level_m, last_year_live_capacity_mcm, last_year_live_storage_percent, source_url, raw, fetched_at) VALUES ('MPWRD', '2026-05-25', '10292', 'MPWRD-10292', 'Chief Engineer Dhasan Ken Basin, Sagar', 'Nandanwada Tank', '08:00:00', 'Tikamgarh', 308.61, 23.76, 308.61, 23.76, 100, '2025-09-15', TRUE, NULL, NULL, NULL, NULL, NULL, 'https://eims1.mpwrd.gov.in/fcmreport/control/main', '{"district": "Tikamgarh", "frl_m": "308.61", "gate_count_open": "", "gate_discharge_cumec": "", "last_year_level_m": "", "last_year_live_capacity_mcm": "", "last_year_live_storage_percent": "", "live_capacity_at_frl_mcm": "23.76", "reservoir": "Nandanwada Tank [10292]", "serial": "72.", "this_year_level_m": "308.61 *", "this_year_live_capacity_mcm": "23.76", "this_year_live_storage_percent": "100", "time": "08:00:00"}'::jsonb, now()) ON CONFLICT (source_registry, report_date, reservoir_code) DO UPDATE SET dam_id = EXCLUDED.dam_id, basin_office = EXCLUDED.basin_office, reservoir_name = EXCLUDED.reservoir_name, reading_time = EXCLUDED.reading_time, district = EXCLUDED.district, frl_m = EXCLUDED.frl_m, live_capacity_at_frl_mcm = EXCLUDED.live_capacity_at_frl_mcm, this_year_level_m = EXCLUDED.this_year_level_m, this_year_live_capacity_mcm = EXCLUDED.this_year_live_capacity_mcm, this_year_live_storage_percent = EXCLUDED.this_year_live_storage_percent, this_year_level_observed_date = EXCLUDED.this_year_level_observed_date, this_year_is_stale = EXCLUDED.this_year_is_stale, gate_count_open = EXCLUDED.gate_count_open, gate_discharge_cumec = EXCLUDED.gate_discharge_cumec, last_year_level_m = EXCLUDED.last_year_level_m, last_year_live_capacity_mcm = EXCLUDED.last_year_live_capacity_mcm, last_year_live_storage_percent = EXCLUDED.last_year_live_storage_percent, source_url = EXCLUDED.source_url, raw = EXCLUDED.raw, fetched_at = now();
INSERT INTO dams (dam_id, dam_name, state, district, river_basin, owner_agency, status, risk_class, safety_score, source_registry, source_record_id, source_publication_year, source_url, updated_at) VALUES ('MPWRD-28178', 'Pagra Tank (Feeder)', 'Madhya Pradesh', 'Sagar', 'Chief Engineer Dhasan Ken Basin, Sagar', 'Madhya Pradesh Water Resources Department', 'operational'::dam_status, 'low'::risk_class, 93.00, 'MPWRD', '28178', 2026, 'https://eims1.mpwrd.gov.in/fcmreport/control/main', now()) ON CONFLICT (dam_id) DO UPDATE SET dam_name = EXCLUDED.dam_name, state = EXCLUDED.state, district = EXCLUDED.district, river_basin = EXCLUDED.river_basin, owner_agency = EXCLUDED.owner_agency, status = EXCLUDED.status, risk_class = EXCLUDED.risk_class, safety_score = EXCLUDED.safety_score, source_registry = EXCLUDED.source_registry, source_record_id = EXCLUDED.source_record_id, source_publication_year = EXCLUDED.source_publication_year, source_url = EXCLUDED.source_url, updated_at = now();
INSERT INTO dam_reservoir (dam_id, reservoir_name, live_storage_mcm, current_storage_mcm, frl_m, updated_at) VALUES ('MPWRD-28178', 'Pagra Tank (Feeder)', 94.04, 87.64, 445.02, now()) ON CONFLICT (dam_id) DO UPDATE SET reservoir_name = EXCLUDED.reservoir_name, live_storage_mcm = EXCLUDED.live_storage_mcm, current_storage_mcm = EXCLUDED.current_storage_mcm, frl_m = EXCLUDED.frl_m, updated_at = now();
INSERT INTO dam_engineering (dam_id, instrumentation, updated_at) VALUES ('MPWRD-28178', '{"basin_office": "Chief Engineer Dhasan Ken Basin, Sagar", "gate_count_open": null, "gate_discharge_cumec": null, "last_year_level_m": null, "last_year_live_capacity_mcm": null, "last_year_live_storage_percent": null, "mpwrd_reservoir_code": "28178", "reading_time": "08:00:00", "this_year_is_stale": true, "this_year_level_observed_date": "2025-09-25"}'::jsonb, now()) ON CONFLICT (dam_id) DO UPDATE SET instrumentation = EXCLUDED.instrumentation, updated_at = now();
INSERT INTO mpwrd_reservoir_levels (source_registry, report_date, reservoir_code, dam_id, basin_office, reservoir_name, reading_time, district, frl_m, live_capacity_at_frl_mcm, this_year_level_m, this_year_live_capacity_mcm, this_year_live_storage_percent, this_year_level_observed_date, this_year_is_stale, gate_count_open, gate_discharge_cumec, last_year_level_m, last_year_live_capacity_mcm, last_year_live_storage_percent, source_url, raw, fetched_at) VALUES ('MPWRD', '2026-05-25', '28178', 'MPWRD-28178', 'Chief Engineer Dhasan Ken Basin, Sagar', 'Pagra Tank (Feeder)', '08:00:00', 'Sagar', 445.02, 94.04, 444.60, 87.64, 93, '2025-09-25', TRUE, NULL, NULL, NULL, NULL, NULL, 'https://eims1.mpwrd.gov.in/fcmreport/control/main', '{"district": "Sagar", "frl_m": "445.02", "gate_count_open": "", "gate_discharge_cumec": "", "last_year_level_m": "", "last_year_live_capacity_mcm": "", "last_year_live_storage_percent": "", "live_capacity_at_frl_mcm": "94.04", "reservoir": "Pagra Tank (Feeder) [28178]", "serial": "73.", "this_year_level_m": "444.60*", "this_year_live_capacity_mcm": "87.64", "this_year_live_storage_percent": "93", "time": "08:00:00"}'::jsonb, now()) ON CONFLICT (source_registry, report_date, reservoir_code) DO UPDATE SET dam_id = EXCLUDED.dam_id, basin_office = EXCLUDED.basin_office, reservoir_name = EXCLUDED.reservoir_name, reading_time = EXCLUDED.reading_time, district = EXCLUDED.district, frl_m = EXCLUDED.frl_m, live_capacity_at_frl_mcm = EXCLUDED.live_capacity_at_frl_mcm, this_year_level_m = EXCLUDED.this_year_level_m, this_year_live_capacity_mcm = EXCLUDED.this_year_live_capacity_mcm, this_year_live_storage_percent = EXCLUDED.this_year_live_storage_percent, this_year_level_observed_date = EXCLUDED.this_year_level_observed_date, this_year_is_stale = EXCLUDED.this_year_is_stale, gate_count_open = EXCLUDED.gate_count_open, gate_discharge_cumec = EXCLUDED.gate_discharge_cumec, last_year_level_m = EXCLUDED.last_year_level_m, last_year_live_capacity_mcm = EXCLUDED.last_year_live_capacity_mcm, last_year_live_storage_percent = EXCLUDED.last_year_live_storage_percent, source_url = EXCLUDED.source_url, raw = EXCLUDED.raw, fetched_at = now();
INSERT INTO dams (dam_id, dam_name, state, district, river_basin, owner_agency, status, risk_class, safety_score, source_registry, source_record_id, source_publication_year, source_url, updated_at) VALUES ('MPWRD-39034', 'Panchamnagar Project', 'Madhya Pradesh', 'Damoh', 'Chief Engineer Dhasan Ken Basin, Sagar', 'Madhya Pradesh Water Resources Department', 'operational'::dam_status, 'moderate'::risk_class, 36.00, 'MPWRD', '39034', 2026, 'https://eims1.mpwrd.gov.in/fcmreport/control/main', now()) ON CONFLICT (dam_id) DO UPDATE SET dam_name = EXCLUDED.dam_name, state = EXCLUDED.state, district = EXCLUDED.district, river_basin = EXCLUDED.river_basin, owner_agency = EXCLUDED.owner_agency, status = EXCLUDED.status, risk_class = EXCLUDED.risk_class, safety_score = EXCLUDED.safety_score, source_registry = EXCLUDED.source_registry, source_record_id = EXCLUDED.source_record_id, source_publication_year = EXCLUDED.source_publication_year, source_url = EXCLUDED.source_url, updated_at = now();
INSERT INTO dam_reservoir (dam_id, reservoir_name, live_storage_mcm, current_storage_mcm, frl_m, updated_at) VALUES ('MPWRD-39034', 'Panchamnagar Project', 4.04, 1.48, 375.50, now()) ON CONFLICT (dam_id) DO UPDATE SET reservoir_name = EXCLUDED.reservoir_name, live_storage_mcm = EXCLUDED.live_storage_mcm, current_storage_mcm = EXCLUDED.current_storage_mcm, frl_m = EXCLUDED.frl_m, updated_at = now();
INSERT INTO dam_engineering (dam_id, instrumentation, updated_at) VALUES ('MPWRD-39034', '{"basin_office": "Chief Engineer Dhasan Ken Basin, Sagar", "gate_count_open": null, "gate_discharge_cumec": null, "last_year_level_m": null, "last_year_live_capacity_mcm": null, "last_year_live_storage_percent": null, "mpwrd_reservoir_code": "39034", "reading_time": "08:00:00", "this_year_is_stale": true, "this_year_level_observed_date": "2025-09-24"}'::jsonb, now()) ON CONFLICT (dam_id) DO UPDATE SET instrumentation = EXCLUDED.instrumentation, updated_at = now();
INSERT INTO mpwrd_reservoir_levels (source_registry, report_date, reservoir_code, dam_id, basin_office, reservoir_name, reading_time, district, frl_m, live_capacity_at_frl_mcm, this_year_level_m, this_year_live_capacity_mcm, this_year_live_storage_percent, this_year_level_observed_date, this_year_is_stale, gate_count_open, gate_discharge_cumec, last_year_level_m, last_year_live_capacity_mcm, last_year_live_storage_percent, source_url, raw, fetched_at) VALUES ('MPWRD', '2026-05-25', '39034', 'MPWRD-39034', 'Chief Engineer Dhasan Ken Basin, Sagar', 'Panchamnagar Project', '08:00:00', 'Damoh', 375.50, 4.04, 372.35, 1.48, 36, '2025-09-24', TRUE, NULL, NULL, NULL, NULL, NULL, 'https://eims1.mpwrd.gov.in/fcmreport/control/main', '{"district": "Damoh", "frl_m": "375.50", "gate_count_open": "", "gate_discharge_cumec": "", "last_year_level_m": "", "last_year_live_capacity_mcm": "", "last_year_live_storage_percent": "", "live_capacity_at_frl_mcm": "4.04", "reservoir": "Panchamnagar Project [39034]", "serial": "74.", "this_year_level_m": "372.35*", "this_year_live_capacity_mcm": "1.48", "this_year_live_storage_percent": "36", "time": "08:00:00"}'::jsonb, now()) ON CONFLICT (source_registry, report_date, reservoir_code) DO UPDATE SET dam_id = EXCLUDED.dam_id, basin_office = EXCLUDED.basin_office, reservoir_name = EXCLUDED.reservoir_name, reading_time = EXCLUDED.reading_time, district = EXCLUDED.district, frl_m = EXCLUDED.frl_m, live_capacity_at_frl_mcm = EXCLUDED.live_capacity_at_frl_mcm, this_year_level_m = EXCLUDED.this_year_level_m, this_year_live_capacity_mcm = EXCLUDED.this_year_live_capacity_mcm, this_year_live_storage_percent = EXCLUDED.this_year_live_storage_percent, this_year_level_observed_date = EXCLUDED.this_year_level_observed_date, this_year_is_stale = EXCLUDED.this_year_is_stale, gate_count_open = EXCLUDED.gate_count_open, gate_discharge_cumec = EXCLUDED.gate_discharge_cumec, last_year_level_m = EXCLUDED.last_year_level_m, last_year_live_capacity_mcm = EXCLUDED.last_year_live_capacity_mcm, last_year_live_storage_percent = EXCLUDED.last_year_live_storage_percent, source_url = EXCLUDED.source_url, raw = EXCLUDED.raw, fetched_at = now();
INSERT INTO dams (dam_id, dam_name, state, district, river_basin, owner_agency, status, risk_class, safety_score, source_registry, source_record_id, source_publication_year, source_url, updated_at) VALUES ('MPWRD-40902', 'Parkul Medium Project', 'Madhya Pradesh', 'Sagar', 'Chief Engineer Dhasan Ken Basin, Sagar', 'Madhya Pradesh Water Resources Department', 'operational'::dam_status, 'low'::risk_class, 100.00, 'MPWRD', '40902', 2026, 'https://eims1.mpwrd.gov.in/fcmreport/control/main', now()) ON CONFLICT (dam_id) DO UPDATE SET dam_name = EXCLUDED.dam_name, state = EXCLUDED.state, district = EXCLUDED.district, river_basin = EXCLUDED.river_basin, owner_agency = EXCLUDED.owner_agency, status = EXCLUDED.status, risk_class = EXCLUDED.risk_class, safety_score = EXCLUDED.safety_score, source_registry = EXCLUDED.source_registry, source_record_id = EXCLUDED.source_record_id, source_publication_year = EXCLUDED.source_publication_year, source_url = EXCLUDED.source_url, updated_at = now();
INSERT INTO dam_reservoir (dam_id, reservoir_name, live_storage_mcm, current_storage_mcm, frl_m, updated_at) VALUES ('MPWRD-40902', 'Parkul Medium Project', 20.38, 20.38, 548.65, now()) ON CONFLICT (dam_id) DO UPDATE SET reservoir_name = EXCLUDED.reservoir_name, live_storage_mcm = EXCLUDED.live_storage_mcm, current_storage_mcm = EXCLUDED.current_storage_mcm, frl_m = EXCLUDED.frl_m, updated_at = now();
INSERT INTO dam_engineering (dam_id, instrumentation, updated_at) VALUES ('MPWRD-40902', '{"basin_office": "Chief Engineer Dhasan Ken Basin, Sagar", "gate_count_open": null, "gate_discharge_cumec": null, "last_year_level_m": null, "last_year_live_capacity_mcm": null, "last_year_live_storage_percent": null, "mpwrd_reservoir_code": "40902", "reading_time": "08:00:00", "this_year_is_stale": true, "this_year_level_observed_date": "2025-08-19"}'::jsonb, now()) ON CONFLICT (dam_id) DO UPDATE SET instrumentation = EXCLUDED.instrumentation, updated_at = now();
INSERT INTO mpwrd_reservoir_levels (source_registry, report_date, reservoir_code, dam_id, basin_office, reservoir_name, reading_time, district, frl_m, live_capacity_at_frl_mcm, this_year_level_m, this_year_live_capacity_mcm, this_year_live_storage_percent, this_year_level_observed_date, this_year_is_stale, gate_count_open, gate_discharge_cumec, last_year_level_m, last_year_live_capacity_mcm, last_year_live_storage_percent, source_url, raw, fetched_at) VALUES ('MPWRD', '2026-05-25', '40902', 'MPWRD-40902', 'Chief Engineer Dhasan Ken Basin, Sagar', 'Parkul Medium Project', '08:00:00', 'Sagar', 548.65, 20.38, 548.65, 20.38, 100, '2025-08-19', TRUE, NULL, NULL, NULL, NULL, NULL, 'https://eims1.mpwrd.gov.in/fcmreport/control/main', '{"district": "Sagar", "frl_m": "548.65", "gate_count_open": "", "gate_discharge_cumec": "", "last_year_level_m": "", "last_year_live_capacity_mcm": "", "last_year_live_storage_percent": "", "live_capacity_at_frl_mcm": "20.38", "reservoir": "Parkul Medium Project [40902]", "serial": "75.", "this_year_level_m": "548.65 *", "this_year_live_capacity_mcm": "20.38", "this_year_live_storage_percent": "100", "time": "08:00:00"}'::jsonb, now()) ON CONFLICT (source_registry, report_date, reservoir_code) DO UPDATE SET dam_id = EXCLUDED.dam_id, basin_office = EXCLUDED.basin_office, reservoir_name = EXCLUDED.reservoir_name, reading_time = EXCLUDED.reading_time, district = EXCLUDED.district, frl_m = EXCLUDED.frl_m, live_capacity_at_frl_mcm = EXCLUDED.live_capacity_at_frl_mcm, this_year_level_m = EXCLUDED.this_year_level_m, this_year_live_capacity_mcm = EXCLUDED.this_year_live_capacity_mcm, this_year_live_storage_percent = EXCLUDED.this_year_live_storage_percent, this_year_level_observed_date = EXCLUDED.this_year_level_observed_date, this_year_is_stale = EXCLUDED.this_year_is_stale, gate_count_open = EXCLUDED.gate_count_open, gate_discharge_cumec = EXCLUDED.gate_discharge_cumec, last_year_level_m = EXCLUDED.last_year_level_m, last_year_live_capacity_mcm = EXCLUDED.last_year_live_capacity_mcm, last_year_live_storage_percent = EXCLUDED.last_year_live_storage_percent, source_url = EXCLUDED.source_url, raw = EXCLUDED.raw, fetched_at = now();
INSERT INTO dams (dam_id, dam_name, state, district, river_basin, owner_agency, status, risk_class, safety_score, source_registry, source_record_id, source_publication_year, source_url, updated_at) VALUES ('MPWRD-32197', 'Patna Tank', 'Madhya Pradesh', 'Panna', 'Chief Engineer Dhasan Ken Basin, Sagar', 'Madhya Pradesh Water Resources Department', 'operational'::dam_status, 'low'::risk_class, 100.00, 'MPWRD', '32197', 2026, 'https://eims1.mpwrd.gov.in/fcmreport/control/main', now()) ON CONFLICT (dam_id) DO UPDATE SET dam_name = EXCLUDED.dam_name, state = EXCLUDED.state, district = EXCLUDED.district, river_basin = EXCLUDED.river_basin, owner_agency = EXCLUDED.owner_agency, status = EXCLUDED.status, risk_class = EXCLUDED.risk_class, safety_score = EXCLUDED.safety_score, source_registry = EXCLUDED.source_registry, source_record_id = EXCLUDED.source_record_id, source_publication_year = EXCLUDED.source_publication_year, source_url = EXCLUDED.source_url, updated_at = now();
INSERT INTO dam_reservoir (dam_id, reservoir_name, live_storage_mcm, current_storage_mcm, frl_m, updated_at) VALUES ('MPWRD-32197', 'Patna Tank', 5.01, 5.01, 332.50, now()) ON CONFLICT (dam_id) DO UPDATE SET reservoir_name = EXCLUDED.reservoir_name, live_storage_mcm = EXCLUDED.live_storage_mcm, current_storage_mcm = EXCLUDED.current_storage_mcm, frl_m = EXCLUDED.frl_m, updated_at = now();
INSERT INTO dam_engineering (dam_id, instrumentation, updated_at) VALUES ('MPWRD-32197', '{"basin_office": "Chief Engineer Dhasan Ken Basin, Sagar", "gate_count_open": null, "gate_discharge_cumec": null, "last_year_level_m": null, "last_year_live_capacity_mcm": null, "last_year_live_storage_percent": null, "mpwrd_reservoir_code": "32197", "reading_time": "08:00:00", "this_year_is_stale": true, "this_year_level_observed_date": "2025-07-15"}'::jsonb, now()) ON CONFLICT (dam_id) DO UPDATE SET instrumentation = EXCLUDED.instrumentation, updated_at = now();
INSERT INTO mpwrd_reservoir_levels (source_registry, report_date, reservoir_code, dam_id, basin_office, reservoir_name, reading_time, district, frl_m, live_capacity_at_frl_mcm, this_year_level_m, this_year_live_capacity_mcm, this_year_live_storage_percent, this_year_level_observed_date, this_year_is_stale, gate_count_open, gate_discharge_cumec, last_year_level_m, last_year_live_capacity_mcm, last_year_live_storage_percent, source_url, raw, fetched_at) VALUES ('MPWRD', '2026-05-25', '32197', 'MPWRD-32197', 'Chief Engineer Dhasan Ken Basin, Sagar', 'Patna Tank', '08:00:00', 'Panna', 332.50, 5.01, 332.50, 5.01, 100, '2025-07-15', TRUE, NULL, NULL, NULL, NULL, NULL, 'https://eims1.mpwrd.gov.in/fcmreport/control/main', '{"district": "Panna", "frl_m": "332.50", "gate_count_open": "", "gate_discharge_cumec": "", "last_year_level_m": "", "last_year_live_capacity_mcm": "", "last_year_live_storage_percent": "", "live_capacity_at_frl_mcm": "5.01", "reservoir": "Patna Tank [32197]", "serial": "76.", "this_year_level_m": "332.50 *", "this_year_live_capacity_mcm": "5.01", "this_year_live_storage_percent": "100", "time": "08:00:00"}'::jsonb, now()) ON CONFLICT (source_registry, report_date, reservoir_code) DO UPDATE SET dam_id = EXCLUDED.dam_id, basin_office = EXCLUDED.basin_office, reservoir_name = EXCLUDED.reservoir_name, reading_time = EXCLUDED.reading_time, district = EXCLUDED.district, frl_m = EXCLUDED.frl_m, live_capacity_at_frl_mcm = EXCLUDED.live_capacity_at_frl_mcm, this_year_level_m = EXCLUDED.this_year_level_m, this_year_live_capacity_mcm = EXCLUDED.this_year_live_capacity_mcm, this_year_live_storage_percent = EXCLUDED.this_year_live_storage_percent, this_year_level_observed_date = EXCLUDED.this_year_level_observed_date, this_year_is_stale = EXCLUDED.this_year_is_stale, gate_count_open = EXCLUDED.gate_count_open, gate_discharge_cumec = EXCLUDED.gate_discharge_cumec, last_year_level_m = EXCLUDED.last_year_level_m, last_year_live_capacity_mcm = EXCLUDED.last_year_live_capacity_mcm, last_year_live_storage_percent = EXCLUDED.last_year_live_storage_percent, source_url = EXCLUDED.source_url, raw = EXCLUDED.raw, fetched_at = now();
INSERT INTO dams (dam_id, dam_name, state, district, river_basin, owner_agency, status, risk_class, safety_score, source_registry, source_record_id, source_publication_year, source_url, updated_at) VALUES ('MPWRD-32840', 'Pawai Medium Irrigation Project', 'Madhya Pradesh', 'Panna', 'Chief Engineer Dhasan Ken Basin, Sagar', 'Madhya Pradesh Water Resources Department', 'operational'::dam_status, 'low'::risk_class, 68.00, 'MPWRD', '32840', 2026, 'https://eims1.mpwrd.gov.in/fcmreport/control/main', now()) ON CONFLICT (dam_id) DO UPDATE SET dam_name = EXCLUDED.dam_name, state = EXCLUDED.state, district = EXCLUDED.district, river_basin = EXCLUDED.river_basin, owner_agency = EXCLUDED.owner_agency, status = EXCLUDED.status, risk_class = EXCLUDED.risk_class, safety_score = EXCLUDED.safety_score, source_registry = EXCLUDED.source_registry, source_record_id = EXCLUDED.source_record_id, source_publication_year = EXCLUDED.source_publication_year, source_url = EXCLUDED.source_url, updated_at = now();
INSERT INTO dam_reservoir (dam_id, reservoir_name, live_storage_mcm, current_storage_mcm, frl_m, updated_at) VALUES ('MPWRD-32840', 'Pawai Medium Irrigation Project', 122.25, 83.67, 340.50, now()) ON CONFLICT (dam_id) DO UPDATE SET reservoir_name = EXCLUDED.reservoir_name, live_storage_mcm = EXCLUDED.live_storage_mcm, current_storage_mcm = EXCLUDED.current_storage_mcm, frl_m = EXCLUDED.frl_m, updated_at = now();
INSERT INTO dam_engineering (dam_id, instrumentation, updated_at) VALUES ('MPWRD-32840', '{"basin_office": "Chief Engineer Dhasan Ken Basin, Sagar", "gate_count_open": null, "gate_discharge_cumec": null, "last_year_level_m": null, "last_year_live_capacity_mcm": null, "last_year_live_storage_percent": null, "mpwrd_reservoir_code": "32840", "reading_time": "08:00:00", "this_year_is_stale": true, "this_year_level_observed_date": "2025-09-25"}'::jsonb, now()) ON CONFLICT (dam_id) DO UPDATE SET instrumentation = EXCLUDED.instrumentation, updated_at = now();
INSERT INTO mpwrd_reservoir_levels (source_registry, report_date, reservoir_code, dam_id, basin_office, reservoir_name, reading_time, district, frl_m, live_capacity_at_frl_mcm, this_year_level_m, this_year_live_capacity_mcm, this_year_live_storage_percent, this_year_level_observed_date, this_year_is_stale, gate_count_open, gate_discharge_cumec, last_year_level_m, last_year_live_capacity_mcm, last_year_live_storage_percent, source_url, raw, fetched_at) VALUES ('MPWRD', '2026-05-25', '32840', 'MPWRD-32840', 'Chief Engineer Dhasan Ken Basin, Sagar', 'Pawai Medium Irrigation Project', '08:00:00', 'Panna', 340.50, 122.25, 338.00, 83.67, 68, '2025-09-25', TRUE, NULL, NULL, NULL, NULL, NULL, 'https://eims1.mpwrd.gov.in/fcmreport/control/main', '{"district": "Panna", "frl_m": "340.50", "gate_count_open": "", "gate_discharge_cumec": "", "last_year_level_m": "", "last_year_live_capacity_mcm": "", "last_year_live_storage_percent": "", "live_capacity_at_frl_mcm": "122.25", "reservoir": "Pawai Medium Irrigation Project [32840]", "serial": "77.", "this_year_level_m": "338.00*", "this_year_live_capacity_mcm": "83.67", "this_year_live_storage_percent": "68", "time": "08:00:00"}'::jsonb, now()) ON CONFLICT (source_registry, report_date, reservoir_code) DO UPDATE SET dam_id = EXCLUDED.dam_id, basin_office = EXCLUDED.basin_office, reservoir_name = EXCLUDED.reservoir_name, reading_time = EXCLUDED.reading_time, district = EXCLUDED.district, frl_m = EXCLUDED.frl_m, live_capacity_at_frl_mcm = EXCLUDED.live_capacity_at_frl_mcm, this_year_level_m = EXCLUDED.this_year_level_m, this_year_live_capacity_mcm = EXCLUDED.this_year_live_capacity_mcm, this_year_live_storage_percent = EXCLUDED.this_year_live_storage_percent, this_year_level_observed_date = EXCLUDED.this_year_level_observed_date, this_year_is_stale = EXCLUDED.this_year_is_stale, gate_count_open = EXCLUDED.gate_count_open, gate_discharge_cumec = EXCLUDED.gate_discharge_cumec, last_year_level_m = EXCLUDED.last_year_level_m, last_year_live_capacity_mcm = EXCLUDED.last_year_live_capacity_mcm, last_year_live_storage_percent = EXCLUDED.last_year_live_storage_percent, source_url = EXCLUDED.source_url, raw = EXCLUDED.raw, fetched_at = now();
INSERT INTO dams (dam_id, dam_name, state, district, river_basin, owner_agency, status, risk_class, safety_score, source_registry, source_record_id, source_publication_year, source_url, updated_at) VALUES ('MPWRD-10294', 'Rajendra Sagar Dam', 'Madhya Pradesh', 'Tikamgarh', 'Chief Engineer Dhasan Ken Basin, Sagar', 'Madhya Pradesh Water Resources Department', 'operational'::dam_status, 'low'::risk_class, 64.00, 'MPWRD', '10294', 2026, 'https://eims1.mpwrd.gov.in/fcmreport/control/main', now()) ON CONFLICT (dam_id) DO UPDATE SET dam_name = EXCLUDED.dam_name, state = EXCLUDED.state, district = EXCLUDED.district, river_basin = EXCLUDED.river_basin, owner_agency = EXCLUDED.owner_agency, status = EXCLUDED.status, risk_class = EXCLUDED.risk_class, safety_score = EXCLUDED.safety_score, source_registry = EXCLUDED.source_registry, source_record_id = EXCLUDED.source_record_id, source_publication_year = EXCLUDED.source_publication_year, source_url = EXCLUDED.source_url, updated_at = now();
INSERT INTO dam_reservoir (dam_id, reservoir_name, live_storage_mcm, current_storage_mcm, frl_m, updated_at) VALUES ('MPWRD-10294', 'Rajendra Sagar Dam', 16.99, 10.95, 359.05, now()) ON CONFLICT (dam_id) DO UPDATE SET reservoir_name = EXCLUDED.reservoir_name, live_storage_mcm = EXCLUDED.live_storage_mcm, current_storage_mcm = EXCLUDED.current_storage_mcm, frl_m = EXCLUDED.frl_m, updated_at = now();
INSERT INTO dam_engineering (dam_id, instrumentation, updated_at) VALUES ('MPWRD-10294', '{"basin_office": "Chief Engineer Dhasan Ken Basin, Sagar", "gate_count_open": null, "gate_discharge_cumec": null, "last_year_level_m": null, "last_year_live_capacity_mcm": null, "last_year_live_storage_percent": null, "mpwrd_reservoir_code": "10294", "reading_time": "08:00:00", "this_year_is_stale": true, "this_year_level_observed_date": "2025-07-16"}'::jsonb, now()) ON CONFLICT (dam_id) DO UPDATE SET instrumentation = EXCLUDED.instrumentation, updated_at = now();
INSERT INTO mpwrd_reservoir_levels (source_registry, report_date, reservoir_code, dam_id, basin_office, reservoir_name, reading_time, district, frl_m, live_capacity_at_frl_mcm, this_year_level_m, this_year_live_capacity_mcm, this_year_live_storage_percent, this_year_level_observed_date, this_year_is_stale, gate_count_open, gate_discharge_cumec, last_year_level_m, last_year_live_capacity_mcm, last_year_live_storage_percent, source_url, raw, fetched_at) VALUES ('MPWRD', '2026-05-25', '10294', 'MPWRD-10294', 'Chief Engineer Dhasan Ken Basin, Sagar', 'Rajendra Sagar Dam', '08:00:00', 'Tikamgarh', 359.05, 16.99, 358.07, 10.95, 64, '2025-07-16', TRUE, NULL, NULL, NULL, NULL, NULL, 'https://eims1.mpwrd.gov.in/fcmreport/control/main', '{"district": "Tikamgarh", "frl_m": "359.05", "gate_count_open": "", "gate_discharge_cumec": "", "last_year_level_m": "", "last_year_live_capacity_mcm": "", "last_year_live_storage_percent": "", "live_capacity_at_frl_mcm": "16.99", "reservoir": "Rajendra Sagar Dam [10294]", "serial": "78.", "this_year_level_m": "358.07*", "this_year_live_capacity_mcm": "10.95", "this_year_live_storage_percent": "64", "time": "08:00:00"}'::jsonb, now()) ON CONFLICT (source_registry, report_date, reservoir_code) DO UPDATE SET dam_id = EXCLUDED.dam_id, basin_office = EXCLUDED.basin_office, reservoir_name = EXCLUDED.reservoir_name, reading_time = EXCLUDED.reading_time, district = EXCLUDED.district, frl_m = EXCLUDED.frl_m, live_capacity_at_frl_mcm = EXCLUDED.live_capacity_at_frl_mcm, this_year_level_m = EXCLUDED.this_year_level_m, this_year_live_capacity_mcm = EXCLUDED.this_year_live_capacity_mcm, this_year_live_storage_percent = EXCLUDED.this_year_live_storage_percent, this_year_level_observed_date = EXCLUDED.this_year_level_observed_date, this_year_is_stale = EXCLUDED.this_year_is_stale, gate_count_open = EXCLUDED.gate_count_open, gate_discharge_cumec = EXCLUDED.gate_discharge_cumec, last_year_level_m = EXCLUDED.last_year_level_m, last_year_live_capacity_mcm = EXCLUDED.last_year_live_capacity_mcm, last_year_live_storage_percent = EXCLUDED.last_year_live_storage_percent, source_url = EXCLUDED.source_url, raw = EXCLUDED.raw, fetched_at = now();
INSERT INTO dams (dam_id, dam_name, state, district, river_basin, owner_agency, status, risk_class, safety_score, source_registry, source_record_id, source_publication_year, source_url, updated_at) VALUES ('MPWRD-20734', 'Rangawan Dam', 'Madhya Pradesh', 'Chhatarpur', 'Chief Engineer Dhasan Ken Basin, Sagar', 'Madhya Pradesh Water Resources Department', 'operational'::dam_status, 'low'::risk_class, 89.00, 'MPWRD', '20734', 2026, 'https://eims1.mpwrd.gov.in/fcmreport/control/main', now()) ON CONFLICT (dam_id) DO UPDATE SET dam_name = EXCLUDED.dam_name, state = EXCLUDED.state, district = EXCLUDED.district, river_basin = EXCLUDED.river_basin, owner_agency = EXCLUDED.owner_agency, status = EXCLUDED.status, risk_class = EXCLUDED.risk_class, safety_score = EXCLUDED.safety_score, source_registry = EXCLUDED.source_registry, source_record_id = EXCLUDED.source_record_id, source_publication_year = EXCLUDED.source_publication_year, source_url = EXCLUDED.source_url, updated_at = now();
INSERT INTO dam_reservoir (dam_id, reservoir_name, live_storage_mcm, current_storage_mcm, frl_m, updated_at) VALUES ('MPWRD-20734', 'Rangawan Dam', 155.19, 138.20, 233.17, now()) ON CONFLICT (dam_id) DO UPDATE SET reservoir_name = EXCLUDED.reservoir_name, live_storage_mcm = EXCLUDED.live_storage_mcm, current_storage_mcm = EXCLUDED.current_storage_mcm, frl_m = EXCLUDED.frl_m, updated_at = now();
INSERT INTO dam_engineering (dam_id, instrumentation, updated_at) VALUES ('MPWRD-20734', '{"basin_office": "Chief Engineer Dhasan Ken Basin, Sagar", "gate_count_open": null, "gate_discharge_cumec": null, "last_year_level_m": null, "last_year_live_capacity_mcm": null, "last_year_live_storage_percent": null, "mpwrd_reservoir_code": "20734", "reading_time": "08:00:00", "this_year_is_stale": true, "this_year_level_observed_date": "2025-09-25"}'::jsonb, now()) ON CONFLICT (dam_id) DO UPDATE SET instrumentation = EXCLUDED.instrumentation, updated_at = now();
INSERT INTO mpwrd_reservoir_levels (source_registry, report_date, reservoir_code, dam_id, basin_office, reservoir_name, reading_time, district, frl_m, live_capacity_at_frl_mcm, this_year_level_m, this_year_live_capacity_mcm, this_year_live_storage_percent, this_year_level_observed_date, this_year_is_stale, gate_count_open, gate_discharge_cumec, last_year_level_m, last_year_live_capacity_mcm, last_year_live_storage_percent, source_url, raw, fetched_at) VALUES ('MPWRD', '2026-05-25', '20734', 'MPWRD-20734', 'Chief Engineer Dhasan Ken Basin, Sagar', 'Rangawan Dam', '08:00:00', 'Chhatarpur', 233.17, 155.19, 232.41, 138.20, 89, '2025-09-25', TRUE, NULL, NULL, NULL, NULL, NULL, 'https://eims1.mpwrd.gov.in/fcmreport/control/main', '{"district": "Chhatarpur", "frl_m": "233.17", "gate_count_open": "", "gate_discharge_cumec": "", "last_year_level_m": "", "last_year_live_capacity_mcm": "", "last_year_live_storage_percent": "", "live_capacity_at_frl_mcm": "155.19", "reservoir": "Rangawan Dam [20734]", "serial": "79.", "this_year_level_m": "232.41*", "this_year_live_capacity_mcm": "138.20", "this_year_live_storage_percent": "89", "time": "08:00:00"}'::jsonb, now()) ON CONFLICT (source_registry, report_date, reservoir_code) DO UPDATE SET dam_id = EXCLUDED.dam_id, basin_office = EXCLUDED.basin_office, reservoir_name = EXCLUDED.reservoir_name, reading_time = EXCLUDED.reading_time, district = EXCLUDED.district, frl_m = EXCLUDED.frl_m, live_capacity_at_frl_mcm = EXCLUDED.live_capacity_at_frl_mcm, this_year_level_m = EXCLUDED.this_year_level_m, this_year_live_capacity_mcm = EXCLUDED.this_year_live_capacity_mcm, this_year_live_storage_percent = EXCLUDED.this_year_live_storage_percent, this_year_level_observed_date = EXCLUDED.this_year_level_observed_date, this_year_is_stale = EXCLUDED.this_year_is_stale, gate_count_open = EXCLUDED.gate_count_open, gate_discharge_cumec = EXCLUDED.gate_discharge_cumec, last_year_level_m = EXCLUDED.last_year_level_m, last_year_live_capacity_mcm = EXCLUDED.last_year_live_capacity_mcm, last_year_live_storage_percent = EXCLUDED.last_year_live_storage_percent, source_url = EXCLUDED.source_url, raw = EXCLUDED.raw, fetched_at = now();
INSERT INTO dams (dam_id, dam_name, state, district, river_basin, owner_agency, status, risk_class, safety_score, source_registry, source_record_id, source_publication_year, source_url, updated_at) VALUES ('MPWRD-40148', 'Sajli Medium Project', 'Madhya Pradesh', 'Damoh', 'Chief Engineer Dhasan Ken Basin, Sagar', 'Madhya Pradesh Water Resources Department', 'operational'::dam_status, 'moderate'::risk_class, 41.00, 'MPWRD', '40148', 2026, 'https://eims1.mpwrd.gov.in/fcmreport/control/main', now()) ON CONFLICT (dam_id) DO UPDATE SET dam_name = EXCLUDED.dam_name, state = EXCLUDED.state, district = EXCLUDED.district, river_basin = EXCLUDED.river_basin, owner_agency = EXCLUDED.owner_agency, status = EXCLUDED.status, risk_class = EXCLUDED.risk_class, safety_score = EXCLUDED.safety_score, source_registry = EXCLUDED.source_registry, source_record_id = EXCLUDED.source_record_id, source_publication_year = EXCLUDED.source_publication_year, source_url = EXCLUDED.source_url, updated_at = now();
INSERT INTO dam_reservoir (dam_id, reservoir_name, live_storage_mcm, current_storage_mcm, frl_m, updated_at) VALUES ('MPWRD-40148', 'Sajli Medium Project', 41.60, 17.13, 395.15, now()) ON CONFLICT (dam_id) DO UPDATE SET reservoir_name = EXCLUDED.reservoir_name, live_storage_mcm = EXCLUDED.live_storage_mcm, current_storage_mcm = EXCLUDED.current_storage_mcm, frl_m = EXCLUDED.frl_m, updated_at = now();
INSERT INTO dam_engineering (dam_id, instrumentation, updated_at) VALUES ('MPWRD-40148', '{"basin_office": "Chief Engineer Dhasan Ken Basin, Sagar", "gate_count_open": null, "gate_discharge_cumec": null, "last_year_level_m": null, "last_year_live_capacity_mcm": null, "last_year_live_storage_percent": null, "mpwrd_reservoir_code": "40148", "reading_time": "08:00:00", "this_year_is_stale": true, "this_year_level_observed_date": "2025-08-19"}'::jsonb, now()) ON CONFLICT (dam_id) DO UPDATE SET instrumentation = EXCLUDED.instrumentation, updated_at = now();
INSERT INTO mpwrd_reservoir_levels (source_registry, report_date, reservoir_code, dam_id, basin_office, reservoir_name, reading_time, district, frl_m, live_capacity_at_frl_mcm, this_year_level_m, this_year_live_capacity_mcm, this_year_live_storage_percent, this_year_level_observed_date, this_year_is_stale, gate_count_open, gate_discharge_cumec, last_year_level_m, last_year_live_capacity_mcm, last_year_live_storage_percent, source_url, raw, fetched_at) VALUES ('MPWRD', '2026-05-25', '40148', 'MPWRD-40148', 'Chief Engineer Dhasan Ken Basin, Sagar', 'Sajli Medium Project', '08:00:00', 'Damoh', 395.15, 41.60, 392.00, 17.13, 41, '2025-08-19', TRUE, NULL, NULL, NULL, NULL, NULL, 'https://eims1.mpwrd.gov.in/fcmreport/control/main', '{"district": "Damoh", "frl_m": "395.15", "gate_count_open": "", "gate_discharge_cumec": "", "last_year_level_m": "", "last_year_live_capacity_mcm": "", "last_year_live_storage_percent": "", "live_capacity_at_frl_mcm": "41.60", "reservoir": "Sajli Medium Project [40148]", "serial": "80.", "this_year_level_m": "392.00*", "this_year_live_capacity_mcm": "17.13", "this_year_live_storage_percent": "41", "time": "08:00:00"}'::jsonb, now()) ON CONFLICT (source_registry, report_date, reservoir_code) DO UPDATE SET dam_id = EXCLUDED.dam_id, basin_office = EXCLUDED.basin_office, reservoir_name = EXCLUDED.reservoir_name, reading_time = EXCLUDED.reading_time, district = EXCLUDED.district, frl_m = EXCLUDED.frl_m, live_capacity_at_frl_mcm = EXCLUDED.live_capacity_at_frl_mcm, this_year_level_m = EXCLUDED.this_year_level_m, this_year_live_capacity_mcm = EXCLUDED.this_year_live_capacity_mcm, this_year_live_storage_percent = EXCLUDED.this_year_live_storage_percent, this_year_level_observed_date = EXCLUDED.this_year_level_observed_date, this_year_is_stale = EXCLUDED.this_year_is_stale, gate_count_open = EXCLUDED.gate_count_open, gate_discharge_cumec = EXCLUDED.gate_discharge_cumec, last_year_level_m = EXCLUDED.last_year_level_m, last_year_live_capacity_mcm = EXCLUDED.last_year_live_capacity_mcm, last_year_live_storage_percent = EXCLUDED.last_year_live_storage_percent, source_url = EXCLUDED.source_url, raw = EXCLUDED.raw, fetched_at = now();
INSERT INTO dams (dam_id, dam_name, state, district, river_basin, owner_agency, status, risk_class, safety_score, source_registry, source_record_id, source_publication_year, source_url, updated_at) VALUES ('MPWRD-28189', 'Samnapur Tank', 'Madhya Pradesh', 'Sagar', 'Chief Engineer Dhasan Ken Basin, Sagar', 'Madhya Pradesh Water Resources Department', 'operational'::dam_status, 'low'::risk_class, 100.00, 'MPWRD', '28189', 2026, 'https://eims1.mpwrd.gov.in/fcmreport/control/main', now()) ON CONFLICT (dam_id) DO UPDATE SET dam_name = EXCLUDED.dam_name, state = EXCLUDED.state, district = EXCLUDED.district, river_basin = EXCLUDED.river_basin, owner_agency = EXCLUDED.owner_agency, status = EXCLUDED.status, risk_class = EXCLUDED.risk_class, safety_score = EXCLUDED.safety_score, source_registry = EXCLUDED.source_registry, source_record_id = EXCLUDED.source_record_id, source_publication_year = EXCLUDED.source_publication_year, source_url = EXCLUDED.source_url, updated_at = now();
INSERT INTO dam_reservoir (dam_id, reservoir_name, live_storage_mcm, current_storage_mcm, frl_m, updated_at) VALUES ('MPWRD-28189', 'Samnapur Tank', 16.85, 16.85, 455.00, now()) ON CONFLICT (dam_id) DO UPDATE SET reservoir_name = EXCLUDED.reservoir_name, live_storage_mcm = EXCLUDED.live_storage_mcm, current_storage_mcm = EXCLUDED.current_storage_mcm, frl_m = EXCLUDED.frl_m, updated_at = now();
INSERT INTO dam_engineering (dam_id, instrumentation, updated_at) VALUES ('MPWRD-28189', '{"basin_office": "Chief Engineer Dhasan Ken Basin, Sagar", "gate_count_open": null, "gate_discharge_cumec": null, "last_year_level_m": null, "last_year_live_capacity_mcm": null, "last_year_live_storage_percent": null, "mpwrd_reservoir_code": "28189", "reading_time": "08:00:00", "this_year_is_stale": true, "this_year_level_observed_date": "2025-08-14"}'::jsonb, now()) ON CONFLICT (dam_id) DO UPDATE SET instrumentation = EXCLUDED.instrumentation, updated_at = now();
INSERT INTO mpwrd_reservoir_levels (source_registry, report_date, reservoir_code, dam_id, basin_office, reservoir_name, reading_time, district, frl_m, live_capacity_at_frl_mcm, this_year_level_m, this_year_live_capacity_mcm, this_year_live_storage_percent, this_year_level_observed_date, this_year_is_stale, gate_count_open, gate_discharge_cumec, last_year_level_m, last_year_live_capacity_mcm, last_year_live_storage_percent, source_url, raw, fetched_at) VALUES ('MPWRD', '2026-05-25', '28189', 'MPWRD-28189', 'Chief Engineer Dhasan Ken Basin, Sagar', 'Samnapur Tank', '08:00:00', 'Sagar', 455.00, 16.85, 455.00, 16.85, 100, '2025-08-14', TRUE, NULL, NULL, NULL, NULL, NULL, 'https://eims1.mpwrd.gov.in/fcmreport/control/main', '{"district": "Sagar", "frl_m": "455.00", "gate_count_open": "", "gate_discharge_cumec": "", "last_year_level_m": "", "last_year_live_capacity_mcm": "", "last_year_live_storage_percent": "", "live_capacity_at_frl_mcm": "16.85", "reservoir": "Samnapur Tank [28189]", "serial": "81.", "this_year_level_m": "455.00 *", "this_year_live_capacity_mcm": "16.85", "this_year_live_storage_percent": "100", "time": "08:00:00"}'::jsonb, now()) ON CONFLICT (source_registry, report_date, reservoir_code) DO UPDATE SET dam_id = EXCLUDED.dam_id, basin_office = EXCLUDED.basin_office, reservoir_name = EXCLUDED.reservoir_name, reading_time = EXCLUDED.reading_time, district = EXCLUDED.district, frl_m = EXCLUDED.frl_m, live_capacity_at_frl_mcm = EXCLUDED.live_capacity_at_frl_mcm, this_year_level_m = EXCLUDED.this_year_level_m, this_year_live_capacity_mcm = EXCLUDED.this_year_live_capacity_mcm, this_year_live_storage_percent = EXCLUDED.this_year_live_storage_percent, this_year_level_observed_date = EXCLUDED.this_year_level_observed_date, this_year_is_stale = EXCLUDED.this_year_is_stale, gate_count_open = EXCLUDED.gate_count_open, gate_discharge_cumec = EXCLUDED.gate_discharge_cumec, last_year_level_m = EXCLUDED.last_year_level_m, last_year_live_capacity_mcm = EXCLUDED.last_year_live_capacity_mcm, last_year_live_storage_percent = EXCLUDED.last_year_live_storage_percent, source_url = EXCLUDED.source_url, raw = EXCLUDED.raw, fetched_at = now();
INSERT INTO dams (dam_id, dam_name, state, district, river_basin, owner_agency, status, risk_class, safety_score, source_registry, source_record_id, source_publication_year, source_url, updated_at) VALUES ('MPWRD-28188', 'Satdhara Tank', 'Madhya Pradesh', 'Sagar', 'Chief Engineer Dhasan Ken Basin, Sagar', 'Madhya Pradesh Water Resources Department', 'operational'::dam_status, 'low'::risk_class, 100.00, 'MPWRD', '28188', 2026, 'https://eims1.mpwrd.gov.in/fcmreport/control/main', now()) ON CONFLICT (dam_id) DO UPDATE SET dam_name = EXCLUDED.dam_name, state = EXCLUDED.state, district = EXCLUDED.district, river_basin = EXCLUDED.river_basin, owner_agency = EXCLUDED.owner_agency, status = EXCLUDED.status, risk_class = EXCLUDED.risk_class, safety_score = EXCLUDED.safety_score, source_registry = EXCLUDED.source_registry, source_record_id = EXCLUDED.source_record_id, source_publication_year = EXCLUDED.source_publication_year, source_url = EXCLUDED.source_url, updated_at = now();
INSERT INTO dam_reservoir (dam_id, reservoir_name, live_storage_mcm, current_storage_mcm, frl_m, updated_at) VALUES ('MPWRD-28188', 'Satdhara Tank', 9.73, 9.73, 455.25, now()) ON CONFLICT (dam_id) DO UPDATE SET reservoir_name = EXCLUDED.reservoir_name, live_storage_mcm = EXCLUDED.live_storage_mcm, current_storage_mcm = EXCLUDED.current_storage_mcm, frl_m = EXCLUDED.frl_m, updated_at = now();
INSERT INTO dam_engineering (dam_id, instrumentation, updated_at) VALUES ('MPWRD-28188', '{"basin_office": "Chief Engineer Dhasan Ken Basin, Sagar", "gate_count_open": null, "gate_discharge_cumec": null, "last_year_level_m": null, "last_year_live_capacity_mcm": null, "last_year_live_storage_percent": null, "mpwrd_reservoir_code": "28188", "reading_time": "08:00:00", "this_year_is_stale": true, "this_year_level_observed_date": "2025-08-28"}'::jsonb, now()) ON CONFLICT (dam_id) DO UPDATE SET instrumentation = EXCLUDED.instrumentation, updated_at = now();
INSERT INTO mpwrd_reservoir_levels (source_registry, report_date, reservoir_code, dam_id, basin_office, reservoir_name, reading_time, district, frl_m, live_capacity_at_frl_mcm, this_year_level_m, this_year_live_capacity_mcm, this_year_live_storage_percent, this_year_level_observed_date, this_year_is_stale, gate_count_open, gate_discharge_cumec, last_year_level_m, last_year_live_capacity_mcm, last_year_live_storage_percent, source_url, raw, fetched_at) VALUES ('MPWRD', '2026-05-25', '28188', 'MPWRD-28188', 'Chief Engineer Dhasan Ken Basin, Sagar', 'Satdhara Tank', '08:00:00', 'Sagar', 455.25, 9.73, 455.25, 9.73, 100, '2025-08-28', TRUE, NULL, NULL, NULL, NULL, NULL, 'https://eims1.mpwrd.gov.in/fcmreport/control/main', '{"district": "Sagar", "frl_m": "455.25", "gate_count_open": "", "gate_discharge_cumec": "", "last_year_level_m": "", "last_year_live_capacity_mcm": "", "last_year_live_storage_percent": "", "live_capacity_at_frl_mcm": "9.73", "reservoir": "Satdhara Tank [28188]", "serial": "82.", "this_year_level_m": "455.25 *", "this_year_live_capacity_mcm": "9.73", "this_year_live_storage_percent": "100", "time": "08:00:00"}'::jsonb, now()) ON CONFLICT (source_registry, report_date, reservoir_code) DO UPDATE SET dam_id = EXCLUDED.dam_id, basin_office = EXCLUDED.basin_office, reservoir_name = EXCLUDED.reservoir_name, reading_time = EXCLUDED.reading_time, district = EXCLUDED.district, frl_m = EXCLUDED.frl_m, live_capacity_at_frl_mcm = EXCLUDED.live_capacity_at_frl_mcm, this_year_level_m = EXCLUDED.this_year_level_m, this_year_live_capacity_mcm = EXCLUDED.this_year_live_capacity_mcm, this_year_live_storage_percent = EXCLUDED.this_year_live_storage_percent, this_year_level_observed_date = EXCLUDED.this_year_level_observed_date, this_year_is_stale = EXCLUDED.this_year_is_stale, gate_count_open = EXCLUDED.gate_count_open, gate_discharge_cumec = EXCLUDED.gate_discharge_cumec, last_year_level_m = EXCLUDED.last_year_level_m, last_year_live_capacity_mcm = EXCLUDED.last_year_live_capacity_mcm, last_year_live_storage_percent = EXCLUDED.last_year_live_storage_percent, source_url = EXCLUDED.source_url, raw = EXCLUDED.raw, fetched_at = now();
INSERT INTO dams (dam_id, dam_name, state, district, river_basin, owner_agency, status, risk_class, safety_score, source_registry, source_record_id, source_publication_year, source_url, updated_at) VALUES ('MPWRD-41343', 'Satdharu Medium Project', 'Madhya Pradesh', 'Damoh', 'Chief Engineer Dhasan Ken Basin, Sagar', 'Madhya Pradesh Water Resources Department', 'operational'::dam_status, 'low'::risk_class, 82.00, 'MPWRD', '41343', 2026, 'https://eims1.mpwrd.gov.in/fcmreport/control/main', now()) ON CONFLICT (dam_id) DO UPDATE SET dam_name = EXCLUDED.dam_name, state = EXCLUDED.state, district = EXCLUDED.district, river_basin = EXCLUDED.river_basin, owner_agency = EXCLUDED.owner_agency, status = EXCLUDED.status, risk_class = EXCLUDED.risk_class, safety_score = EXCLUDED.safety_score, source_registry = EXCLUDED.source_registry, source_record_id = EXCLUDED.source_record_id, source_publication_year = EXCLUDED.source_publication_year, source_url = EXCLUDED.source_url, updated_at = now();
INSERT INTO dam_reservoir (dam_id, reservoir_name, live_storage_mcm, current_storage_mcm, frl_m, updated_at) VALUES ('MPWRD-41343', 'Satdharu Medium Project', 64.85, 53.47, 354.20, now()) ON CONFLICT (dam_id) DO UPDATE SET reservoir_name = EXCLUDED.reservoir_name, live_storage_mcm = EXCLUDED.live_storage_mcm, current_storage_mcm = EXCLUDED.current_storage_mcm, frl_m = EXCLUDED.frl_m, updated_at = now();
INSERT INTO dam_engineering (dam_id, instrumentation, updated_at) VALUES ('MPWRD-41343', '{"basin_office": "Chief Engineer Dhasan Ken Basin, Sagar", "gate_count_open": null, "gate_discharge_cumec": null, "last_year_level_m": null, "last_year_live_capacity_mcm": null, "last_year_live_storage_percent": null, "mpwrd_reservoir_code": "41343", "reading_time": "08:00:00", "this_year_is_stale": true, "this_year_level_observed_date": "2025-08-19"}'::jsonb, now()) ON CONFLICT (dam_id) DO UPDATE SET instrumentation = EXCLUDED.instrumentation, updated_at = now();
INSERT INTO mpwrd_reservoir_levels (source_registry, report_date, reservoir_code, dam_id, basin_office, reservoir_name, reading_time, district, frl_m, live_capacity_at_frl_mcm, this_year_level_m, this_year_live_capacity_mcm, this_year_live_storage_percent, this_year_level_observed_date, this_year_is_stale, gate_count_open, gate_discharge_cumec, last_year_level_m, last_year_live_capacity_mcm, last_year_live_storage_percent, source_url, raw, fetched_at) VALUES ('MPWRD', '2026-05-25', '41343', 'MPWRD-41343', 'Chief Engineer Dhasan Ken Basin, Sagar', 'Satdharu Medium Project', '08:00:00', 'Damoh', 354.20, 64.85, 353.20, 53.47, 82, '2025-08-19', TRUE, NULL, NULL, NULL, NULL, NULL, 'https://eims1.mpwrd.gov.in/fcmreport/control/main', '{"district": "Damoh", "frl_m": "354.20", "gate_count_open": "", "gate_discharge_cumec": "", "last_year_level_m": "", "last_year_live_capacity_mcm": "", "last_year_live_storage_percent": "", "live_capacity_at_frl_mcm": "64.85", "reservoir": "Satdharu Medium Project [41343]", "serial": "83.", "this_year_level_m": "353.20*", "this_year_live_capacity_mcm": "53.47", "this_year_live_storage_percent": "82", "time": "08:00:00"}'::jsonb, now()) ON CONFLICT (source_registry, report_date, reservoir_code) DO UPDATE SET dam_id = EXCLUDED.dam_id, basin_office = EXCLUDED.basin_office, reservoir_name = EXCLUDED.reservoir_name, reading_time = EXCLUDED.reading_time, district = EXCLUDED.district, frl_m = EXCLUDED.frl_m, live_capacity_at_frl_mcm = EXCLUDED.live_capacity_at_frl_mcm, this_year_level_m = EXCLUDED.this_year_level_m, this_year_live_capacity_mcm = EXCLUDED.this_year_live_capacity_mcm, this_year_live_storage_percent = EXCLUDED.this_year_live_storage_percent, this_year_level_observed_date = EXCLUDED.this_year_level_observed_date, this_year_is_stale = EXCLUDED.this_year_is_stale, gate_count_open = EXCLUDED.gate_count_open, gate_discharge_cumec = EXCLUDED.gate_discharge_cumec, last_year_level_m = EXCLUDED.last_year_level_m, last_year_live_capacity_mcm = EXCLUDED.last_year_live_capacity_mcm, last_year_live_storage_percent = EXCLUDED.last_year_live_storage_percent, source_url = EXCLUDED.source_url, raw = EXCLUDED.raw, fetched_at = now();
INSERT INTO dams (dam_id, dam_name, state, district, river_basin, owner_agency, status, risk_class, safety_score, source_registry, source_record_id, source_publication_year, source_url, updated_at) VALUES ('MPWRD-43181', 'Seeta Nagar', 'Madhya Pradesh', 'Damoh', 'Chief Engineer Dhasan Ken Basin, Sagar', 'Madhya Pradesh Water Resources Department', 'operational'::dam_status, 'low'::risk_class, 66.00, 'MPWRD', '43181', 2026, 'https://eims1.mpwrd.gov.in/fcmreport/control/main', now()) ON CONFLICT (dam_id) DO UPDATE SET dam_name = EXCLUDED.dam_name, state = EXCLUDED.state, district = EXCLUDED.district, river_basin = EXCLUDED.river_basin, owner_agency = EXCLUDED.owner_agency, status = EXCLUDED.status, risk_class = EXCLUDED.risk_class, safety_score = EXCLUDED.safety_score, source_registry = EXCLUDED.source_registry, source_record_id = EXCLUDED.source_record_id, source_publication_year = EXCLUDED.source_publication_year, source_url = EXCLUDED.source_url, updated_at = now();
INSERT INTO dam_reservoir (dam_id, reservoir_name, live_storage_mcm, current_storage_mcm, frl_m, updated_at) VALUES ('MPWRD-43181', 'Seeta Nagar', 59.59, 39.82, 340.00, now()) ON CONFLICT (dam_id) DO UPDATE SET reservoir_name = EXCLUDED.reservoir_name, live_storage_mcm = EXCLUDED.live_storage_mcm, current_storage_mcm = EXCLUDED.current_storage_mcm, frl_m = EXCLUDED.frl_m, updated_at = now();
INSERT INTO dam_engineering (dam_id, instrumentation, updated_at) VALUES ('MPWRD-43181', '{"basin_office": "Chief Engineer Dhasan Ken Basin, Sagar", "gate_count_open": null, "gate_discharge_cumec": null, "last_year_level_m": null, "last_year_live_capacity_mcm": null, "last_year_live_storage_percent": null, "mpwrd_reservoir_code": "43181", "reading_time": "08:00:00", "this_year_is_stale": true, "this_year_level_observed_date": "2025-09-18"}'::jsonb, now()) ON CONFLICT (dam_id) DO UPDATE SET instrumentation = EXCLUDED.instrumentation, updated_at = now();
INSERT INTO mpwrd_reservoir_levels (source_registry, report_date, reservoir_code, dam_id, basin_office, reservoir_name, reading_time, district, frl_m, live_capacity_at_frl_mcm, this_year_level_m, this_year_live_capacity_mcm, this_year_live_storage_percent, this_year_level_observed_date, this_year_is_stale, gate_count_open, gate_discharge_cumec, last_year_level_m, last_year_live_capacity_mcm, last_year_live_storage_percent, source_url, raw, fetched_at) VALUES ('MPWRD', '2026-05-25', '43181', 'MPWRD-43181', 'Chief Engineer Dhasan Ken Basin, Sagar', 'Seeta Nagar', '08:00:00', 'Damoh', 340.00, 59.59, 337.50, 39.82, 66, '2025-09-18', TRUE, NULL, NULL, NULL, NULL, NULL, 'https://eims1.mpwrd.gov.in/fcmreport/control/main', '{"district": "Damoh", "frl_m": "340.00", "gate_count_open": "", "gate_discharge_cumec": "", "last_year_level_m": "", "last_year_live_capacity_mcm": "", "last_year_live_storage_percent": "", "live_capacity_at_frl_mcm": "59.59", "reservoir": "Seeta Nagar [43181]", "serial": "84.", "this_year_level_m": "337.50*", "this_year_live_capacity_mcm": "39.82", "this_year_live_storage_percent": "66", "time": "08:00:00"}'::jsonb, now()) ON CONFLICT (source_registry, report_date, reservoir_code) DO UPDATE SET dam_id = EXCLUDED.dam_id, basin_office = EXCLUDED.basin_office, reservoir_name = EXCLUDED.reservoir_name, reading_time = EXCLUDED.reading_time, district = EXCLUDED.district, frl_m = EXCLUDED.frl_m, live_capacity_at_frl_mcm = EXCLUDED.live_capacity_at_frl_mcm, this_year_level_m = EXCLUDED.this_year_level_m, this_year_live_capacity_mcm = EXCLUDED.this_year_live_capacity_mcm, this_year_live_storage_percent = EXCLUDED.this_year_live_storage_percent, this_year_level_observed_date = EXCLUDED.this_year_level_observed_date, this_year_is_stale = EXCLUDED.this_year_is_stale, gate_count_open = EXCLUDED.gate_count_open, gate_discharge_cumec = EXCLUDED.gate_discharge_cumec, last_year_level_m = EXCLUDED.last_year_level_m, last_year_live_capacity_mcm = EXCLUDED.last_year_live_capacity_mcm, last_year_live_storage_percent = EXCLUDED.last_year_live_storage_percent, source_url = EXCLUDED.source_url, raw = EXCLUDED.raw, fetched_at = now();
INSERT INTO dams (dam_id, dam_name, state, district, river_basin, owner_agency, status, risk_class, safety_score, source_registry, source_record_id, source_publication_year, source_url, updated_at) VALUES ('MPWRD-39024', 'Singhpur Barrage', 'Madhya Pradesh', 'Chhatarpur', 'Chief Engineer Dhasan Ken Basin, Sagar', 'Madhya Pradesh Water Resources Department', 'operational'::dam_status, 'low'::risk_class, 91.00, 'MPWRD', '39024', 2026, 'https://eims1.mpwrd.gov.in/fcmreport/control/main', now()) ON CONFLICT (dam_id) DO UPDATE SET dam_name = EXCLUDED.dam_name, state = EXCLUDED.state, district = EXCLUDED.district, river_basin = EXCLUDED.river_basin, owner_agency = EXCLUDED.owner_agency, status = EXCLUDED.status, risk_class = EXCLUDED.risk_class, safety_score = EXCLUDED.safety_score, source_registry = EXCLUDED.source_registry, source_record_id = EXCLUDED.source_record_id, source_publication_year = EXCLUDED.source_publication_year, source_url = EXCLUDED.source_url, updated_at = now();
INSERT INTO dam_reservoir (dam_id, reservoir_name, live_storage_mcm, current_storage_mcm, frl_m, updated_at) VALUES ('MPWRD-39024', 'Singhpur Barrage', 45.69, 41.64, 209.20, now()) ON CONFLICT (dam_id) DO UPDATE SET reservoir_name = EXCLUDED.reservoir_name, live_storage_mcm = EXCLUDED.live_storage_mcm, current_storage_mcm = EXCLUDED.current_storage_mcm, frl_m = EXCLUDED.frl_m, updated_at = now();
INSERT INTO dam_engineering (dam_id, instrumentation, updated_at) VALUES ('MPWRD-39024', '{"basin_office": "Chief Engineer Dhasan Ken Basin, Sagar", "gate_count_open": null, "gate_discharge_cumec": null, "last_year_level_m": null, "last_year_live_capacity_mcm": null, "last_year_live_storage_percent": null, "mpwrd_reservoir_code": "39024", "reading_time": "08:00:00", "this_year_is_stale": true, "this_year_level_observed_date": "2025-09-25"}'::jsonb, now()) ON CONFLICT (dam_id) DO UPDATE SET instrumentation = EXCLUDED.instrumentation, updated_at = now();
INSERT INTO mpwrd_reservoir_levels (source_registry, report_date, reservoir_code, dam_id, basin_office, reservoir_name, reading_time, district, frl_m, live_capacity_at_frl_mcm, this_year_level_m, this_year_live_capacity_mcm, this_year_live_storage_percent, this_year_level_observed_date, this_year_is_stale, gate_count_open, gate_discharge_cumec, last_year_level_m, last_year_live_capacity_mcm, last_year_live_storage_percent, source_url, raw, fetched_at) VALUES ('MPWRD', '2026-05-25', '39024', 'MPWRD-39024', 'Chief Engineer Dhasan Ken Basin, Sagar', 'Singhpur Barrage', '08:00:00', 'Chhatarpur', 209.20, 45.69, 208.90, 41.64, 91, '2025-09-25', TRUE, NULL, NULL, NULL, NULL, NULL, 'https://eims1.mpwrd.gov.in/fcmreport/control/main', '{"district": "Chhatarpur", "frl_m": "209.20", "gate_count_open": "", "gate_discharge_cumec": "", "last_year_level_m": "", "last_year_live_capacity_mcm": "", "last_year_live_storage_percent": "", "live_capacity_at_frl_mcm": "45.69", "reservoir": "Singhpur Barrage [39024]", "serial": "85.", "this_year_level_m": "208.90*", "this_year_live_capacity_mcm": "41.64", "this_year_live_storage_percent": "91", "time": "08:00:00"}'::jsonb, now()) ON CONFLICT (source_registry, report_date, reservoir_code) DO UPDATE SET dam_id = EXCLUDED.dam_id, basin_office = EXCLUDED.basin_office, reservoir_name = EXCLUDED.reservoir_name, reading_time = EXCLUDED.reading_time, district = EXCLUDED.district, frl_m = EXCLUDED.frl_m, live_capacity_at_frl_mcm = EXCLUDED.live_capacity_at_frl_mcm, this_year_level_m = EXCLUDED.this_year_level_m, this_year_live_capacity_mcm = EXCLUDED.this_year_live_capacity_mcm, this_year_live_storage_percent = EXCLUDED.this_year_live_storage_percent, this_year_level_observed_date = EXCLUDED.this_year_level_observed_date, this_year_is_stale = EXCLUDED.this_year_is_stale, gate_count_open = EXCLUDED.gate_count_open, gate_discharge_cumec = EXCLUDED.gate_discharge_cumec, last_year_level_m = EXCLUDED.last_year_level_m, last_year_live_capacity_mcm = EXCLUDED.last_year_live_capacity_mcm, last_year_live_storage_percent = EXCLUDED.last_year_live_storage_percent, source_url = EXCLUDED.source_url, raw = EXCLUDED.raw, fetched_at = now();
INSERT INTO dams (dam_id, dam_name, state, district, river_basin, owner_agency, status, risk_class, safety_score, source_registry, source_record_id, source_publication_year, source_url, updated_at) VALUES ('MPWRD-32201', 'Sirswaha Tank', 'Madhya Pradesh', 'Panna', 'Chief Engineer Dhasan Ken Basin, Sagar', 'Madhya Pradesh Water Resources Department', 'operational'::dam_status, 'moderate'::risk_class, 70.00, 'MPWRD', '32201', 2026, 'https://eims1.mpwrd.gov.in/fcmreport/control/main', now()) ON CONFLICT (dam_id) DO UPDATE SET dam_name = EXCLUDED.dam_name, state = EXCLUDED.state, district = EXCLUDED.district, river_basin = EXCLUDED.river_basin, owner_agency = EXCLUDED.owner_agency, status = EXCLUDED.status, risk_class = EXCLUDED.risk_class, safety_score = EXCLUDED.safety_score, source_registry = EXCLUDED.source_registry, source_record_id = EXCLUDED.source_record_id, source_publication_year = EXCLUDED.source_publication_year, source_url = EXCLUDED.source_url, updated_at = now();
INSERT INTO dam_reservoir (dam_id, reservoir_name, live_storage_mcm, current_storage_mcm, frl_m, updated_at) VALUES ('MPWRD-32201', 'Sirswaha Tank', 7.23, 0.00, 365.50, now()) ON CONFLICT (dam_id) DO UPDATE SET reservoir_name = EXCLUDED.reservoir_name, live_storage_mcm = EXCLUDED.live_storage_mcm, current_storage_mcm = EXCLUDED.current_storage_mcm, frl_m = EXCLUDED.frl_m, updated_at = now();
INSERT INTO dam_engineering (dam_id, instrumentation, updated_at) VALUES ('MPWRD-32201', '{"basin_office": "Chief Engineer Dhasan Ken Basin, Sagar", "gate_count_open": null, "gate_discharge_cumec": null, "last_year_level_m": null, "last_year_live_capacity_mcm": null, "last_year_live_storage_percent": null, "mpwrd_reservoir_code": "32201", "reading_time": "08:00:00", "this_year_is_stale": true, "this_year_level_observed_date": "2025-06-06"}'::jsonb, now()) ON CONFLICT (dam_id) DO UPDATE SET instrumentation = EXCLUDED.instrumentation, updated_at = now();
INSERT INTO mpwrd_reservoir_levels (source_registry, report_date, reservoir_code, dam_id, basin_office, reservoir_name, reading_time, district, frl_m, live_capacity_at_frl_mcm, this_year_level_m, this_year_live_capacity_mcm, this_year_live_storage_percent, this_year_level_observed_date, this_year_is_stale, gate_count_open, gate_discharge_cumec, last_year_level_m, last_year_live_capacity_mcm, last_year_live_storage_percent, source_url, raw, fetched_at) VALUES ('MPWRD', '2026-05-25', '32201', 'MPWRD-32201', 'Chief Engineer Dhasan Ken Basin, Sagar', 'Sirswaha Tank', '08:00:00', 'Panna', 365.50, 7.23, 360.00, 0.00, NULL, '2025-06-06', TRUE, NULL, NULL, NULL, NULL, NULL, 'https://eims1.mpwrd.gov.in/fcmreport/control/main', '{"district": "Panna", "frl_m": "365.50", "gate_count_open": "", "gate_discharge_cumec": "", "last_year_level_m": "", "last_year_live_capacity_mcm": "", "last_year_live_storage_percent": "", "live_capacity_at_frl_mcm": "7.23", "reservoir": "Sirswaha Tank [32201]", "serial": "86.", "this_year_level_m": "360.00*", "this_year_live_capacity_mcm": "0.00", "this_year_live_storage_percent": "", "time": "08:00:00"}'::jsonb, now()) ON CONFLICT (source_registry, report_date, reservoir_code) DO UPDATE SET dam_id = EXCLUDED.dam_id, basin_office = EXCLUDED.basin_office, reservoir_name = EXCLUDED.reservoir_name, reading_time = EXCLUDED.reading_time, district = EXCLUDED.district, frl_m = EXCLUDED.frl_m, live_capacity_at_frl_mcm = EXCLUDED.live_capacity_at_frl_mcm, this_year_level_m = EXCLUDED.this_year_level_m, this_year_live_capacity_mcm = EXCLUDED.this_year_live_capacity_mcm, this_year_live_storage_percent = EXCLUDED.this_year_live_storage_percent, this_year_level_observed_date = EXCLUDED.this_year_level_observed_date, this_year_is_stale = EXCLUDED.this_year_is_stale, gate_count_open = EXCLUDED.gate_count_open, gate_discharge_cumec = EXCLUDED.gate_discharge_cumec, last_year_level_m = EXCLUDED.last_year_level_m, last_year_live_capacity_mcm = EXCLUDED.last_year_live_capacity_mcm, last_year_live_storage_percent = EXCLUDED.last_year_live_storage_percent, source_url = EXCLUDED.source_url, raw = EXCLUDED.raw, fetched_at = now();
INSERT INTO dams (dam_id, dam_name, state, district, river_basin, owner_agency, status, risk_class, safety_score, source_registry, source_record_id, source_publication_year, source_url, updated_at) VALUES ('MPWRD-30800', 'Sonpur Medium Project', 'Madhya Pradesh', 'Sagar', 'Chief Engineer Dhasan Ken Basin, Sagar', 'Madhya Pradesh Water Resources Department', 'operational'::dam_status, 'low'::risk_class, 100.00, 'MPWRD', '30800', 2026, 'https://eims1.mpwrd.gov.in/fcmreport/control/main', now()) ON CONFLICT (dam_id) DO UPDATE SET dam_name = EXCLUDED.dam_name, state = EXCLUDED.state, district = EXCLUDED.district, river_basin = EXCLUDED.river_basin, owner_agency = EXCLUDED.owner_agency, status = EXCLUDED.status, risk_class = EXCLUDED.risk_class, safety_score = EXCLUDED.safety_score, source_registry = EXCLUDED.source_registry, source_record_id = EXCLUDED.source_record_id, source_publication_year = EXCLUDED.source_publication_year, source_url = EXCLUDED.source_url, updated_at = now();
INSERT INTO dam_reservoir (dam_id, reservoir_name, live_storage_mcm, current_storage_mcm, frl_m, updated_at) VALUES ('MPWRD-30800', 'Sonpur Medium Project', 23.89, 23.89, 527.40, now()) ON CONFLICT (dam_id) DO UPDATE SET reservoir_name = EXCLUDED.reservoir_name, live_storage_mcm = EXCLUDED.live_storage_mcm, current_storage_mcm = EXCLUDED.current_storage_mcm, frl_m = EXCLUDED.frl_m, updated_at = now();
INSERT INTO dam_engineering (dam_id, instrumentation, updated_at) VALUES ('MPWRD-30800', '{"basin_office": "Chief Engineer Dhasan Ken Basin, Sagar", "gate_count_open": null, "gate_discharge_cumec": null, "last_year_level_m": null, "last_year_live_capacity_mcm": null, "last_year_live_storage_percent": null, "mpwrd_reservoir_code": "30800", "reading_time": "08:00:00", "this_year_is_stale": true, "this_year_level_observed_date": "2025-08-11"}'::jsonb, now()) ON CONFLICT (dam_id) DO UPDATE SET instrumentation = EXCLUDED.instrumentation, updated_at = now();
INSERT INTO mpwrd_reservoir_levels (source_registry, report_date, reservoir_code, dam_id, basin_office, reservoir_name, reading_time, district, frl_m, live_capacity_at_frl_mcm, this_year_level_m, this_year_live_capacity_mcm, this_year_live_storage_percent, this_year_level_observed_date, this_year_is_stale, gate_count_open, gate_discharge_cumec, last_year_level_m, last_year_live_capacity_mcm, last_year_live_storage_percent, source_url, raw, fetched_at) VALUES ('MPWRD', '2026-05-25', '30800', 'MPWRD-30800', 'Chief Engineer Dhasan Ken Basin, Sagar', 'Sonpur Medium Project', '08:00:00', 'Sagar', 527.40, 23.89, 527.40, 23.89, 100, '2025-08-11', TRUE, NULL, NULL, NULL, NULL, NULL, 'https://eims1.mpwrd.gov.in/fcmreport/control/main', '{"district": "Sagar", "frl_m": "527.40", "gate_count_open": "", "gate_discharge_cumec": "", "last_year_level_m": "", "last_year_live_capacity_mcm": "", "last_year_live_storage_percent": "", "live_capacity_at_frl_mcm": "23.89", "reservoir": "Sonpur Medium Project [30800]", "serial": "87.", "this_year_level_m": "527.40 *", "this_year_live_capacity_mcm": "23.89", "this_year_live_storage_percent": "100", "time": "08:00:00"}'::jsonb, now()) ON CONFLICT (source_registry, report_date, reservoir_code) DO UPDATE SET dam_id = EXCLUDED.dam_id, basin_office = EXCLUDED.basin_office, reservoir_name = EXCLUDED.reservoir_name, reading_time = EXCLUDED.reading_time, district = EXCLUDED.district, frl_m = EXCLUDED.frl_m, live_capacity_at_frl_mcm = EXCLUDED.live_capacity_at_frl_mcm, this_year_level_m = EXCLUDED.this_year_level_m, this_year_live_capacity_mcm = EXCLUDED.this_year_live_capacity_mcm, this_year_live_storage_percent = EXCLUDED.this_year_live_storage_percent, this_year_level_observed_date = EXCLUDED.this_year_level_observed_date, this_year_is_stale = EXCLUDED.this_year_is_stale, gate_count_open = EXCLUDED.gate_count_open, gate_discharge_cumec = EXCLUDED.gate_discharge_cumec, last_year_level_m = EXCLUDED.last_year_level_m, last_year_live_capacity_mcm = EXCLUDED.last_year_live_capacity_mcm, last_year_live_storage_percent = EXCLUDED.last_year_live_storage_percent, source_url = EXCLUDED.source_url, raw = EXCLUDED.raw, fetched_at = now();
INSERT INTO dams (dam_id, dam_name, state, district, river_basin, owner_agency, status, risk_class, safety_score, source_registry, source_record_id, source_publication_year, source_url, updated_at) VALUES ('MPWRD-32955', 'Surajpura Medium Project', 'Madhya Pradesh', 'Sagar', 'Chief Engineer Dhasan Ken Basin, Sagar', 'Madhya Pradesh Water Resources Department', 'operational'::dam_status, 'low'::risk_class, 100.00, 'MPWRD', '32955', 2026, 'https://eims1.mpwrd.gov.in/fcmreport/control/main', now()) ON CONFLICT (dam_id) DO UPDATE SET dam_name = EXCLUDED.dam_name, state = EXCLUDED.state, district = EXCLUDED.district, river_basin = EXCLUDED.river_basin, owner_agency = EXCLUDED.owner_agency, status = EXCLUDED.status, risk_class = EXCLUDED.risk_class, safety_score = EXCLUDED.safety_score, source_registry = EXCLUDED.source_registry, source_record_id = EXCLUDED.source_record_id, source_publication_year = EXCLUDED.source_publication_year, source_url = EXCLUDED.source_url, updated_at = now();
INSERT INTO dam_reservoir (dam_id, reservoir_name, live_storage_mcm, current_storage_mcm, frl_m, updated_at) VALUES ('MPWRD-32955', 'Surajpura Medium Project', 26.22, 26.22, 522.30, now()) ON CONFLICT (dam_id) DO UPDATE SET reservoir_name = EXCLUDED.reservoir_name, live_storage_mcm = EXCLUDED.live_storage_mcm, current_storage_mcm = EXCLUDED.current_storage_mcm, frl_m = EXCLUDED.frl_m, updated_at = now();
INSERT INTO dam_engineering (dam_id, instrumentation, updated_at) VALUES ('MPWRD-32955', '{"basin_office": "Chief Engineer Dhasan Ken Basin, Sagar", "gate_count_open": null, "gate_discharge_cumec": null, "last_year_level_m": null, "last_year_live_capacity_mcm": null, "last_year_live_storage_percent": null, "mpwrd_reservoir_code": "32955", "reading_time": "08:00:00", "this_year_is_stale": true, "this_year_level_observed_date": "2025-09-01"}'::jsonb, now()) ON CONFLICT (dam_id) DO UPDATE SET instrumentation = EXCLUDED.instrumentation, updated_at = now();
INSERT INTO mpwrd_reservoir_levels (source_registry, report_date, reservoir_code, dam_id, basin_office, reservoir_name, reading_time, district, frl_m, live_capacity_at_frl_mcm, this_year_level_m, this_year_live_capacity_mcm, this_year_live_storage_percent, this_year_level_observed_date, this_year_is_stale, gate_count_open, gate_discharge_cumec, last_year_level_m, last_year_live_capacity_mcm, last_year_live_storage_percent, source_url, raw, fetched_at) VALUES ('MPWRD', '2026-05-25', '32955', 'MPWRD-32955', 'Chief Engineer Dhasan Ken Basin, Sagar', 'Surajpura Medium Project', '08:00:00', 'Sagar', 522.30, 26.22, 522.30, 26.22, 100, '2025-09-01', TRUE, NULL, NULL, NULL, NULL, NULL, 'https://eims1.mpwrd.gov.in/fcmreport/control/main', '{"district": "Sagar", "frl_m": "522.30", "gate_count_open": "", "gate_discharge_cumec": "", "last_year_level_m": "", "last_year_live_capacity_mcm": "", "last_year_live_storage_percent": "", "live_capacity_at_frl_mcm": "26.22", "reservoir": "Surajpura Medium Project [32955]", "serial": "88.", "this_year_level_m": "522.30 *", "this_year_live_capacity_mcm": "26.22", "this_year_live_storage_percent": "100", "time": "08:00:00"}'::jsonb, now()) ON CONFLICT (source_registry, report_date, reservoir_code) DO UPDATE SET dam_id = EXCLUDED.dam_id, basin_office = EXCLUDED.basin_office, reservoir_name = EXCLUDED.reservoir_name, reading_time = EXCLUDED.reading_time, district = EXCLUDED.district, frl_m = EXCLUDED.frl_m, live_capacity_at_frl_mcm = EXCLUDED.live_capacity_at_frl_mcm, this_year_level_m = EXCLUDED.this_year_level_m, this_year_live_capacity_mcm = EXCLUDED.this_year_live_capacity_mcm, this_year_live_storage_percent = EXCLUDED.this_year_live_storage_percent, this_year_level_observed_date = EXCLUDED.this_year_level_observed_date, this_year_is_stale = EXCLUDED.this_year_is_stale, gate_count_open = EXCLUDED.gate_count_open, gate_discharge_cumec = EXCLUDED.gate_discharge_cumec, last_year_level_m = EXCLUDED.last_year_level_m, last_year_live_capacity_mcm = EXCLUDED.last_year_live_capacity_mcm, last_year_live_storage_percent = EXCLUDED.last_year_live_storage_percent, source_url = EXCLUDED.source_url, raw = EXCLUDED.raw, fetched_at = now();
INSERT INTO dams (dam_id, dam_name, state, district, river_basin, owner_agency, status, risk_class, safety_score, source_registry, source_record_id, source_publication_year, source_url, updated_at) VALUES ('MPWRD-32820', 'Tarped Project', 'Madhya Pradesh', 'Chhatarpur', 'Chief Engineer Dhasan Ken Basin, Sagar', 'Madhya Pradesh Water Resources Department', 'operational'::dam_status, 'low'::risk_class, 100.00, 'MPWRD', '32820', 2026, 'https://eims1.mpwrd.gov.in/fcmreport/control/main', now()) ON CONFLICT (dam_id) DO UPDATE SET dam_name = EXCLUDED.dam_name, state = EXCLUDED.state, district = EXCLUDED.district, river_basin = EXCLUDED.river_basin, owner_agency = EXCLUDED.owner_agency, status = EXCLUDED.status, risk_class = EXCLUDED.risk_class, safety_score = EXCLUDED.safety_score, source_registry = EXCLUDED.source_registry, source_record_id = EXCLUDED.source_record_id, source_publication_year = EXCLUDED.source_publication_year, source_url = EXCLUDED.source_url, updated_at = now();
INSERT INTO dam_reservoir (dam_id, reservoir_name, live_storage_mcm, current_storage_mcm, frl_m, updated_at) VALUES ('MPWRD-32820', 'Tarped Project', 37.54, 37.54, 270.00, now()) ON CONFLICT (dam_id) DO UPDATE SET reservoir_name = EXCLUDED.reservoir_name, live_storage_mcm = EXCLUDED.live_storage_mcm, current_storage_mcm = EXCLUDED.current_storage_mcm, frl_m = EXCLUDED.frl_m, updated_at = now();
INSERT INTO dam_engineering (dam_id, instrumentation, updated_at) VALUES ('MPWRD-32820', '{"basin_office": "Chief Engineer Dhasan Ken Basin, Sagar", "gate_count_open": null, "gate_discharge_cumec": null, "last_year_level_m": null, "last_year_live_capacity_mcm": null, "last_year_live_storage_percent": null, "mpwrd_reservoir_code": "32820", "reading_time": "08:00:00", "this_year_is_stale": true, "this_year_level_observed_date": "2025-09-24"}'::jsonb, now()) ON CONFLICT (dam_id) DO UPDATE SET instrumentation = EXCLUDED.instrumentation, updated_at = now();
INSERT INTO mpwrd_reservoir_levels (source_registry, report_date, reservoir_code, dam_id, basin_office, reservoir_name, reading_time, district, frl_m, live_capacity_at_frl_mcm, this_year_level_m, this_year_live_capacity_mcm, this_year_live_storage_percent, this_year_level_observed_date, this_year_is_stale, gate_count_open, gate_discharge_cumec, last_year_level_m, last_year_live_capacity_mcm, last_year_live_storage_percent, source_url, raw, fetched_at) VALUES ('MPWRD', '2026-05-25', '32820', 'MPWRD-32820', 'Chief Engineer Dhasan Ken Basin, Sagar', 'Tarped Project', '08:00:00', 'Chhatarpur', 270.00, 37.54, 270.00, 37.54, 100, '2025-09-24', TRUE, NULL, NULL, NULL, NULL, NULL, 'https://eims1.mpwrd.gov.in/fcmreport/control/main', '{"district": "Chhatarpur", "frl_m": "270.00", "gate_count_open": "", "gate_discharge_cumec": "", "last_year_level_m": "", "last_year_live_capacity_mcm": "", "last_year_live_storage_percent": "", "live_capacity_at_frl_mcm": "37.54", "reservoir": "Tarped Project [32820]", "serial": "89.", "this_year_level_m": "270.00 *", "this_year_live_capacity_mcm": "37.54", "this_year_live_storage_percent": "100", "time": "08:00:00"}'::jsonb, now()) ON CONFLICT (source_registry, report_date, reservoir_code) DO UPDATE SET dam_id = EXCLUDED.dam_id, basin_office = EXCLUDED.basin_office, reservoir_name = EXCLUDED.reservoir_name, reading_time = EXCLUDED.reading_time, district = EXCLUDED.district, frl_m = EXCLUDED.frl_m, live_capacity_at_frl_mcm = EXCLUDED.live_capacity_at_frl_mcm, this_year_level_m = EXCLUDED.this_year_level_m, this_year_live_capacity_mcm = EXCLUDED.this_year_live_capacity_mcm, this_year_live_storage_percent = EXCLUDED.this_year_live_storage_percent, this_year_level_observed_date = EXCLUDED.this_year_level_observed_date, this_year_is_stale = EXCLUDED.this_year_is_stale, gate_count_open = EXCLUDED.gate_count_open, gate_discharge_cumec = EXCLUDED.gate_discharge_cumec, last_year_level_m = EXCLUDED.last_year_level_m, last_year_live_capacity_mcm = EXCLUDED.last_year_live_capacity_mcm, last_year_live_storage_percent = EXCLUDED.last_year_live_storage_percent, source_url = EXCLUDED.source_url, raw = EXCLUDED.raw, fetched_at = now();
INSERT INTO dams (dam_id, dam_name, state, district, river_basin, owner_agency, status, risk_class, safety_score, source_registry, source_record_id, source_publication_year, source_url, updated_at) VALUES ('MPWRD-10297', 'Tehraka Dam', 'Madhya Pradesh', 'Niwari', 'Chief Engineer Dhasan Ken Basin, Sagar', 'Madhya Pradesh Water Resources Department', 'operational'::dam_status, 'low'::risk_class, 99.00, 'MPWRD', '10297', 2026, 'https://eims1.mpwrd.gov.in/fcmreport/control/main', now()) ON CONFLICT (dam_id) DO UPDATE SET dam_name = EXCLUDED.dam_name, state = EXCLUDED.state, district = EXCLUDED.district, river_basin = EXCLUDED.river_basin, owner_agency = EXCLUDED.owner_agency, status = EXCLUDED.status, risk_class = EXCLUDED.risk_class, safety_score = EXCLUDED.safety_score, source_registry = EXCLUDED.source_registry, source_record_id = EXCLUDED.source_record_id, source_publication_year = EXCLUDED.source_publication_year, source_url = EXCLUDED.source_url, updated_at = now();
INSERT INTO dam_reservoir (dam_id, reservoir_name, live_storage_mcm, current_storage_mcm, frl_m, updated_at) VALUES ('MPWRD-10297', 'Tehraka Dam', 5.46, 5.45, 261.05, now()) ON CONFLICT (dam_id) DO UPDATE SET reservoir_name = EXCLUDED.reservoir_name, live_storage_mcm = EXCLUDED.live_storage_mcm, current_storage_mcm = EXCLUDED.current_storage_mcm, frl_m = EXCLUDED.frl_m, updated_at = now();
INSERT INTO dam_engineering (dam_id, instrumentation, updated_at) VALUES ('MPWRD-10297', '{"basin_office": "Chief Engineer Dhasan Ken Basin, Sagar", "gate_count_open": null, "gate_discharge_cumec": null, "last_year_level_m": null, "last_year_live_capacity_mcm": null, "last_year_live_storage_percent": null, "mpwrd_reservoir_code": "10297", "reading_time": "08:00:00", "this_year_is_stale": true, "this_year_level_observed_date": "2025-08-26"}'::jsonb, now()) ON CONFLICT (dam_id) DO UPDATE SET instrumentation = EXCLUDED.instrumentation, updated_at = now();
INSERT INTO mpwrd_reservoir_levels (source_registry, report_date, reservoir_code, dam_id, basin_office, reservoir_name, reading_time, district, frl_m, live_capacity_at_frl_mcm, this_year_level_m, this_year_live_capacity_mcm, this_year_live_storage_percent, this_year_level_observed_date, this_year_is_stale, gate_count_open, gate_discharge_cumec, last_year_level_m, last_year_live_capacity_mcm, last_year_live_storage_percent, source_url, raw, fetched_at) VALUES ('MPWRD', '2026-05-25', '10297', 'MPWRD-10297', 'Chief Engineer Dhasan Ken Basin, Sagar', 'Tehraka Dam', '08:00:00', 'Niwari', 261.05, 5.46, 261.05, 5.45, 99, '2025-08-26', TRUE, NULL, NULL, NULL, NULL, NULL, 'https://eims1.mpwrd.gov.in/fcmreport/control/main', '{"district": "Niwari", "frl_m": "261.05", "gate_count_open": "", "gate_discharge_cumec": "", "last_year_level_m": "", "last_year_live_capacity_mcm": "", "last_year_live_storage_percent": "", "live_capacity_at_frl_mcm": "5.46", "reservoir": "Tehraka Dam [10297]", "serial": "90.", "this_year_level_m": "261.05 *", "this_year_live_capacity_mcm": "5.45", "this_year_live_storage_percent": "99", "time": "08:00:00"}'::jsonb, now()) ON CONFLICT (source_registry, report_date, reservoir_code) DO UPDATE SET dam_id = EXCLUDED.dam_id, basin_office = EXCLUDED.basin_office, reservoir_name = EXCLUDED.reservoir_name, reading_time = EXCLUDED.reading_time, district = EXCLUDED.district, frl_m = EXCLUDED.frl_m, live_capacity_at_frl_mcm = EXCLUDED.live_capacity_at_frl_mcm, this_year_level_m = EXCLUDED.this_year_level_m, this_year_live_capacity_mcm = EXCLUDED.this_year_live_capacity_mcm, this_year_live_storage_percent = EXCLUDED.this_year_live_storage_percent, this_year_level_observed_date = EXCLUDED.this_year_level_observed_date, this_year_is_stale = EXCLUDED.this_year_is_stale, gate_count_open = EXCLUDED.gate_count_open, gate_discharge_cumec = EXCLUDED.gate_discharge_cumec, last_year_level_m = EXCLUDED.last_year_level_m, last_year_live_capacity_mcm = EXCLUDED.last_year_live_capacity_mcm, last_year_live_storage_percent = EXCLUDED.last_year_live_storage_percent, source_url = EXCLUDED.source_url, raw = EXCLUDED.raw, fetched_at = now();
INSERT INTO dams (dam_id, dam_name, state, district, river_basin, owner_agency, status, risk_class, safety_score, source_registry, source_record_id, source_publication_year, source_url, updated_at) VALUES ('MPWRD-10226', 'Tejgarh Tank', 'Madhya Pradesh', 'Damoh', 'Chief Engineer Dhasan Ken Basin, Sagar', 'Madhya Pradesh Water Resources Department', 'operational'::dam_status, 'low'::risk_class, 100.00, 'MPWRD', '10226', 2026, 'https://eims1.mpwrd.gov.in/fcmreport/control/main', now()) ON CONFLICT (dam_id) DO UPDATE SET dam_name = EXCLUDED.dam_name, state = EXCLUDED.state, district = EXCLUDED.district, river_basin = EXCLUDED.river_basin, owner_agency = EXCLUDED.owner_agency, status = EXCLUDED.status, risk_class = EXCLUDED.risk_class, safety_score = EXCLUDED.safety_score, source_registry = EXCLUDED.source_registry, source_record_id = EXCLUDED.source_record_id, source_publication_year = EXCLUDED.source_publication_year, source_url = EXCLUDED.source_url, updated_at = now();
INSERT INTO dam_reservoir (dam_id, reservoir_name, live_storage_mcm, current_storage_mcm, frl_m, updated_at) VALUES ('MPWRD-10226', 'Tejgarh Tank', 5.71, 5.89, 362.35, now()) ON CONFLICT (dam_id) DO UPDATE SET reservoir_name = EXCLUDED.reservoir_name, live_storage_mcm = EXCLUDED.live_storage_mcm, current_storage_mcm = EXCLUDED.current_storage_mcm, frl_m = EXCLUDED.frl_m, updated_at = now();
INSERT INTO dam_engineering (dam_id, instrumentation, updated_at) VALUES ('MPWRD-10226', '{"basin_office": "Chief Engineer Dhasan Ken Basin, Sagar", "gate_count_open": null, "gate_discharge_cumec": null, "last_year_level_m": null, "last_year_live_capacity_mcm": null, "last_year_live_storage_percent": null, "mpwrd_reservoir_code": "10226", "reading_time": "08:00:00", "this_year_is_stale": true, "this_year_level_observed_date": "2025-08-03"}'::jsonb, now()) ON CONFLICT (dam_id) DO UPDATE SET instrumentation = EXCLUDED.instrumentation, updated_at = now();
INSERT INTO mpwrd_reservoir_levels (source_registry, report_date, reservoir_code, dam_id, basin_office, reservoir_name, reading_time, district, frl_m, live_capacity_at_frl_mcm, this_year_level_m, this_year_live_capacity_mcm, this_year_live_storage_percent, this_year_level_observed_date, this_year_is_stale, gate_count_open, gate_discharge_cumec, last_year_level_m, last_year_live_capacity_mcm, last_year_live_storage_percent, source_url, raw, fetched_at) VALUES ('MPWRD', '2026-05-25', '10226', 'MPWRD-10226', 'Chief Engineer Dhasan Ken Basin, Sagar', 'Tejgarh Tank', '08:00:00', 'Damoh', 362.35, 5.71, 362.55, 5.89, 100, '2025-08-03', TRUE, NULL, NULL, NULL, NULL, NULL, 'https://eims1.mpwrd.gov.in/fcmreport/control/main', '{"district": "Damoh", "frl_m": "362.35", "gate_count_open": "", "gate_discharge_cumec": "", "last_year_level_m": "", "last_year_live_capacity_mcm": "", "last_year_live_storage_percent": "", "live_capacity_at_frl_mcm": "5.71", "reservoir": "Tejgarh Tank [10226]", "serial": "91.", "this_year_level_m": "362.55 *", "this_year_live_capacity_mcm": "5.89", "this_year_live_storage_percent": "100", "time": "08:00:00"}'::jsonb, now()) ON CONFLICT (source_registry, report_date, reservoir_code) DO UPDATE SET dam_id = EXCLUDED.dam_id, basin_office = EXCLUDED.basin_office, reservoir_name = EXCLUDED.reservoir_name, reading_time = EXCLUDED.reading_time, district = EXCLUDED.district, frl_m = EXCLUDED.frl_m, live_capacity_at_frl_mcm = EXCLUDED.live_capacity_at_frl_mcm, this_year_level_m = EXCLUDED.this_year_level_m, this_year_live_capacity_mcm = EXCLUDED.this_year_live_capacity_mcm, this_year_live_storage_percent = EXCLUDED.this_year_live_storage_percent, this_year_level_observed_date = EXCLUDED.this_year_level_observed_date, this_year_is_stale = EXCLUDED.this_year_is_stale, gate_count_open = EXCLUDED.gate_count_open, gate_discharge_cumec = EXCLUDED.gate_discharge_cumec, last_year_level_m = EXCLUDED.last_year_level_m, last_year_live_capacity_mcm = EXCLUDED.last_year_live_capacity_mcm, last_year_live_storage_percent = EXCLUDED.last_year_live_storage_percent, source_url = EXCLUDED.source_url, raw = EXCLUDED.raw, fetched_at = now();
INSERT INTO dams (dam_id, dam_name, state, district, river_basin, owner_agency, status, risk_class, safety_score, source_registry, source_record_id, source_publication_year, source_url, updated_at) VALUES ('MPWRD-32081', 'Tikari Tank', 'Madhya Pradesh', 'Sagar', 'Chief Engineer Dhasan Ken Basin, Sagar', 'Madhya Pradesh Water Resources Department', 'operational'::dam_status, 'low'::risk_class, 75.00, 'MPWRD', '32081', 2026, 'https://eims1.mpwrd.gov.in/fcmreport/control/main', now()) ON CONFLICT (dam_id) DO UPDATE SET dam_name = EXCLUDED.dam_name, state = EXCLUDED.state, district = EXCLUDED.district, river_basin = EXCLUDED.river_basin, owner_agency = EXCLUDED.owner_agency, status = EXCLUDED.status, risk_class = EXCLUDED.risk_class, safety_score = EXCLUDED.safety_score, source_registry = EXCLUDED.source_registry, source_record_id = EXCLUDED.source_record_id, source_publication_year = EXCLUDED.source_publication_year, source_url = EXCLUDED.source_url, updated_at = now();
INSERT INTO dam_reservoir (dam_id, reservoir_name, live_storage_mcm, current_storage_mcm, frl_m, updated_at) VALUES ('MPWRD-32081', 'Tikari Tank', 16.96, 12.83, 519.90, now()) ON CONFLICT (dam_id) DO UPDATE SET reservoir_name = EXCLUDED.reservoir_name, live_storage_mcm = EXCLUDED.live_storage_mcm, current_storage_mcm = EXCLUDED.current_storage_mcm, frl_m = EXCLUDED.frl_m, updated_at = now();
INSERT INTO dam_engineering (dam_id, instrumentation, updated_at) VALUES ('MPWRD-32081', '{"basin_office": "Chief Engineer Dhasan Ken Basin, Sagar", "gate_count_open": null, "gate_discharge_cumec": null, "last_year_level_m": null, "last_year_live_capacity_mcm": null, "last_year_live_storage_percent": null, "mpwrd_reservoir_code": "32081", "reading_time": "08:00:00", "this_year_is_stale": true, "this_year_level_observed_date": "2025-08-24"}'::jsonb, now()) ON CONFLICT (dam_id) DO UPDATE SET instrumentation = EXCLUDED.instrumentation, updated_at = now();
INSERT INTO mpwrd_reservoir_levels (source_registry, report_date, reservoir_code, dam_id, basin_office, reservoir_name, reading_time, district, frl_m, live_capacity_at_frl_mcm, this_year_level_m, this_year_live_capacity_mcm, this_year_live_storage_percent, this_year_level_observed_date, this_year_is_stale, gate_count_open, gate_discharge_cumec, last_year_level_m, last_year_live_capacity_mcm, last_year_live_storage_percent, source_url, raw, fetched_at) VALUES ('MPWRD', '2026-05-25', '32081', 'MPWRD-32081', 'Chief Engineer Dhasan Ken Basin, Sagar', 'Tikari Tank', '08:00:00', 'Sagar', 519.90, 16.96, 518.50, 12.83, 75, '2025-08-24', TRUE, NULL, NULL, NULL, NULL, NULL, 'https://eims1.mpwrd.gov.in/fcmreport/control/main', '{"district": "Sagar", "frl_m": "519.90", "gate_count_open": "", "gate_discharge_cumec": "", "last_year_level_m": "", "last_year_live_capacity_mcm": "", "last_year_live_storage_percent": "", "live_capacity_at_frl_mcm": "16.96", "reservoir": "Tikari Tank [32081]", "serial": "92.", "this_year_level_m": "518.50*", "this_year_live_capacity_mcm": "12.83", "this_year_live_storage_percent": "75", "time": "08:00:00"}'::jsonb, now()) ON CONFLICT (source_registry, report_date, reservoir_code) DO UPDATE SET dam_id = EXCLUDED.dam_id, basin_office = EXCLUDED.basin_office, reservoir_name = EXCLUDED.reservoir_name, reading_time = EXCLUDED.reading_time, district = EXCLUDED.district, frl_m = EXCLUDED.frl_m, live_capacity_at_frl_mcm = EXCLUDED.live_capacity_at_frl_mcm, this_year_level_m = EXCLUDED.this_year_level_m, this_year_live_capacity_mcm = EXCLUDED.this_year_live_capacity_mcm, this_year_live_storage_percent = EXCLUDED.this_year_live_storage_percent, this_year_level_observed_date = EXCLUDED.this_year_level_observed_date, this_year_is_stale = EXCLUDED.this_year_is_stale, gate_count_open = EXCLUDED.gate_count_open, gate_discharge_cumec = EXCLUDED.gate_discharge_cumec, last_year_level_m = EXCLUDED.last_year_level_m, last_year_live_capacity_mcm = EXCLUDED.last_year_live_capacity_mcm, last_year_live_storage_percent = EXCLUDED.last_year_live_storage_percent, source_url = EXCLUDED.source_url, raw = EXCLUDED.raw, fetched_at = now();
INSERT INTO dams (dam_id, dam_name, state, district, river_basin, owner_agency, status, risk_class, safety_score, source_registry, source_record_id, source_publication_year, source_url, updated_at) VALUES ('MPWRD-34807', 'Tinsimarpani Tank', 'Madhya Pradesh', 'Sagar', 'Chief Engineer Dhasan Ken Basin, Sagar', 'Madhya Pradesh Water Resources Department', 'operational'::dam_status, 'low'::risk_class, 100.00, 'MPWRD', '34807', 2026, 'https://eims1.mpwrd.gov.in/fcmreport/control/main', now()) ON CONFLICT (dam_id) DO UPDATE SET dam_name = EXCLUDED.dam_name, state = EXCLUDED.state, district = EXCLUDED.district, river_basin = EXCLUDED.river_basin, owner_agency = EXCLUDED.owner_agency, status = EXCLUDED.status, risk_class = EXCLUDED.risk_class, safety_score = EXCLUDED.safety_score, source_registry = EXCLUDED.source_registry, source_record_id = EXCLUDED.source_record_id, source_publication_year = EXCLUDED.source_publication_year, source_url = EXCLUDED.source_url, updated_at = now();
INSERT INTO dam_reservoir (dam_id, reservoir_name, live_storage_mcm, current_storage_mcm, frl_m, updated_at) VALUES ('MPWRD-34807', 'Tinsimarpani Tank', 5.81, 5.81, 463.90, now()) ON CONFLICT (dam_id) DO UPDATE SET reservoir_name = EXCLUDED.reservoir_name, live_storage_mcm = EXCLUDED.live_storage_mcm, current_storage_mcm = EXCLUDED.current_storage_mcm, frl_m = EXCLUDED.frl_m, updated_at = now();
INSERT INTO dam_engineering (dam_id, instrumentation, updated_at) VALUES ('MPWRD-34807', '{"basin_office": "Chief Engineer Dhasan Ken Basin, Sagar", "gate_count_open": null, "gate_discharge_cumec": null, "last_year_level_m": null, "last_year_live_capacity_mcm": null, "last_year_live_storage_percent": null, "mpwrd_reservoir_code": "34807", "reading_time": "08:00:00", "this_year_is_stale": true, "this_year_level_observed_date": "2025-07-30"}'::jsonb, now()) ON CONFLICT (dam_id) DO UPDATE SET instrumentation = EXCLUDED.instrumentation, updated_at = now();
INSERT INTO mpwrd_reservoir_levels (source_registry, report_date, reservoir_code, dam_id, basin_office, reservoir_name, reading_time, district, frl_m, live_capacity_at_frl_mcm, this_year_level_m, this_year_live_capacity_mcm, this_year_live_storage_percent, this_year_level_observed_date, this_year_is_stale, gate_count_open, gate_discharge_cumec, last_year_level_m, last_year_live_capacity_mcm, last_year_live_storage_percent, source_url, raw, fetched_at) VALUES ('MPWRD', '2026-05-25', '34807', 'MPWRD-34807', 'Chief Engineer Dhasan Ken Basin, Sagar', 'Tinsimarpani Tank', '08:00:00', 'Sagar', 463.90, 5.81, 463.90, 5.81, 100, '2025-07-30', TRUE, NULL, NULL, NULL, NULL, NULL, 'https://eims1.mpwrd.gov.in/fcmreport/control/main', '{"district": "Sagar", "frl_m": "463.90", "gate_count_open": "", "gate_discharge_cumec": "", "last_year_level_m": "", "last_year_live_capacity_mcm": "", "last_year_live_storage_percent": "", "live_capacity_at_frl_mcm": "5.81", "reservoir": "Tinsimarpani Tank [34807]", "serial": "93.", "this_year_level_m": "463.90 *", "this_year_live_capacity_mcm": "5.81", "this_year_live_storage_percent": "100", "time": "08:00:00"}'::jsonb, now()) ON CONFLICT (source_registry, report_date, reservoir_code) DO UPDATE SET dam_id = EXCLUDED.dam_id, basin_office = EXCLUDED.basin_office, reservoir_name = EXCLUDED.reservoir_name, reading_time = EXCLUDED.reading_time, district = EXCLUDED.district, frl_m = EXCLUDED.frl_m, live_capacity_at_frl_mcm = EXCLUDED.live_capacity_at_frl_mcm, this_year_level_m = EXCLUDED.this_year_level_m, this_year_live_capacity_mcm = EXCLUDED.this_year_live_capacity_mcm, this_year_live_storage_percent = EXCLUDED.this_year_live_storage_percent, this_year_level_observed_date = EXCLUDED.this_year_level_observed_date, this_year_is_stale = EXCLUDED.this_year_is_stale, gate_count_open = EXCLUDED.gate_count_open, gate_discharge_cumec = EXCLUDED.gate_discharge_cumec, last_year_level_m = EXCLUDED.last_year_level_m, last_year_live_capacity_mcm = EXCLUDED.last_year_live_capacity_mcm, last_year_live_storage_percent = EXCLUDED.last_year_live_storage_percent, source_url = EXCLUDED.source_url, raw = EXCLUDED.raw, fetched_at = now();
INSERT INTO dams (dam_id, dam_name, state, district, river_basin, owner_agency, status, risk_class, safety_score, source_registry, source_record_id, source_publication_year, source_url, updated_at) VALUES ('MPWRD-32202', 'Umehi Nalla Tank', 'Madhya Pradesh', 'Panna', 'Chief Engineer Dhasan Ken Basin, Sagar', 'Madhya Pradesh Water Resources Department', 'operational'::dam_status, 'low'::risk_class, 100.00, 'MPWRD', '32202', 2026, 'https://eims1.mpwrd.gov.in/fcmreport/control/main', now()) ON CONFLICT (dam_id) DO UPDATE SET dam_name = EXCLUDED.dam_name, state = EXCLUDED.state, district = EXCLUDED.district, river_basin = EXCLUDED.river_basin, owner_agency = EXCLUDED.owner_agency, status = EXCLUDED.status, risk_class = EXCLUDED.risk_class, safety_score = EXCLUDED.safety_score, source_registry = EXCLUDED.source_registry, source_record_id = EXCLUDED.source_record_id, source_publication_year = EXCLUDED.source_publication_year, source_url = EXCLUDED.source_url, updated_at = now();
INSERT INTO dam_reservoir (dam_id, reservoir_name, live_storage_mcm, current_storage_mcm, frl_m, updated_at) VALUES ('MPWRD-32202', 'Umehi Nalla Tank', 7.37, 7.37, 392.50, now()) ON CONFLICT (dam_id) DO UPDATE SET reservoir_name = EXCLUDED.reservoir_name, live_storage_mcm = EXCLUDED.live_storage_mcm, current_storage_mcm = EXCLUDED.current_storage_mcm, frl_m = EXCLUDED.frl_m, updated_at = now();
INSERT INTO dam_engineering (dam_id, instrumentation, updated_at) VALUES ('MPWRD-32202', '{"basin_office": "Chief Engineer Dhasan Ken Basin, Sagar", "gate_count_open": null, "gate_discharge_cumec": null, "last_year_level_m": null, "last_year_live_capacity_mcm": null, "last_year_live_storage_percent": null, "mpwrd_reservoir_code": "32202", "reading_time": "08:00:00", "this_year_is_stale": true, "this_year_level_observed_date": "2025-08-11"}'::jsonb, now()) ON CONFLICT (dam_id) DO UPDATE SET instrumentation = EXCLUDED.instrumentation, updated_at = now();
INSERT INTO mpwrd_reservoir_levels (source_registry, report_date, reservoir_code, dam_id, basin_office, reservoir_name, reading_time, district, frl_m, live_capacity_at_frl_mcm, this_year_level_m, this_year_live_capacity_mcm, this_year_live_storage_percent, this_year_level_observed_date, this_year_is_stale, gate_count_open, gate_discharge_cumec, last_year_level_m, last_year_live_capacity_mcm, last_year_live_storage_percent, source_url, raw, fetched_at) VALUES ('MPWRD', '2026-05-25', '32202', 'MPWRD-32202', 'Chief Engineer Dhasan Ken Basin, Sagar', 'Umehi Nalla Tank', '08:00:00', 'Panna', 392.50, 7.37, 392.50, 7.37, 100, '2025-08-11', TRUE, NULL, NULL, NULL, NULL, NULL, 'https://eims1.mpwrd.gov.in/fcmreport/control/main', '{"district": "Panna", "frl_m": "392.50", "gate_count_open": "", "gate_discharge_cumec": "", "last_year_level_m": "", "last_year_live_capacity_mcm": "", "last_year_live_storage_percent": "", "live_capacity_at_frl_mcm": "7.37", "reservoir": "Umehi Nalla Tank [32202]", "serial": "94.", "this_year_level_m": "392.50 *", "this_year_live_capacity_mcm": "7.37", "this_year_live_storage_percent": "100", "time": "08:00:00"}'::jsonb, now()) ON CONFLICT (source_registry, report_date, reservoir_code) DO UPDATE SET dam_id = EXCLUDED.dam_id, basin_office = EXCLUDED.basin_office, reservoir_name = EXCLUDED.reservoir_name, reading_time = EXCLUDED.reading_time, district = EXCLUDED.district, frl_m = EXCLUDED.frl_m, live_capacity_at_frl_mcm = EXCLUDED.live_capacity_at_frl_mcm, this_year_level_m = EXCLUDED.this_year_level_m, this_year_live_capacity_mcm = EXCLUDED.this_year_live_capacity_mcm, this_year_live_storage_percent = EXCLUDED.this_year_live_storage_percent, this_year_level_observed_date = EXCLUDED.this_year_level_observed_date, this_year_is_stale = EXCLUDED.this_year_is_stale, gate_count_open = EXCLUDED.gate_count_open, gate_discharge_cumec = EXCLUDED.gate_discharge_cumec, last_year_level_m = EXCLUDED.last_year_level_m, last_year_live_capacity_mcm = EXCLUDED.last_year_live_capacity_mcm, last_year_live_storage_percent = EXCLUDED.last_year_live_storage_percent, source_url = EXCLUDED.source_url, raw = EXCLUDED.raw, fetched_at = now();
INSERT INTO dams (dam_id, dam_name, state, district, river_basin, owner_agency, status, risk_class, safety_score, source_registry, source_record_id, source_publication_year, source_url, updated_at) VALUES ('MPWRD-20723', 'Urmil Dam', 'Madhya Pradesh', 'Chhatarpur', 'Chief Engineer Dhasan Ken Basin, Sagar', 'Madhya Pradesh Water Resources Department', 'operational'::dam_status, 'low'::risk_class, 95.00, 'MPWRD', '20723', 2026, 'https://eims1.mpwrd.gov.in/fcmreport/control/main', now()) ON CONFLICT (dam_id) DO UPDATE SET dam_name = EXCLUDED.dam_name, state = EXCLUDED.state, district = EXCLUDED.district, river_basin = EXCLUDED.river_basin, owner_agency = EXCLUDED.owner_agency, status = EXCLUDED.status, risk_class = EXCLUDED.risk_class, safety_score = EXCLUDED.safety_score, source_registry = EXCLUDED.source_registry, source_record_id = EXCLUDED.source_record_id, source_publication_year = EXCLUDED.source_publication_year, source_url = EXCLUDED.source_url, updated_at = now();
INSERT INTO dam_reservoir (dam_id, reservoir_name, live_storage_mcm, current_storage_mcm, frl_m, updated_at) VALUES ('MPWRD-20723', 'Urmil Dam', 113.92, 108.74, 237.43, now()) ON CONFLICT (dam_id) DO UPDATE SET reservoir_name = EXCLUDED.reservoir_name, live_storage_mcm = EXCLUDED.live_storage_mcm, current_storage_mcm = EXCLUDED.current_storage_mcm, frl_m = EXCLUDED.frl_m, updated_at = now();
INSERT INTO dam_engineering (dam_id, instrumentation, updated_at) VALUES ('MPWRD-20723', '{"basin_office": "Chief Engineer Dhasan Ken Basin, Sagar", "gate_count_open": null, "gate_discharge_cumec": null, "last_year_level_m": null, "last_year_live_capacity_mcm": null, "last_year_live_storage_percent": null, "mpwrd_reservoir_code": "20723", "reading_time": "08:00:00", "this_year_is_stale": true, "this_year_level_observed_date": "2025-09-25"}'::jsonb, now()) ON CONFLICT (dam_id) DO UPDATE SET instrumentation = EXCLUDED.instrumentation, updated_at = now();
INSERT INTO mpwrd_reservoir_levels (source_registry, report_date, reservoir_code, dam_id, basin_office, reservoir_name, reading_time, district, frl_m, live_capacity_at_frl_mcm, this_year_level_m, this_year_live_capacity_mcm, this_year_live_storage_percent, this_year_level_observed_date, this_year_is_stale, gate_count_open, gate_discharge_cumec, last_year_level_m, last_year_live_capacity_mcm, last_year_live_storage_percent, source_url, raw, fetched_at) VALUES ('MPWRD', '2026-05-25', '20723', 'MPWRD-20723', 'Chief Engineer Dhasan Ken Basin, Sagar', 'Urmil Dam', '08:00:00', 'Chhatarpur', 237.43, 113.92, 237.20, 108.74, 95, '2025-09-25', TRUE, NULL, NULL, NULL, NULL, NULL, 'https://eims1.mpwrd.gov.in/fcmreport/control/main', '{"district": "Chhatarpur", "frl_m": "237.43", "gate_count_open": "", "gate_discharge_cumec": "", "last_year_level_m": "", "last_year_live_capacity_mcm": "", "last_year_live_storage_percent": "", "live_capacity_at_frl_mcm": "113.92", "reservoir": "Urmil Dam [20723]", "serial": "95.", "this_year_level_m": "237.20*", "this_year_live_capacity_mcm": "108.74", "this_year_live_storage_percent": "95", "time": "08:00:00"}'::jsonb, now()) ON CONFLICT (source_registry, report_date, reservoir_code) DO UPDATE SET dam_id = EXCLUDED.dam_id, basin_office = EXCLUDED.basin_office, reservoir_name = EXCLUDED.reservoir_name, reading_time = EXCLUDED.reading_time, district = EXCLUDED.district, frl_m = EXCLUDED.frl_m, live_capacity_at_frl_mcm = EXCLUDED.live_capacity_at_frl_mcm, this_year_level_m = EXCLUDED.this_year_level_m, this_year_live_capacity_mcm = EXCLUDED.this_year_live_capacity_mcm, this_year_live_storage_percent = EXCLUDED.this_year_live_storage_percent, this_year_level_observed_date = EXCLUDED.this_year_level_observed_date, this_year_is_stale = EXCLUDED.this_year_is_stale, gate_count_open = EXCLUDED.gate_count_open, gate_discharge_cumec = EXCLUDED.gate_discharge_cumec, last_year_level_m = EXCLUDED.last_year_level_m, last_year_live_capacity_mcm = EXCLUDED.last_year_live_capacity_mcm, last_year_live_storage_percent = EXCLUDED.last_year_live_storage_percent, source_url = EXCLUDED.source_url, raw = EXCLUDED.raw, fetched_at = now();
INSERT INTO dams (dam_id, dam_name, state, district, river_basin, owner_agency, status, risk_class, safety_score, source_registry, source_record_id, source_publication_year, source_url, updated_at) VALUES ('MPWRD-10288', 'Veer Sagar Dam', 'Madhya Pradesh', 'Niwari', 'Chief Engineer Dhasan Ken Basin, Sagar', 'Madhya Pradesh Water Resources Department', 'operational'::dam_status, 'low'::risk_class, 100.00, 'MPWRD', '10288', 2026, 'https://eims1.mpwrd.gov.in/fcmreport/control/main', now()) ON CONFLICT (dam_id) DO UPDATE SET dam_name = EXCLUDED.dam_name, state = EXCLUDED.state, district = EXCLUDED.district, river_basin = EXCLUDED.river_basin, owner_agency = EXCLUDED.owner_agency, status = EXCLUDED.status, risk_class = EXCLUDED.risk_class, safety_score = EXCLUDED.safety_score, source_registry = EXCLUDED.source_registry, source_record_id = EXCLUDED.source_record_id, source_publication_year = EXCLUDED.source_publication_year, source_url = EXCLUDED.source_url, updated_at = now();
INSERT INTO dam_reservoir (dam_id, reservoir_name, live_storage_mcm, current_storage_mcm, frl_m, updated_at) VALUES ('MPWRD-10288', 'Veer Sagar Dam', 14.48, 14.50, 291.59, now()) ON CONFLICT (dam_id) DO UPDATE SET reservoir_name = EXCLUDED.reservoir_name, live_storage_mcm = EXCLUDED.live_storage_mcm, current_storage_mcm = EXCLUDED.current_storage_mcm, frl_m = EXCLUDED.frl_m, updated_at = now();
INSERT INTO dam_engineering (dam_id, instrumentation, updated_at) VALUES ('MPWRD-10288', '{"basin_office": "Chief Engineer Dhasan Ken Basin, Sagar", "gate_count_open": null, "gate_discharge_cumec": null, "last_year_level_m": null, "last_year_live_capacity_mcm": null, "last_year_live_storage_percent": null, "mpwrd_reservoir_code": "10288", "reading_time": "08:00:00", "this_year_is_stale": true, "this_year_level_observed_date": "2025-09-24"}'::jsonb, now()) ON CONFLICT (dam_id) DO UPDATE SET instrumentation = EXCLUDED.instrumentation, updated_at = now();
INSERT INTO mpwrd_reservoir_levels (source_registry, report_date, reservoir_code, dam_id, basin_office, reservoir_name, reading_time, district, frl_m, live_capacity_at_frl_mcm, this_year_level_m, this_year_live_capacity_mcm, this_year_live_storage_percent, this_year_level_observed_date, this_year_is_stale, gate_count_open, gate_discharge_cumec, last_year_level_m, last_year_live_capacity_mcm, last_year_live_storage_percent, source_url, raw, fetched_at) VALUES ('MPWRD', '2026-05-25', '10288', 'MPWRD-10288', 'Chief Engineer Dhasan Ken Basin, Sagar', 'Veer Sagar Dam', '08:00:00', 'Niwari', 291.59, 14.48, 291.58, 14.50, 100, '2025-09-24', TRUE, NULL, NULL, NULL, NULL, NULL, 'https://eims1.mpwrd.gov.in/fcmreport/control/main', '{"district": "Niwari", "frl_m": "291.59", "gate_count_open": "", "gate_discharge_cumec": "", "last_year_level_m": "", "last_year_live_capacity_mcm": "", "last_year_live_storage_percent": "", "live_capacity_at_frl_mcm": "14.48", "reservoir": "Veer Sagar Dam [10288]", "serial": "96.", "this_year_level_m": "291.58*", "this_year_live_capacity_mcm": "14.50", "this_year_live_storage_percent": "100", "time": "08:00:00"}'::jsonb, now()) ON CONFLICT (source_registry, report_date, reservoir_code) DO UPDATE SET dam_id = EXCLUDED.dam_id, basin_office = EXCLUDED.basin_office, reservoir_name = EXCLUDED.reservoir_name, reading_time = EXCLUDED.reading_time, district = EXCLUDED.district, frl_m = EXCLUDED.frl_m, live_capacity_at_frl_mcm = EXCLUDED.live_capacity_at_frl_mcm, this_year_level_m = EXCLUDED.this_year_level_m, this_year_live_capacity_mcm = EXCLUDED.this_year_live_capacity_mcm, this_year_live_storage_percent = EXCLUDED.this_year_live_storage_percent, this_year_level_observed_date = EXCLUDED.this_year_level_observed_date, this_year_is_stale = EXCLUDED.this_year_is_stale, gate_count_open = EXCLUDED.gate_count_open, gate_discharge_cumec = EXCLUDED.gate_discharge_cumec, last_year_level_m = EXCLUDED.last_year_level_m, last_year_live_capacity_mcm = EXCLUDED.last_year_live_capacity_mcm, last_year_live_storage_percent = EXCLUDED.last_year_live_storage_percent, source_url = EXCLUDED.source_url, raw = EXCLUDED.raw, fetched_at = now();
INSERT INTO dams (dam_id, dam_name, state, district, river_basin, owner_agency, status, risk_class, safety_score, source_registry, source_record_id, source_publication_year, source_url, updated_at) VALUES ('MPWRD-10364', 'Amkoi Dam', 'Madhya Pradesh', 'Satna', 'Chief Engineer Ganga Basin, Rewa', 'Madhya Pradesh Water Resources Department', 'operational'::dam_status, 'low'::risk_class, 100.00, 'MPWRD', '10364', 2026, 'https://eims1.mpwrd.gov.in/fcmreport/control/main', now()) ON CONFLICT (dam_id) DO UPDATE SET dam_name = EXCLUDED.dam_name, state = EXCLUDED.state, district = EXCLUDED.district, river_basin = EXCLUDED.river_basin, owner_agency = EXCLUDED.owner_agency, status = EXCLUDED.status, risk_class = EXCLUDED.risk_class, safety_score = EXCLUDED.safety_score, source_registry = EXCLUDED.source_registry, source_record_id = EXCLUDED.source_record_id, source_publication_year = EXCLUDED.source_publication_year, source_url = EXCLUDED.source_url, updated_at = now();
INSERT INTO dam_reservoir (dam_id, reservoir_name, live_storage_mcm, current_storage_mcm, frl_m, updated_at) VALUES ('MPWRD-10364', 'Amkoi Dam', 4.33, 4.33, 367.44, now()) ON CONFLICT (dam_id) DO UPDATE SET reservoir_name = EXCLUDED.reservoir_name, live_storage_mcm = EXCLUDED.live_storage_mcm, current_storage_mcm = EXCLUDED.current_storage_mcm, frl_m = EXCLUDED.frl_m, updated_at = now();
INSERT INTO dam_engineering (dam_id, instrumentation, updated_at) VALUES ('MPWRD-10364', '{"basin_office": "Chief Engineer Ganga Basin, Rewa", "gate_count_open": null, "gate_discharge_cumec": null, "last_year_level_m": null, "last_year_live_capacity_mcm": null, "last_year_live_storage_percent": null, "mpwrd_reservoir_code": "10364", "reading_time": "08:00:00", "this_year_is_stale": true, "this_year_level_observed_date": "2025-09-25"}'::jsonb, now()) ON CONFLICT (dam_id) DO UPDATE SET instrumentation = EXCLUDED.instrumentation, updated_at = now();
INSERT INTO mpwrd_reservoir_levels (source_registry, report_date, reservoir_code, dam_id, basin_office, reservoir_name, reading_time, district, frl_m, live_capacity_at_frl_mcm, this_year_level_m, this_year_live_capacity_mcm, this_year_live_storage_percent, this_year_level_observed_date, this_year_is_stale, gate_count_open, gate_discharge_cumec, last_year_level_m, last_year_live_capacity_mcm, last_year_live_storage_percent, source_url, raw, fetched_at) VALUES ('MPWRD', '2026-05-25', '10364', 'MPWRD-10364', 'Chief Engineer Ganga Basin, Rewa', 'Amkoi Dam', '08:00:00', 'Satna', 367.44, 4.33, 367.44, 4.33, 100, '2025-09-25', TRUE, NULL, NULL, NULL, NULL, NULL, 'https://eims1.mpwrd.gov.in/fcmreport/control/main', '{"district": "Satna", "frl_m": "367.44", "gate_count_open": "", "gate_discharge_cumec": "", "last_year_level_m": "", "last_year_live_capacity_mcm": "", "last_year_live_storage_percent": "", "live_capacity_at_frl_mcm": "4.33", "reservoir": "Amkoi Dam [10364]", "serial": "97.", "this_year_level_m": "367.44 *", "this_year_live_capacity_mcm": "4.33", "this_year_live_storage_percent": "100", "time": "08:00:00"}'::jsonb, now()) ON CONFLICT (source_registry, report_date, reservoir_code) DO UPDATE SET dam_id = EXCLUDED.dam_id, basin_office = EXCLUDED.basin_office, reservoir_name = EXCLUDED.reservoir_name, reading_time = EXCLUDED.reading_time, district = EXCLUDED.district, frl_m = EXCLUDED.frl_m, live_capacity_at_frl_mcm = EXCLUDED.live_capacity_at_frl_mcm, this_year_level_m = EXCLUDED.this_year_level_m, this_year_live_capacity_mcm = EXCLUDED.this_year_live_capacity_mcm, this_year_live_storage_percent = EXCLUDED.this_year_live_storage_percent, this_year_level_observed_date = EXCLUDED.this_year_level_observed_date, this_year_is_stale = EXCLUDED.this_year_is_stale, gate_count_open = EXCLUDED.gate_count_open, gate_discharge_cumec = EXCLUDED.gate_discharge_cumec, last_year_level_m = EXCLUDED.last_year_level_m, last_year_live_capacity_mcm = EXCLUDED.last_year_live_capacity_mcm, last_year_live_storage_percent = EXCLUDED.last_year_live_storage_percent, source_url = EXCLUDED.source_url, raw = EXCLUDED.raw, fetched_at = now();
INSERT INTO dams (dam_id, dam_name, state, district, river_basin, owner_agency, status, risk_class, safety_score, source_registry, source_record_id, source_publication_year, source_url, updated_at) VALUES ('MPWRD-41280', 'Andhiyari Sagar Tank', 'Madhya Pradesh', 'Satna', 'Chief Engineer Ganga Basin, Rewa', 'Madhya Pradesh Water Resources Department', 'operational'::dam_status, 'low'::risk_class, 69.00, 'MPWRD', '41280', 2026, 'https://eims1.mpwrd.gov.in/fcmreport/control/main', now()) ON CONFLICT (dam_id) DO UPDATE SET dam_name = EXCLUDED.dam_name, state = EXCLUDED.state, district = EXCLUDED.district, river_basin = EXCLUDED.river_basin, owner_agency = EXCLUDED.owner_agency, status = EXCLUDED.status, risk_class = EXCLUDED.risk_class, safety_score = EXCLUDED.safety_score, source_registry = EXCLUDED.source_registry, source_record_id = EXCLUDED.source_record_id, source_publication_year = EXCLUDED.source_publication_year, source_url = EXCLUDED.source_url, updated_at = now();
INSERT INTO dam_reservoir (dam_id, reservoir_name, live_storage_mcm, current_storage_mcm, frl_m, updated_at) VALUES ('MPWRD-41280', 'Andhiyari Sagar Tank', 10.10, 7.04, 357.10, now()) ON CONFLICT (dam_id) DO UPDATE SET reservoir_name = EXCLUDED.reservoir_name, live_storage_mcm = EXCLUDED.live_storage_mcm, current_storage_mcm = EXCLUDED.current_storage_mcm, frl_m = EXCLUDED.frl_m, updated_at = now();
INSERT INTO dam_engineering (dam_id, instrumentation, updated_at) VALUES ('MPWRD-41280', '{"basin_office": "Chief Engineer Ganga Basin, Rewa", "gate_count_open": null, "gate_discharge_cumec": null, "last_year_level_m": null, "last_year_live_capacity_mcm": null, "last_year_live_storage_percent": null, "mpwrd_reservoir_code": "41280", "reading_time": "08:00:00", "this_year_is_stale": true, "this_year_level_observed_date": "2025-09-25"}'::jsonb, now()) ON CONFLICT (dam_id) DO UPDATE SET instrumentation = EXCLUDED.instrumentation, updated_at = now();
INSERT INTO mpwrd_reservoir_levels (source_registry, report_date, reservoir_code, dam_id, basin_office, reservoir_name, reading_time, district, frl_m, live_capacity_at_frl_mcm, this_year_level_m, this_year_live_capacity_mcm, this_year_live_storage_percent, this_year_level_observed_date, this_year_is_stale, gate_count_open, gate_discharge_cumec, last_year_level_m, last_year_live_capacity_mcm, last_year_live_storage_percent, source_url, raw, fetched_at) VALUES ('MPWRD', '2026-05-25', '41280', 'MPWRD-41280', 'Chief Engineer Ganga Basin, Rewa', 'Andhiyari Sagar Tank', '08:00:00', 'Satna', 357.10, 10.10, 356.05, 7.04, 69, '2025-09-25', TRUE, NULL, NULL, NULL, NULL, NULL, 'https://eims1.mpwrd.gov.in/fcmreport/control/main', '{"district": "Satna", "frl_m": "357.10", "gate_count_open": "", "gate_discharge_cumec": "", "last_year_level_m": "", "last_year_live_capacity_mcm": "", "last_year_live_storage_percent": "", "live_capacity_at_frl_mcm": "10.10", "reservoir": "Andhiyari Sagar Tank [41280]", "serial": "98.", "this_year_level_m": "356.05*", "this_year_live_capacity_mcm": "7.04", "this_year_live_storage_percent": "69", "time": "08:00:00"}'::jsonb, now()) ON CONFLICT (source_registry, report_date, reservoir_code) DO UPDATE SET dam_id = EXCLUDED.dam_id, basin_office = EXCLUDED.basin_office, reservoir_name = EXCLUDED.reservoir_name, reading_time = EXCLUDED.reading_time, district = EXCLUDED.district, frl_m = EXCLUDED.frl_m, live_capacity_at_frl_mcm = EXCLUDED.live_capacity_at_frl_mcm, this_year_level_m = EXCLUDED.this_year_level_m, this_year_live_capacity_mcm = EXCLUDED.this_year_live_capacity_mcm, this_year_live_storage_percent = EXCLUDED.this_year_live_storage_percent, this_year_level_observed_date = EXCLUDED.this_year_level_observed_date, this_year_is_stale = EXCLUDED.this_year_is_stale, gate_count_open = EXCLUDED.gate_count_open, gate_discharge_cumec = EXCLUDED.gate_discharge_cumec, last_year_level_m = EXCLUDED.last_year_level_m, last_year_live_capacity_mcm = EXCLUDED.last_year_live_capacity_mcm, last_year_live_storage_percent = EXCLUDED.last_year_live_storage_percent, source_url = EXCLUDED.source_url, raw = EXCLUDED.raw, fetched_at = now();
INSERT INTO dams (dam_id, dam_name, state, district, river_basin, owner_agency, status, risk_class, safety_score, source_registry, source_record_id, source_publication_year, source_url, updated_at) VALUES ('MPWRD-32941', 'Bamraha Tank', 'Madhya Pradesh', 'Rewa', 'Chief Engineer Ganga Basin, Rewa', 'Madhya Pradesh Water Resources Department', 'operational'::dam_status, 'low'::risk_class, 100.00, 'MPWRD', '32941', 2026, 'https://eims1.mpwrd.gov.in/fcmreport/control/main', now()) ON CONFLICT (dam_id) DO UPDATE SET dam_name = EXCLUDED.dam_name, state = EXCLUDED.state, district = EXCLUDED.district, river_basin = EXCLUDED.river_basin, owner_agency = EXCLUDED.owner_agency, status = EXCLUDED.status, risk_class = EXCLUDED.risk_class, safety_score = EXCLUDED.safety_score, source_registry = EXCLUDED.source_registry, source_record_id = EXCLUDED.source_record_id, source_publication_year = EXCLUDED.source_publication_year, source_url = EXCLUDED.source_url, updated_at = now();
INSERT INTO dam_reservoir (dam_id, reservoir_name, live_storage_mcm, current_storage_mcm, frl_m, updated_at) VALUES ('MPWRD-32941', 'Bamraha Tank', 13.53, 13.53, 367.00, now()) ON CONFLICT (dam_id) DO UPDATE SET reservoir_name = EXCLUDED.reservoir_name, live_storage_mcm = EXCLUDED.live_storage_mcm, current_storage_mcm = EXCLUDED.current_storage_mcm, frl_m = EXCLUDED.frl_m, updated_at = now();
INSERT INTO dam_engineering (dam_id, instrumentation, updated_at) VALUES ('MPWRD-32941', '{"basin_office": "Chief Engineer Ganga Basin, Rewa", "gate_count_open": null, "gate_discharge_cumec": null, "last_year_level_m": null, "last_year_live_capacity_mcm": null, "last_year_live_storage_percent": null, "mpwrd_reservoir_code": "32941", "reading_time": "08:00:00", "this_year_is_stale": true, "this_year_level_observed_date": "2025-09-25"}'::jsonb, now()) ON CONFLICT (dam_id) DO UPDATE SET instrumentation = EXCLUDED.instrumentation, updated_at = now();
INSERT INTO mpwrd_reservoir_levels (source_registry, report_date, reservoir_code, dam_id, basin_office, reservoir_name, reading_time, district, frl_m, live_capacity_at_frl_mcm, this_year_level_m, this_year_live_capacity_mcm, this_year_live_storage_percent, this_year_level_observed_date, this_year_is_stale, gate_count_open, gate_discharge_cumec, last_year_level_m, last_year_live_capacity_mcm, last_year_live_storage_percent, source_url, raw, fetched_at) VALUES ('MPWRD', '2026-05-25', '32941', 'MPWRD-32941', 'Chief Engineer Ganga Basin, Rewa', 'Bamraha Tank', '08:00:00', 'Rewa', 367.00, 13.53, 367.00, 13.53, 100, '2025-09-25', TRUE, NULL, NULL, NULL, NULL, NULL, 'https://eims1.mpwrd.gov.in/fcmreport/control/main', '{"district": "Rewa", "frl_m": "367.00", "gate_count_open": "", "gate_discharge_cumec": "", "last_year_level_m": "", "last_year_live_capacity_mcm": "", "last_year_live_storage_percent": "", "live_capacity_at_frl_mcm": "13.53", "reservoir": "Bamraha Tank [32941]", "serial": "99.", "this_year_level_m": "367.00 *", "this_year_live_capacity_mcm": "13.53", "this_year_live_storage_percent": "100", "time": "08:00:00"}'::jsonb, now()) ON CONFLICT (source_registry, report_date, reservoir_code) DO UPDATE SET dam_id = EXCLUDED.dam_id, basin_office = EXCLUDED.basin_office, reservoir_name = EXCLUDED.reservoir_name, reading_time = EXCLUDED.reading_time, district = EXCLUDED.district, frl_m = EXCLUDED.frl_m, live_capacity_at_frl_mcm = EXCLUDED.live_capacity_at_frl_mcm, this_year_level_m = EXCLUDED.this_year_level_m, this_year_live_capacity_mcm = EXCLUDED.this_year_live_capacity_mcm, this_year_live_storage_percent = EXCLUDED.this_year_live_storage_percent, this_year_level_observed_date = EXCLUDED.this_year_level_observed_date, this_year_is_stale = EXCLUDED.this_year_is_stale, gate_count_open = EXCLUDED.gate_count_open, gate_discharge_cumec = EXCLUDED.gate_discharge_cumec, last_year_level_m = EXCLUDED.last_year_level_m, last_year_live_capacity_mcm = EXCLUDED.last_year_live_capacity_mcm, last_year_live_storage_percent = EXCLUDED.last_year_live_storage_percent, source_url = EXCLUDED.source_url, raw = EXCLUDED.raw, fetched_at = now();
INSERT INTO dams (dam_id, dam_name, state, district, river_basin, owner_agency, status, risk_class, safety_score, source_registry, source_record_id, source_publication_year, source_url, updated_at) VALUES ('MPWRD-10969', 'Bansagar Dam', 'Madhya Pradesh', 'Shahdol', 'Chief Engineer Ganga Basin, Rewa', 'Madhya Pradesh Water Resources Department', 'operational'::dam_status, 'low'::risk_class, 97.00, 'MPWRD', '10969', 2026, 'https://eims1.mpwrd.gov.in/fcmreport/control/main', now()) ON CONFLICT (dam_id) DO UPDATE SET dam_name = EXCLUDED.dam_name, state = EXCLUDED.state, district = EXCLUDED.district, river_basin = EXCLUDED.river_basin, owner_agency = EXCLUDED.owner_agency, status = EXCLUDED.status, risk_class = EXCLUDED.risk_class, safety_score = EXCLUDED.safety_score, source_registry = EXCLUDED.source_registry, source_record_id = EXCLUDED.source_record_id, source_publication_year = EXCLUDED.source_publication_year, source_url = EXCLUDED.source_url, updated_at = now();
INSERT INTO dam_reservoir (dam_id, reservoir_name, live_storage_mcm, current_storage_mcm, frl_m, updated_at) VALUES ('MPWRD-10969', 'Bansagar Dam', 5429.60, 5310.39, 341.64, now()) ON CONFLICT (dam_id) DO UPDATE SET reservoir_name = EXCLUDED.reservoir_name, live_storage_mcm = EXCLUDED.live_storage_mcm, current_storage_mcm = EXCLUDED.current_storage_mcm, frl_m = EXCLUDED.frl_m, updated_at = now();
INSERT INTO dam_engineering (dam_id, instrumentation, updated_at) VALUES ('MPWRD-10969', '{"basin_office": "Chief Engineer Ganga Basin, Rewa", "gate_count_open": null, "gate_discharge_cumec": null, "last_year_level_m": null, "last_year_live_capacity_mcm": null, "last_year_live_storage_percent": null, "mpwrd_reservoir_code": "10969", "reading_time": "08:00:00", "this_year_is_stale": true, "this_year_level_observed_date": "2025-09-25"}'::jsonb, now()) ON CONFLICT (dam_id) DO UPDATE SET instrumentation = EXCLUDED.instrumentation, updated_at = now();
INSERT INTO mpwrd_reservoir_levels (source_registry, report_date, reservoir_code, dam_id, basin_office, reservoir_name, reading_time, district, frl_m, live_capacity_at_frl_mcm, this_year_level_m, this_year_live_capacity_mcm, this_year_live_storage_percent, this_year_level_observed_date, this_year_is_stale, gate_count_open, gate_discharge_cumec, last_year_level_m, last_year_live_capacity_mcm, last_year_live_storage_percent, source_url, raw, fetched_at) VALUES ('MPWRD', '2026-05-25', '10969', 'MPWRD-10969', 'Chief Engineer Ganga Basin, Rewa', 'Bansagar Dam', '08:00:00', 'Shahdol', 341.64, 5429.60, 341.50, 5310.39, 97, '2025-09-25', TRUE, NULL, NULL, NULL, NULL, NULL, 'https://eims1.mpwrd.gov.in/fcmreport/control/main', '{"district": "Shahdol", "frl_m": "341.64", "gate_count_open": "", "gate_discharge_cumec": "", "last_year_level_m": "", "last_year_live_capacity_mcm": "", "last_year_live_storage_percent": "", "live_capacity_at_frl_mcm": "5429.60", "reservoir": "Bansagar Dam [10969]", "serial": "100.", "this_year_level_m": "341.50*", "this_year_live_capacity_mcm": "5310.39", "this_year_live_storage_percent": "97", "time": "08:00:00"}'::jsonb, now()) ON CONFLICT (source_registry, report_date, reservoir_code) DO UPDATE SET dam_id = EXCLUDED.dam_id, basin_office = EXCLUDED.basin_office, reservoir_name = EXCLUDED.reservoir_name, reading_time = EXCLUDED.reading_time, district = EXCLUDED.district, frl_m = EXCLUDED.frl_m, live_capacity_at_frl_mcm = EXCLUDED.live_capacity_at_frl_mcm, this_year_level_m = EXCLUDED.this_year_level_m, this_year_live_capacity_mcm = EXCLUDED.this_year_live_capacity_mcm, this_year_live_storage_percent = EXCLUDED.this_year_live_storage_percent, this_year_level_observed_date = EXCLUDED.this_year_level_observed_date, this_year_is_stale = EXCLUDED.this_year_is_stale, gate_count_open = EXCLUDED.gate_count_open, gate_discharge_cumec = EXCLUDED.gate_discharge_cumec, last_year_level_m = EXCLUDED.last_year_level_m, last_year_live_capacity_mcm = EXCLUDED.last_year_live_capacity_mcm, last_year_live_storage_percent = EXCLUDED.last_year_live_storage_percent, source_url = EXCLUDED.source_url, raw = EXCLUDED.raw, fetched_at = now();
INSERT INTO dams (dam_id, dam_name, state, district, river_basin, owner_agency, status, risk_class, safety_score, source_registry, source_record_id, source_publication_year, source_url, updated_at) VALUES ('MPWRD-10409', 'Barchar Tank', 'Madhya Pradesh', 'Sidhi', 'Chief Engineer Ganga Basin, Rewa', 'Madhya Pradesh Water Resources Department', 'operational'::dam_status, 'moderate'::risk_class, 48.00, 'MPWRD', '10409', 2026, 'https://eims1.mpwrd.gov.in/fcmreport/control/main', now()) ON CONFLICT (dam_id) DO UPDATE SET dam_name = EXCLUDED.dam_name, state = EXCLUDED.state, district = EXCLUDED.district, river_basin = EXCLUDED.river_basin, owner_agency = EXCLUDED.owner_agency, status = EXCLUDED.status, risk_class = EXCLUDED.risk_class, safety_score = EXCLUDED.safety_score, source_registry = EXCLUDED.source_registry, source_record_id = EXCLUDED.source_record_id, source_publication_year = EXCLUDED.source_publication_year, source_url = EXCLUDED.source_url, updated_at = now();
INSERT INTO dam_reservoir (dam_id, reservoir_name, live_storage_mcm, current_storage_mcm, frl_m, updated_at) VALUES ('MPWRD-10409', 'Barchar Tank', 16.56, 8.10, 376.10, now()) ON CONFLICT (dam_id) DO UPDATE SET reservoir_name = EXCLUDED.reservoir_name, live_storage_mcm = EXCLUDED.live_storage_mcm, current_storage_mcm = EXCLUDED.current_storage_mcm, frl_m = EXCLUDED.frl_m, updated_at = now();
INSERT INTO dam_engineering (dam_id, instrumentation, updated_at) VALUES ('MPWRD-10409', '{"basin_office": "Chief Engineer Ganga Basin, Rewa", "gate_count_open": null, "gate_discharge_cumec": null, "last_year_level_m": null, "last_year_live_capacity_mcm": null, "last_year_live_storage_percent": null, "mpwrd_reservoir_code": "10409", "reading_time": "08:00:00", "this_year_is_stale": true, "this_year_level_observed_date": "2025-09-25"}'::jsonb, now()) ON CONFLICT (dam_id) DO UPDATE SET instrumentation = EXCLUDED.instrumentation, updated_at = now();
INSERT INTO mpwrd_reservoir_levels (source_registry, report_date, reservoir_code, dam_id, basin_office, reservoir_name, reading_time, district, frl_m, live_capacity_at_frl_mcm, this_year_level_m, this_year_live_capacity_mcm, this_year_live_storage_percent, this_year_level_observed_date, this_year_is_stale, gate_count_open, gate_discharge_cumec, last_year_level_m, last_year_live_capacity_mcm, last_year_live_storage_percent, source_url, raw, fetched_at) VALUES ('MPWRD', '2026-05-25', '10409', 'MPWRD-10409', 'Chief Engineer Ganga Basin, Rewa', 'Barchar Tank', '08:00:00', 'Sidhi', 376.10, 16.56, 372.95, 8.10, 48, '2025-09-25', TRUE, NULL, NULL, NULL, NULL, NULL, 'https://eims1.mpwrd.gov.in/fcmreport/control/main', '{"district": "Sidhi", "frl_m": "376.10", "gate_count_open": "", "gate_discharge_cumec": "", "last_year_level_m": "", "last_year_live_capacity_mcm": "", "last_year_live_storage_percent": "", "live_capacity_at_frl_mcm": "16.56", "reservoir": "Barchar Tank [10409]", "serial": "101.", "this_year_level_m": "372.95*", "this_year_live_capacity_mcm": "8.10", "this_year_live_storage_percent": "48", "time": "08:00:00"}'::jsonb, now()) ON CONFLICT (source_registry, report_date, reservoir_code) DO UPDATE SET dam_id = EXCLUDED.dam_id, basin_office = EXCLUDED.basin_office, reservoir_name = EXCLUDED.reservoir_name, reading_time = EXCLUDED.reading_time, district = EXCLUDED.district, frl_m = EXCLUDED.frl_m, live_capacity_at_frl_mcm = EXCLUDED.live_capacity_at_frl_mcm, this_year_level_m = EXCLUDED.this_year_level_m, this_year_live_capacity_mcm = EXCLUDED.this_year_live_capacity_mcm, this_year_live_storage_percent = EXCLUDED.this_year_live_storage_percent, this_year_level_observed_date = EXCLUDED.this_year_level_observed_date, this_year_is_stale = EXCLUDED.this_year_is_stale, gate_count_open = EXCLUDED.gate_count_open, gate_discharge_cumec = EXCLUDED.gate_discharge_cumec, last_year_level_m = EXCLUDED.last_year_level_m, last_year_live_capacity_mcm = EXCLUDED.last_year_live_capacity_mcm, last_year_live_storage_percent = EXCLUDED.last_year_live_storage_percent, source_url = EXCLUDED.source_url, raw = EXCLUDED.raw, fetched_at = now();
INSERT INTO dams (dam_id, dam_name, state, district, river_basin, owner_agency, status, risk_class, safety_score, source_registry, source_record_id, source_publication_year, source_url, updated_at) VALUES ('MPWRD-10361', 'Bhaiswar Dam', 'Madhya Pradesh', 'Satna', 'Chief Engineer Ganga Basin, Rewa', 'Madhya Pradesh Water Resources Department', 'operational'::dam_status, 'low'::risk_class, 100.00, 'MPWRD', '10361', 2026, 'https://eims1.mpwrd.gov.in/fcmreport/control/main', now()) ON CONFLICT (dam_id) DO UPDATE SET dam_name = EXCLUDED.dam_name, state = EXCLUDED.state, district = EXCLUDED.district, river_basin = EXCLUDED.river_basin, owner_agency = EXCLUDED.owner_agency, status = EXCLUDED.status, risk_class = EXCLUDED.risk_class, safety_score = EXCLUDED.safety_score, source_registry = EXCLUDED.source_registry, source_record_id = EXCLUDED.source_record_id, source_publication_year = EXCLUDED.source_publication_year, source_url = EXCLUDED.source_url, updated_at = now();
INSERT INTO dam_reservoir (dam_id, reservoir_name, live_storage_mcm, current_storage_mcm, frl_m, updated_at) VALUES ('MPWRD-10361', 'Bhaiswar Dam', 9.39, 10.12, 124.08, now()) ON CONFLICT (dam_id) DO UPDATE SET reservoir_name = EXCLUDED.reservoir_name, live_storage_mcm = EXCLUDED.live_storage_mcm, current_storage_mcm = EXCLUDED.current_storage_mcm, frl_m = EXCLUDED.frl_m, updated_at = now();
INSERT INTO dam_engineering (dam_id, instrumentation, updated_at) VALUES ('MPWRD-10361', '{"basin_office": "Chief Engineer Ganga Basin, Rewa", "gate_count_open": null, "gate_discharge_cumec": null, "last_year_level_m": null, "last_year_live_capacity_mcm": null, "last_year_live_storage_percent": null, "mpwrd_reservoir_code": "10361", "reading_time": "08:00:00", "this_year_is_stale": true, "this_year_level_observed_date": "2025-09-25"}'::jsonb, now()) ON CONFLICT (dam_id) DO UPDATE SET instrumentation = EXCLUDED.instrumentation, updated_at = now();
INSERT INTO mpwrd_reservoir_levels (source_registry, report_date, reservoir_code, dam_id, basin_office, reservoir_name, reading_time, district, frl_m, live_capacity_at_frl_mcm, this_year_level_m, this_year_live_capacity_mcm, this_year_live_storage_percent, this_year_level_observed_date, this_year_is_stale, gate_count_open, gate_discharge_cumec, last_year_level_m, last_year_live_capacity_mcm, last_year_live_storage_percent, source_url, raw, fetched_at) VALUES ('MPWRD', '2026-05-25', '10361', 'MPWRD-10361', 'Chief Engineer Ganga Basin, Rewa', 'Bhaiswar Dam', '08:00:00', 'Satna', 124.08, 9.39, 124.08, 10.12, 100, '2025-09-25', TRUE, NULL, NULL, NULL, NULL, NULL, 'https://eims1.mpwrd.gov.in/fcmreport/control/main', '{"district": "Satna", "frl_m": "124.08", "gate_count_open": "", "gate_discharge_cumec": "", "last_year_level_m": "", "last_year_live_capacity_mcm": "", "last_year_live_storage_percent": "", "live_capacity_at_frl_mcm": "9.39", "reservoir": "Bhaiswar Dam [10361]", "serial": "102.", "this_year_level_m": "124.08 *", "this_year_live_capacity_mcm": "10.12", "this_year_live_storage_percent": "100", "time": "08:00:00"}'::jsonb, now()) ON CONFLICT (source_registry, report_date, reservoir_code) DO UPDATE SET dam_id = EXCLUDED.dam_id, basin_office = EXCLUDED.basin_office, reservoir_name = EXCLUDED.reservoir_name, reading_time = EXCLUDED.reading_time, district = EXCLUDED.district, frl_m = EXCLUDED.frl_m, live_capacity_at_frl_mcm = EXCLUDED.live_capacity_at_frl_mcm, this_year_level_m = EXCLUDED.this_year_level_m, this_year_live_capacity_mcm = EXCLUDED.this_year_live_capacity_mcm, this_year_live_storage_percent = EXCLUDED.this_year_live_storage_percent, this_year_level_observed_date = EXCLUDED.this_year_level_observed_date, this_year_is_stale = EXCLUDED.this_year_is_stale, gate_count_open = EXCLUDED.gate_count_open, gate_discharge_cumec = EXCLUDED.gate_discharge_cumec, last_year_level_m = EXCLUDED.last_year_level_m, last_year_live_capacity_mcm = EXCLUDED.last_year_live_capacity_mcm, last_year_live_storage_percent = EXCLUDED.last_year_live_storage_percent, source_url = EXCLUDED.source_url, raw = EXCLUDED.raw, fetched_at = now();
INSERT INTO dams (dam_id, dam_name, state, district, river_basin, owner_agency, status, risk_class, safety_score, source_registry, source_record_id, source_publication_year, source_url, updated_at) VALUES ('MPWRD-10414', 'Bisaindha Tank', 'Madhya Pradesh', 'Sidhi', 'Chief Engineer Ganga Basin, Rewa', 'Madhya Pradesh Water Resources Department', 'operational'::dam_status, 'low'::risk_class, 100.00, 'MPWRD', '10414', 2026, 'https://eims1.mpwrd.gov.in/fcmreport/control/main', now()) ON CONFLICT (dam_id) DO UPDATE SET dam_name = EXCLUDED.dam_name, state = EXCLUDED.state, district = EXCLUDED.district, river_basin = EXCLUDED.river_basin, owner_agency = EXCLUDED.owner_agency, status = EXCLUDED.status, risk_class = EXCLUDED.risk_class, safety_score = EXCLUDED.safety_score, source_registry = EXCLUDED.source_registry, source_record_id = EXCLUDED.source_record_id, source_publication_year = EXCLUDED.source_publication_year, source_url = EXCLUDED.source_url, updated_at = now();
INSERT INTO dam_reservoir (dam_id, reservoir_name, live_storage_mcm, current_storage_mcm, frl_m, updated_at) VALUES ('MPWRD-10414', 'Bisaindha Tank', 5.97, 5.97, 113.40, now()) ON CONFLICT (dam_id) DO UPDATE SET reservoir_name = EXCLUDED.reservoir_name, live_storage_mcm = EXCLUDED.live_storage_mcm, current_storage_mcm = EXCLUDED.current_storage_mcm, frl_m = EXCLUDED.frl_m, updated_at = now();
INSERT INTO dam_engineering (dam_id, instrumentation, updated_at) VALUES ('MPWRD-10414', '{"basin_office": "Chief Engineer Ganga Basin, Rewa", "gate_count_open": null, "gate_discharge_cumec": null, "last_year_level_m": null, "last_year_live_capacity_mcm": null, "last_year_live_storage_percent": null, "mpwrd_reservoir_code": "10414", "reading_time": "08:00:00", "this_year_is_stale": true, "this_year_level_observed_date": "2025-09-25"}'::jsonb, now()) ON CONFLICT (dam_id) DO UPDATE SET instrumentation = EXCLUDED.instrumentation, updated_at = now();
INSERT INTO mpwrd_reservoir_levels (source_registry, report_date, reservoir_code, dam_id, basin_office, reservoir_name, reading_time, district, frl_m, live_capacity_at_frl_mcm, this_year_level_m, this_year_live_capacity_mcm, this_year_live_storage_percent, this_year_level_observed_date, this_year_is_stale, gate_count_open, gate_discharge_cumec, last_year_level_m, last_year_live_capacity_mcm, last_year_live_storage_percent, source_url, raw, fetched_at) VALUES ('MPWRD', '2026-05-25', '10414', 'MPWRD-10414', 'Chief Engineer Ganga Basin, Rewa', 'Bisaindha Tank', '08:00:00', 'Sidhi', 113.40, 5.97, 113.40, 5.97, 100, '2025-09-25', TRUE, NULL, NULL, NULL, NULL, NULL, 'https://eims1.mpwrd.gov.in/fcmreport/control/main', '{"district": "Sidhi", "frl_m": "113.40", "gate_count_open": "", "gate_discharge_cumec": "", "last_year_level_m": "", "last_year_live_capacity_mcm": "", "last_year_live_storage_percent": "", "live_capacity_at_frl_mcm": "5.97", "reservoir": "Bisaindha Tank [10414]", "serial": "103.", "this_year_level_m": "113.40 *", "this_year_live_capacity_mcm": "5.97", "this_year_live_storage_percent": "100", "time": "08:00:00"}'::jsonb, now()) ON CONFLICT (source_registry, report_date, reservoir_code) DO UPDATE SET dam_id = EXCLUDED.dam_id, basin_office = EXCLUDED.basin_office, reservoir_name = EXCLUDED.reservoir_name, reading_time = EXCLUDED.reading_time, district = EXCLUDED.district, frl_m = EXCLUDED.frl_m, live_capacity_at_frl_mcm = EXCLUDED.live_capacity_at_frl_mcm, this_year_level_m = EXCLUDED.this_year_level_m, this_year_live_capacity_mcm = EXCLUDED.this_year_live_capacity_mcm, this_year_live_storage_percent = EXCLUDED.this_year_live_storage_percent, this_year_level_observed_date = EXCLUDED.this_year_level_observed_date, this_year_is_stale = EXCLUDED.this_year_is_stale, gate_count_open = EXCLUDED.gate_count_open, gate_discharge_cumec = EXCLUDED.gate_discharge_cumec, last_year_level_m = EXCLUDED.last_year_level_m, last_year_live_capacity_mcm = EXCLUDED.last_year_live_capacity_mcm, last_year_live_storage_percent = EXCLUDED.last_year_live_storage_percent, source_url = EXCLUDED.source_url, raw = EXCLUDED.raw, fetched_at = now();
INSERT INTO dams (dam_id, dam_name, state, district, river_basin, owner_agency, status, risk_class, safety_score, source_registry, source_record_id, source_publication_year, source_url, updated_at) VALUES ('MPWRD-10350', 'Gurma Tank', 'Madhya Pradesh', 'Rewa', 'Chief Engineer Ganga Basin, Rewa', 'Madhya Pradesh Water Resources Department', 'operational'::dam_status, 'low'::risk_class, 99.00, 'MPWRD', '10350', 2026, 'https://eims1.mpwrd.gov.in/fcmreport/control/main', now()) ON CONFLICT (dam_id) DO UPDATE SET dam_name = EXCLUDED.dam_name, state = EXCLUDED.state, district = EXCLUDED.district, river_basin = EXCLUDED.river_basin, owner_agency = EXCLUDED.owner_agency, status = EXCLUDED.status, risk_class = EXCLUDED.risk_class, safety_score = EXCLUDED.safety_score, source_registry = EXCLUDED.source_registry, source_record_id = EXCLUDED.source_record_id, source_publication_year = EXCLUDED.source_publication_year, source_url = EXCLUDED.source_url, updated_at = now();
INSERT INTO dam_reservoir (dam_id, reservoir_name, live_storage_mcm, current_storage_mcm, frl_m, updated_at) VALUES ('MPWRD-10350', 'Gurma Tank', 36.09, 35.84, 324.91, now()) ON CONFLICT (dam_id) DO UPDATE SET reservoir_name = EXCLUDED.reservoir_name, live_storage_mcm = EXCLUDED.live_storage_mcm, current_storage_mcm = EXCLUDED.current_storage_mcm, frl_m = EXCLUDED.frl_m, updated_at = now();
INSERT INTO dam_engineering (dam_id, instrumentation, updated_at) VALUES ('MPWRD-10350', '{"basin_office": "Chief Engineer Ganga Basin, Rewa", "gate_count_open": null, "gate_discharge_cumec": null, "last_year_level_m": null, "last_year_live_capacity_mcm": null, "last_year_live_storage_percent": null, "mpwrd_reservoir_code": "10350", "reading_time": "08:00:00", "this_year_is_stale": true, "this_year_level_observed_date": "2025-09-25"}'::jsonb, now()) ON CONFLICT (dam_id) DO UPDATE SET instrumentation = EXCLUDED.instrumentation, updated_at = now();
INSERT INTO mpwrd_reservoir_levels (source_registry, report_date, reservoir_code, dam_id, basin_office, reservoir_name, reading_time, district, frl_m, live_capacity_at_frl_mcm, this_year_level_m, this_year_live_capacity_mcm, this_year_live_storage_percent, this_year_level_observed_date, this_year_is_stale, gate_count_open, gate_discharge_cumec, last_year_level_m, last_year_live_capacity_mcm, last_year_live_storage_percent, source_url, raw, fetched_at) VALUES ('MPWRD', '2026-05-25', '10350', 'MPWRD-10350', 'Chief Engineer Ganga Basin, Rewa', 'Gurma Tank', '08:00:00', 'Rewa', 324.91, 36.09, 324.86, 35.84, 99, '2025-09-25', TRUE, NULL, NULL, NULL, NULL, NULL, 'https://eims1.mpwrd.gov.in/fcmreport/control/main', '{"district": "Rewa", "frl_m": "324.91", "gate_count_open": "", "gate_discharge_cumec": "", "last_year_level_m": "", "last_year_live_capacity_mcm": "", "last_year_live_storage_percent": "", "live_capacity_at_frl_mcm": "36.09", "reservoir": "Gurma Tank [10350]", "serial": "104.", "this_year_level_m": "324.86*", "this_year_live_capacity_mcm": "35.84", "this_year_live_storage_percent": "99", "time": "08:00:00"}'::jsonb, now()) ON CONFLICT (source_registry, report_date, reservoir_code) DO UPDATE SET dam_id = EXCLUDED.dam_id, basin_office = EXCLUDED.basin_office, reservoir_name = EXCLUDED.reservoir_name, reading_time = EXCLUDED.reading_time, district = EXCLUDED.district, frl_m = EXCLUDED.frl_m, live_capacity_at_frl_mcm = EXCLUDED.live_capacity_at_frl_mcm, this_year_level_m = EXCLUDED.this_year_level_m, this_year_live_capacity_mcm = EXCLUDED.this_year_live_capacity_mcm, this_year_live_storage_percent = EXCLUDED.this_year_live_storage_percent, this_year_level_observed_date = EXCLUDED.this_year_level_observed_date, this_year_is_stale = EXCLUDED.this_year_is_stale, gate_count_open = EXCLUDED.gate_count_open, gate_discharge_cumec = EXCLUDED.gate_discharge_cumec, last_year_level_m = EXCLUDED.last_year_level_m, last_year_live_capacity_mcm = EXCLUDED.last_year_live_capacity_mcm, last_year_live_storage_percent = EXCLUDED.last_year_live_storage_percent, source_url = EXCLUDED.source_url, raw = EXCLUDED.raw, fetched_at = now();
INSERT INTO dams (dam_id, dam_name, state, district, river_basin, owner_agency, status, risk_class, safety_score, source_registry, source_record_id, source_publication_year, source_url, updated_at) VALUES ('MPWRD-10351', 'Jarmora Tank', 'Madhya Pradesh', 'Rewa', 'Chief Engineer Ganga Basin, Rewa', 'Madhya Pradesh Water Resources Department', 'operational'::dam_status, 'moderate'::risk_class, 43.00, 'MPWRD', '10351', 2026, 'https://eims1.mpwrd.gov.in/fcmreport/control/main', now()) ON CONFLICT (dam_id) DO UPDATE SET dam_name = EXCLUDED.dam_name, state = EXCLUDED.state, district = EXCLUDED.district, river_basin = EXCLUDED.river_basin, owner_agency = EXCLUDED.owner_agency, status = EXCLUDED.status, risk_class = EXCLUDED.risk_class, safety_score = EXCLUDED.safety_score, source_registry = EXCLUDED.source_registry, source_record_id = EXCLUDED.source_record_id, source_publication_year = EXCLUDED.source_publication_year, source_url = EXCLUDED.source_url, updated_at = now();
INSERT INTO dam_reservoir (dam_id, reservoir_name, live_storage_mcm, current_storage_mcm, frl_m, updated_at) VALUES ('MPWRD-10351', 'Jarmora Tank', 17.53, 7.54, 339.54, now()) ON CONFLICT (dam_id) DO UPDATE SET reservoir_name = EXCLUDED.reservoir_name, live_storage_mcm = EXCLUDED.live_storage_mcm, current_storage_mcm = EXCLUDED.current_storage_mcm, frl_m = EXCLUDED.frl_m, updated_at = now();
INSERT INTO dam_engineering (dam_id, instrumentation, updated_at) VALUES ('MPWRD-10351', '{"basin_office": "Chief Engineer Ganga Basin, Rewa", "gate_count_open": null, "gate_discharge_cumec": null, "last_year_level_m": null, "last_year_live_capacity_mcm": null, "last_year_live_storage_percent": null, "mpwrd_reservoir_code": "10351", "reading_time": "08:00:00", "this_year_is_stale": true, "this_year_level_observed_date": "2025-09-25"}'::jsonb, now()) ON CONFLICT (dam_id) DO UPDATE SET instrumentation = EXCLUDED.instrumentation, updated_at = now();
INSERT INTO mpwrd_reservoir_levels (source_registry, report_date, reservoir_code, dam_id, basin_office, reservoir_name, reading_time, district, frl_m, live_capacity_at_frl_mcm, this_year_level_m, this_year_live_capacity_mcm, this_year_live_storage_percent, this_year_level_observed_date, this_year_is_stale, gate_count_open, gate_discharge_cumec, last_year_level_m, last_year_live_capacity_mcm, last_year_live_storage_percent, source_url, raw, fetched_at) VALUES ('MPWRD', '2026-05-25', '10351', 'MPWRD-10351', 'Chief Engineer Ganga Basin, Rewa', 'Jarmora Tank', '08:00:00', 'Rewa', 339.54, 17.53, 336.74, 7.54, 43, '2025-09-25', TRUE, NULL, NULL, NULL, NULL, NULL, 'https://eims1.mpwrd.gov.in/fcmreport/control/main', '{"district": "Rewa", "frl_m": "339.54", "gate_count_open": "", "gate_discharge_cumec": "", "last_year_level_m": "", "last_year_live_capacity_mcm": "", "last_year_live_storage_percent": "", "live_capacity_at_frl_mcm": "17.53", "reservoir": "Jarmora Tank [10351]", "serial": "105.", "this_year_level_m": "336.74*", "this_year_live_capacity_mcm": "7.54", "this_year_live_storage_percent": "43", "time": "08:00:00"}'::jsonb, now()) ON CONFLICT (source_registry, report_date, reservoir_code) DO UPDATE SET dam_id = EXCLUDED.dam_id, basin_office = EXCLUDED.basin_office, reservoir_name = EXCLUDED.reservoir_name, reading_time = EXCLUDED.reading_time, district = EXCLUDED.district, frl_m = EXCLUDED.frl_m, live_capacity_at_frl_mcm = EXCLUDED.live_capacity_at_frl_mcm, this_year_level_m = EXCLUDED.this_year_level_m, this_year_live_capacity_mcm = EXCLUDED.this_year_live_capacity_mcm, this_year_live_storage_percent = EXCLUDED.this_year_live_storage_percent, this_year_level_observed_date = EXCLUDED.this_year_level_observed_date, this_year_is_stale = EXCLUDED.this_year_is_stale, gate_count_open = EXCLUDED.gate_count_open, gate_discharge_cumec = EXCLUDED.gate_discharge_cumec, last_year_level_m = EXCLUDED.last_year_level_m, last_year_live_capacity_mcm = EXCLUDED.last_year_live_capacity_mcm, last_year_live_storage_percent = EXCLUDED.last_year_live_storage_percent, source_url = EXCLUDED.source_url, raw = EXCLUDED.raw, fetched_at = now();
INSERT INTO dams (dam_id, dam_name, state, district, river_basin, owner_agency, status, risk_class, safety_score, source_registry, source_record_id, source_publication_year, source_url, updated_at) VALUES ('MPWRD-10457', 'Johila Dam', 'Madhya Pradesh', 'Anuppur', 'Chief Engineer Ganga Basin, Rewa', 'Madhya Pradesh Water Resources Department', 'operational'::dam_status, 'low'::risk_class, 100.00, 'MPWRD', '10457', 2026, 'https://eims1.mpwrd.gov.in/fcmreport/control/main', now()) ON CONFLICT (dam_id) DO UPDATE SET dam_name = EXCLUDED.dam_name, state = EXCLUDED.state, district = EXCLUDED.district, river_basin = EXCLUDED.river_basin, owner_agency = EXCLUDED.owner_agency, status = EXCLUDED.status, risk_class = EXCLUDED.risk_class, safety_score = EXCLUDED.safety_score, source_registry = EXCLUDED.source_registry, source_record_id = EXCLUDED.source_record_id, source_publication_year = EXCLUDED.source_publication_year, source_url = EXCLUDED.source_url, updated_at = now();
INSERT INTO dam_reservoir (dam_id, reservoir_name, live_storage_mcm, current_storage_mcm, frl_m, updated_at) VALUES ('MPWRD-10457', 'Johila Dam', 7.99, 8.01, 47.56, now()) ON CONFLICT (dam_id) DO UPDATE SET reservoir_name = EXCLUDED.reservoir_name, live_storage_mcm = EXCLUDED.live_storage_mcm, current_storage_mcm = EXCLUDED.current_storage_mcm, frl_m = EXCLUDED.frl_m, updated_at = now();
INSERT INTO dam_engineering (dam_id, instrumentation, updated_at) VALUES ('MPWRD-10457', '{"basin_office": "Chief Engineer Ganga Basin, Rewa", "gate_count_open": null, "gate_discharge_cumec": null, "last_year_level_m": null, "last_year_live_capacity_mcm": null, "last_year_live_storage_percent": null, "mpwrd_reservoir_code": "10457", "reading_time": "08:00:00", "this_year_is_stale": true, "this_year_level_observed_date": "2025-09-25"}'::jsonb, now()) ON CONFLICT (dam_id) DO UPDATE SET instrumentation = EXCLUDED.instrumentation, updated_at = now();
INSERT INTO mpwrd_reservoir_levels (source_registry, report_date, reservoir_code, dam_id, basin_office, reservoir_name, reading_time, district, frl_m, live_capacity_at_frl_mcm, this_year_level_m, this_year_live_capacity_mcm, this_year_live_storage_percent, this_year_level_observed_date, this_year_is_stale, gate_count_open, gate_discharge_cumec, last_year_level_m, last_year_live_capacity_mcm, last_year_live_storage_percent, source_url, raw, fetched_at) VALUES ('MPWRD', '2026-05-25', '10457', 'MPWRD-10457', 'Chief Engineer Ganga Basin, Rewa', 'Johila Dam', '08:00:00', 'Anuppur', 47.56, 7.99, 47.56, 8.01, 100, '2025-09-25', TRUE, NULL, NULL, NULL, NULL, NULL, 'https://eims1.mpwrd.gov.in/fcmreport/control/main', '{"district": "Anuppur", "frl_m": "47.56", "gate_count_open": "", "gate_discharge_cumec": "", "last_year_level_m": "", "last_year_live_capacity_mcm": "", "last_year_live_storage_percent": "", "live_capacity_at_frl_mcm": "7.99", "reservoir": "Johila Dam [10457]", "serial": "106.", "this_year_level_m": "47.56 *", "this_year_live_capacity_mcm": "8.01", "this_year_live_storage_percent": "100", "time": "08:00:00"}'::jsonb, now()) ON CONFLICT (source_registry, report_date, reservoir_code) DO UPDATE SET dam_id = EXCLUDED.dam_id, basin_office = EXCLUDED.basin_office, reservoir_name = EXCLUDED.reservoir_name, reading_time = EXCLUDED.reading_time, district = EXCLUDED.district, frl_m = EXCLUDED.frl_m, live_capacity_at_frl_mcm = EXCLUDED.live_capacity_at_frl_mcm, this_year_level_m = EXCLUDED.this_year_level_m, this_year_live_capacity_mcm = EXCLUDED.this_year_live_capacity_mcm, this_year_live_storage_percent = EXCLUDED.this_year_live_storage_percent, this_year_level_observed_date = EXCLUDED.this_year_level_observed_date, this_year_is_stale = EXCLUDED.this_year_is_stale, gate_count_open = EXCLUDED.gate_count_open, gate_discharge_cumec = EXCLUDED.gate_discharge_cumec, last_year_level_m = EXCLUDED.last_year_level_m, last_year_live_capacity_mcm = EXCLUDED.last_year_live_capacity_mcm, last_year_live_storage_percent = EXCLUDED.last_year_live_storage_percent, source_url = EXCLUDED.source_url, raw = EXCLUDED.raw, fetched_at = now();
INSERT INTO dams (dam_id, dam_name, state, district, river_basin, owner_agency, status, risk_class, safety_score, source_registry, source_record_id, source_publication_year, source_url, updated_at) VALUES ('MPWRD-10410', 'Kanchan Dam', 'Madhya Pradesh', 'Singroli', 'Chief Engineer Ganga Basin, Rewa', 'Madhya Pradesh Water Resources Department', 'operational'::dam_status, 'low'::risk_class, 69.00, 'MPWRD', '10410', 2026, 'https://eims1.mpwrd.gov.in/fcmreport/control/main', now()) ON CONFLICT (dam_id) DO UPDATE SET dam_name = EXCLUDED.dam_name, state = EXCLUDED.state, district = EXCLUDED.district, river_basin = EXCLUDED.river_basin, owner_agency = EXCLUDED.owner_agency, status = EXCLUDED.status, risk_class = EXCLUDED.risk_class, safety_score = EXCLUDED.safety_score, source_registry = EXCLUDED.source_registry, source_record_id = EXCLUDED.source_record_id, source_publication_year = EXCLUDED.source_publication_year, source_url = EXCLUDED.source_url, updated_at = now();
INSERT INTO dam_reservoir (dam_id, reservoir_name, live_storage_mcm, current_storage_mcm, frl_m, updated_at) VALUES ('MPWRD-10410', 'Kanchan Dam', 25.41, 17.60, 347.77, now()) ON CONFLICT (dam_id) DO UPDATE SET reservoir_name = EXCLUDED.reservoir_name, live_storage_mcm = EXCLUDED.live_storage_mcm, current_storage_mcm = EXCLUDED.current_storage_mcm, frl_m = EXCLUDED.frl_m, updated_at = now();
INSERT INTO dam_engineering (dam_id, instrumentation, updated_at) VALUES ('MPWRD-10410', '{"basin_office": "Chief Engineer Ganga Basin, Rewa", "gate_count_open": null, "gate_discharge_cumec": null, "last_year_level_m": null, "last_year_live_capacity_mcm": null, "last_year_live_storage_percent": null, "mpwrd_reservoir_code": "10410", "reading_time": "08:00:00", "this_year_is_stale": true, "this_year_level_observed_date": "2025-09-25"}'::jsonb, now()) ON CONFLICT (dam_id) DO UPDATE SET instrumentation = EXCLUDED.instrumentation, updated_at = now();
INSERT INTO mpwrd_reservoir_levels (source_registry, report_date, reservoir_code, dam_id, basin_office, reservoir_name, reading_time, district, frl_m, live_capacity_at_frl_mcm, this_year_level_m, this_year_live_capacity_mcm, this_year_live_storage_percent, this_year_level_observed_date, this_year_is_stale, gate_count_open, gate_discharge_cumec, last_year_level_m, last_year_live_capacity_mcm, last_year_live_storage_percent, source_url, raw, fetched_at) VALUES ('MPWRD', '2026-05-25', '10410', 'MPWRD-10410', 'Chief Engineer Ganga Basin, Rewa', 'Kanchan Dam', '08:00:00', 'Singroli', 347.77, 25.41, 345.48, 17.60, 69, '2025-09-25', TRUE, NULL, NULL, NULL, NULL, NULL, 'https://eims1.mpwrd.gov.in/fcmreport/control/main', '{"district": "Singroli", "frl_m": "347.77", "gate_count_open": "", "gate_discharge_cumec": "", "last_year_level_m": "", "last_year_live_capacity_mcm": "", "last_year_live_storage_percent": "", "live_capacity_at_frl_mcm": "25.41", "reservoir": "Kanchan Dam [10410]", "serial": "107.", "this_year_level_m": "345.48*", "this_year_live_capacity_mcm": "17.60", "this_year_live_storage_percent": "69", "time": "08:00:00"}'::jsonb, now()) ON CONFLICT (source_registry, report_date, reservoir_code) DO UPDATE SET dam_id = EXCLUDED.dam_id, basin_office = EXCLUDED.basin_office, reservoir_name = EXCLUDED.reservoir_name, reading_time = EXCLUDED.reading_time, district = EXCLUDED.district, frl_m = EXCLUDED.frl_m, live_capacity_at_frl_mcm = EXCLUDED.live_capacity_at_frl_mcm, this_year_level_m = EXCLUDED.this_year_level_m, this_year_live_capacity_mcm = EXCLUDED.this_year_live_capacity_mcm, this_year_live_storage_percent = EXCLUDED.this_year_live_storage_percent, this_year_level_observed_date = EXCLUDED.this_year_level_observed_date, this_year_is_stale = EXCLUDED.this_year_is_stale, gate_count_open = EXCLUDED.gate_count_open, gate_discharge_cumec = EXCLUDED.gate_discharge_cumec, last_year_level_m = EXCLUDED.last_year_level_m, last_year_live_capacity_mcm = EXCLUDED.last_year_live_capacity_mcm, last_year_live_storage_percent = EXCLUDED.last_year_live_storage_percent, source_url = EXCLUDED.source_url, raw = EXCLUDED.raw, fetched_at = now();
INSERT INTO dams (dam_id, dam_name, state, district, river_basin, owner_agency, status, risk_class, safety_score, source_registry, source_record_id, source_publication_year, source_url, updated_at) VALUES ('MPWRD-10360', 'Kulgarhi Tank', 'Madhya Pradesh', 'Satna', 'Chief Engineer Ganga Basin, Rewa', 'Madhya Pradesh Water Resources Department', 'operational'::dam_status, 'low'::risk_class, 99.00, 'MPWRD', '10360', 2026, 'https://eims1.mpwrd.gov.in/fcmreport/control/main', now()) ON CONFLICT (dam_id) DO UPDATE SET dam_name = EXCLUDED.dam_name, state = EXCLUDED.state, district = EXCLUDED.district, river_basin = EXCLUDED.river_basin, owner_agency = EXCLUDED.owner_agency, status = EXCLUDED.status, risk_class = EXCLUDED.risk_class, safety_score = EXCLUDED.safety_score, source_registry = EXCLUDED.source_registry, source_record_id = EXCLUDED.source_record_id, source_publication_year = EXCLUDED.source_publication_year, source_url = EXCLUDED.source_url, updated_at = now();
INSERT INTO dam_reservoir (dam_id, reservoir_name, live_storage_mcm, current_storage_mcm, frl_m, updated_at) VALUES ('MPWRD-10360', 'Kulgarhi Tank', 8.66, 8.65, 347.00, now()) ON CONFLICT (dam_id) DO UPDATE SET reservoir_name = EXCLUDED.reservoir_name, live_storage_mcm = EXCLUDED.live_storage_mcm, current_storage_mcm = EXCLUDED.current_storage_mcm, frl_m = EXCLUDED.frl_m, updated_at = now();
INSERT INTO dam_engineering (dam_id, instrumentation, updated_at) VALUES ('MPWRD-10360', '{"basin_office": "Chief Engineer Ganga Basin, Rewa", "gate_count_open": null, "gate_discharge_cumec": null, "last_year_level_m": null, "last_year_live_capacity_mcm": null, "last_year_live_storage_percent": null, "mpwrd_reservoir_code": "10360", "reading_time": "08:00:00", "this_year_is_stale": true, "this_year_level_observed_date": "2025-09-25"}'::jsonb, now()) ON CONFLICT (dam_id) DO UPDATE SET instrumentation = EXCLUDED.instrumentation, updated_at = now();
INSERT INTO mpwrd_reservoir_levels (source_registry, report_date, reservoir_code, dam_id, basin_office, reservoir_name, reading_time, district, frl_m, live_capacity_at_frl_mcm, this_year_level_m, this_year_live_capacity_mcm, this_year_live_storage_percent, this_year_level_observed_date, this_year_is_stale, gate_count_open, gate_discharge_cumec, last_year_level_m, last_year_live_capacity_mcm, last_year_live_storage_percent, source_url, raw, fetched_at) VALUES ('MPWRD', '2026-05-25', '10360', 'MPWRD-10360', 'Chief Engineer Ganga Basin, Rewa', 'Kulgarhi Tank', '08:00:00', 'Satna', 347.00, 8.66, 347.00, 8.65, 99, '2025-09-25', TRUE, NULL, NULL, NULL, NULL, NULL, 'https://eims1.mpwrd.gov.in/fcmreport/control/main', '{"district": "Satna", "frl_m": "347.00", "gate_count_open": "", "gate_discharge_cumec": "", "last_year_level_m": "", "last_year_live_capacity_mcm": "", "last_year_live_storage_percent": "", "live_capacity_at_frl_mcm": "8.66", "reservoir": "Kulgarhi Tank [10360]", "serial": "108.", "this_year_level_m": "347.00 *", "this_year_live_capacity_mcm": "8.65", "this_year_live_storage_percent": "99", "time": "08:00:00"}'::jsonb, now()) ON CONFLICT (source_registry, report_date, reservoir_code) DO UPDATE SET dam_id = EXCLUDED.dam_id, basin_office = EXCLUDED.basin_office, reservoir_name = EXCLUDED.reservoir_name, reading_time = EXCLUDED.reading_time, district = EXCLUDED.district, frl_m = EXCLUDED.frl_m, live_capacity_at_frl_mcm = EXCLUDED.live_capacity_at_frl_mcm, this_year_level_m = EXCLUDED.this_year_level_m, this_year_live_capacity_mcm = EXCLUDED.this_year_live_capacity_mcm, this_year_live_storage_percent = EXCLUDED.this_year_live_storage_percent, this_year_level_observed_date = EXCLUDED.this_year_level_observed_date, this_year_is_stale = EXCLUDED.this_year_is_stale, gate_count_open = EXCLUDED.gate_count_open, gate_discharge_cumec = EXCLUDED.gate_discharge_cumec, last_year_level_m = EXCLUDED.last_year_level_m, last_year_live_capacity_mcm = EXCLUDED.last_year_live_capacity_mcm, last_year_live_storage_percent = EXCLUDED.last_year_live_storage_percent, source_url = EXCLUDED.source_url, raw = EXCLUDED.raw, fetched_at = now();
INSERT INTO dams (dam_id, dam_name, state, district, river_basin, owner_agency, status, risk_class, safety_score, source_registry, source_record_id, source_publication_year, source_url, updated_at) VALUES ('MPWRD-10366', 'Lilgee Tank', 'Madhya Pradesh', 'Satna', 'Chief Engineer Ganga Basin, Rewa', 'Madhya Pradesh Water Resources Department', 'operational'::dam_status, 'low'::risk_class, 100.00, 'MPWRD', '10366', 2026, 'https://eims1.mpwrd.gov.in/fcmreport/control/main', now()) ON CONFLICT (dam_id) DO UPDATE SET dam_name = EXCLUDED.dam_name, state = EXCLUDED.state, district = EXCLUDED.district, river_basin = EXCLUDED.river_basin, owner_agency = EXCLUDED.owner_agency, status = EXCLUDED.status, risk_class = EXCLUDED.risk_class, safety_score = EXCLUDED.safety_score, source_registry = EXCLUDED.source_registry, source_record_id = EXCLUDED.source_record_id, source_publication_year = EXCLUDED.source_publication_year, source_url = EXCLUDED.source_url, updated_at = now();
INSERT INTO dam_reservoir (dam_id, reservoir_name, live_storage_mcm, current_storage_mcm, frl_m, updated_at) VALUES ('MPWRD-10366', 'Lilgee Tank', 2.20, 2.20, 354.92, now()) ON CONFLICT (dam_id) DO UPDATE SET reservoir_name = EXCLUDED.reservoir_name, live_storage_mcm = EXCLUDED.live_storage_mcm, current_storage_mcm = EXCLUDED.current_storage_mcm, frl_m = EXCLUDED.frl_m, updated_at = now();
INSERT INTO dam_engineering (dam_id, instrumentation, updated_at) VALUES ('MPWRD-10366', '{"basin_office": "Chief Engineer Ganga Basin, Rewa", "gate_count_open": null, "gate_discharge_cumec": null, "last_year_level_m": null, "last_year_live_capacity_mcm": null, "last_year_live_storage_percent": null, "mpwrd_reservoir_code": "10366", "reading_time": "08:00:00", "this_year_is_stale": true, "this_year_level_observed_date": "2025-09-25"}'::jsonb, now()) ON CONFLICT (dam_id) DO UPDATE SET instrumentation = EXCLUDED.instrumentation, updated_at = now();
INSERT INTO mpwrd_reservoir_levels (source_registry, report_date, reservoir_code, dam_id, basin_office, reservoir_name, reading_time, district, frl_m, live_capacity_at_frl_mcm, this_year_level_m, this_year_live_capacity_mcm, this_year_live_storage_percent, this_year_level_observed_date, this_year_is_stale, gate_count_open, gate_discharge_cumec, last_year_level_m, last_year_live_capacity_mcm, last_year_live_storage_percent, source_url, raw, fetched_at) VALUES ('MPWRD', '2026-05-25', '10366', 'MPWRD-10366', 'Chief Engineer Ganga Basin, Rewa', 'Lilgee Tank', '08:00:00', 'Satna', 354.92, 2.20, 354.92, 2.20, 100, '2025-09-25', TRUE, NULL, NULL, NULL, NULL, NULL, 'https://eims1.mpwrd.gov.in/fcmreport/control/main', '{"district": "Satna", "frl_m": "354.92", "gate_count_open": "", "gate_discharge_cumec": "", "last_year_level_m": "", "last_year_live_capacity_mcm": "", "last_year_live_storage_percent": "", "live_capacity_at_frl_mcm": "2.20", "reservoir": "Lilgee Tank [10366]", "serial": "109.", "this_year_level_m": "354.92 *", "this_year_live_capacity_mcm": "2.20", "this_year_live_storage_percent": "100", "time": "08:00:00"}'::jsonb, now()) ON CONFLICT (source_registry, report_date, reservoir_code) DO UPDATE SET dam_id = EXCLUDED.dam_id, basin_office = EXCLUDED.basin_office, reservoir_name = EXCLUDED.reservoir_name, reading_time = EXCLUDED.reading_time, district = EXCLUDED.district, frl_m = EXCLUDED.frl_m, live_capacity_at_frl_mcm = EXCLUDED.live_capacity_at_frl_mcm, this_year_level_m = EXCLUDED.this_year_level_m, this_year_live_capacity_mcm = EXCLUDED.this_year_live_capacity_mcm, this_year_live_storage_percent = EXCLUDED.this_year_live_storage_percent, this_year_level_observed_date = EXCLUDED.this_year_level_observed_date, this_year_is_stale = EXCLUDED.this_year_is_stale, gate_count_open = EXCLUDED.gate_count_open, gate_discharge_cumec = EXCLUDED.gate_discharge_cumec, last_year_level_m = EXCLUDED.last_year_level_m, last_year_live_capacity_mcm = EXCLUDED.last_year_live_capacity_mcm, last_year_live_storage_percent = EXCLUDED.last_year_live_storage_percent, source_url = EXCLUDED.source_url, raw = EXCLUDED.raw, fetched_at = now();
INSERT INTO dams (dam_id, dam_name, state, district, river_basin, owner_agency, status, risk_class, safety_score, source_registry, source_record_id, source_publication_year, source_url, updated_at) VALUES ('MPWRD-10407', 'Mahan Dam', 'Madhya Pradesh', 'Sidhi', 'Chief Engineer Ganga Basin, Rewa', 'Madhya Pradesh Water Resources Department', 'operational'::dam_status, 'low'::risk_class, 94.00, 'MPWRD', '10407', 2026, 'https://eims1.mpwrd.gov.in/fcmreport/control/main', now()) ON CONFLICT (dam_id) DO UPDATE SET dam_name = EXCLUDED.dam_name, state = EXCLUDED.state, district = EXCLUDED.district, river_basin = EXCLUDED.river_basin, owner_agency = EXCLUDED.owner_agency, status = EXCLUDED.status, risk_class = EXCLUDED.risk_class, safety_score = EXCLUDED.safety_score, source_registry = EXCLUDED.source_registry, source_record_id = EXCLUDED.source_record_id, source_publication_year = EXCLUDED.source_publication_year, source_url = EXCLUDED.source_url, updated_at = now();
INSERT INTO dam_reservoir (dam_id, reservoir_name, live_storage_mcm, current_storage_mcm, frl_m, updated_at) VALUES ('MPWRD-10407', 'Mahan Dam', 149.76, 141.81, 325.00, now()) ON CONFLICT (dam_id) DO UPDATE SET reservoir_name = EXCLUDED.reservoir_name, live_storage_mcm = EXCLUDED.live_storage_mcm, current_storage_mcm = EXCLUDED.current_storage_mcm, frl_m = EXCLUDED.frl_m, updated_at = now();
INSERT INTO dam_engineering (dam_id, instrumentation, updated_at) VALUES ('MPWRD-10407', '{"basin_office": "Chief Engineer Ganga Basin, Rewa", "gate_count_open": null, "gate_discharge_cumec": null, "last_year_level_m": null, "last_year_live_capacity_mcm": null, "last_year_live_storage_percent": null, "mpwrd_reservoir_code": "10407", "reading_time": "08:00:00", "this_year_is_stale": true, "this_year_level_observed_date": "2025-09-25"}'::jsonb, now()) ON CONFLICT (dam_id) DO UPDATE SET instrumentation = EXCLUDED.instrumentation, updated_at = now();
INSERT INTO mpwrd_reservoir_levels (source_registry, report_date, reservoir_code, dam_id, basin_office, reservoir_name, reading_time, district, frl_m, live_capacity_at_frl_mcm, this_year_level_m, this_year_live_capacity_mcm, this_year_live_storage_percent, this_year_level_observed_date, this_year_is_stale, gate_count_open, gate_discharge_cumec, last_year_level_m, last_year_live_capacity_mcm, last_year_live_storage_percent, source_url, raw, fetched_at) VALUES ('MPWRD', '2026-05-25', '10407', 'MPWRD-10407', 'Chief Engineer Ganga Basin, Rewa', 'Mahan Dam', '08:00:00', 'Sidhi', 325.00, 149.76, 324.56, 141.81, 94, '2025-09-25', TRUE, NULL, NULL, NULL, NULL, NULL, 'https://eims1.mpwrd.gov.in/fcmreport/control/main', '{"district": "Sidhi", "frl_m": "325.00", "gate_count_open": "", "gate_discharge_cumec": "", "last_year_level_m": "", "last_year_live_capacity_mcm": "", "last_year_live_storage_percent": "", "live_capacity_at_frl_mcm": "149.76", "reservoir": "Mahan Dam [10407]", "serial": "110.", "this_year_level_m": "324.56*", "this_year_live_capacity_mcm": "141.81", "this_year_live_storage_percent": "94", "time": "08:00:00"}'::jsonb, now()) ON CONFLICT (source_registry, report_date, reservoir_code) DO UPDATE SET dam_id = EXCLUDED.dam_id, basin_office = EXCLUDED.basin_office, reservoir_name = EXCLUDED.reservoir_name, reading_time = EXCLUDED.reading_time, district = EXCLUDED.district, frl_m = EXCLUDED.frl_m, live_capacity_at_frl_mcm = EXCLUDED.live_capacity_at_frl_mcm, this_year_level_m = EXCLUDED.this_year_level_m, this_year_live_capacity_mcm = EXCLUDED.this_year_live_capacity_mcm, this_year_live_storage_percent = EXCLUDED.this_year_live_storage_percent, this_year_level_observed_date = EXCLUDED.this_year_level_observed_date, this_year_is_stale = EXCLUDED.this_year_is_stale, gate_count_open = EXCLUDED.gate_count_open, gate_discharge_cumec = EXCLUDED.gate_discharge_cumec, last_year_level_m = EXCLUDED.last_year_level_m, last_year_live_capacity_mcm = EXCLUDED.last_year_live_capacity_mcm, last_year_live_storage_percent = EXCLUDED.last_year_live_storage_percent, source_url = EXCLUDED.source_url, raw = EXCLUDED.raw, fetched_at = now();
INSERT INTO dams (dam_id, dam_name, state, district, river_basin, owner_agency, status, risk_class, safety_score, source_registry, source_record_id, source_publication_year, source_url, updated_at) VALUES ('MPWRD-27725', 'Mahroi Tank', 'Madhya Pradesh', 'Umaria', 'Chief Engineer Ganga Basin, Rewa', 'Madhya Pradesh Water Resources Department', 'operational'::dam_status, 'moderate'::risk_class, 38.00, 'MPWRD', '27725', 2026, 'https://eims1.mpwrd.gov.in/fcmreport/control/main', now()) ON CONFLICT (dam_id) DO UPDATE SET dam_name = EXCLUDED.dam_name, state = EXCLUDED.state, district = EXCLUDED.district, river_basin = EXCLUDED.river_basin, owner_agency = EXCLUDED.owner_agency, status = EXCLUDED.status, risk_class = EXCLUDED.risk_class, safety_score = EXCLUDED.safety_score, source_registry = EXCLUDED.source_registry, source_record_id = EXCLUDED.source_record_id, source_publication_year = EXCLUDED.source_publication_year, source_url = EXCLUDED.source_url, updated_at = now();
INSERT INTO dam_reservoir (dam_id, reservoir_name, live_storage_mcm, current_storage_mcm, frl_m, updated_at) VALUES ('MPWRD-27725', 'Mahroi Tank', 4.70, 1.79, 59.74, now()) ON CONFLICT (dam_id) DO UPDATE SET reservoir_name = EXCLUDED.reservoir_name, live_storage_mcm = EXCLUDED.live_storage_mcm, current_storage_mcm = EXCLUDED.current_storage_mcm, frl_m = EXCLUDED.frl_m, updated_at = now();
INSERT INTO dam_engineering (dam_id, instrumentation, updated_at) VALUES ('MPWRD-27725', '{"basin_office": "Chief Engineer Ganga Basin, Rewa", "gate_count_open": null, "gate_discharge_cumec": null, "last_year_level_m": null, "last_year_live_capacity_mcm": null, "last_year_live_storage_percent": null, "mpwrd_reservoir_code": "27725", "reading_time": "08:00:00", "this_year_is_stale": true, "this_year_level_observed_date": "2025-09-25"}'::jsonb, now()) ON CONFLICT (dam_id) DO UPDATE SET instrumentation = EXCLUDED.instrumentation, updated_at = now();
INSERT INTO mpwrd_reservoir_levels (source_registry, report_date, reservoir_code, dam_id, basin_office, reservoir_name, reading_time, district, frl_m, live_capacity_at_frl_mcm, this_year_level_m, this_year_live_capacity_mcm, this_year_live_storage_percent, this_year_level_observed_date, this_year_is_stale, gate_count_open, gate_discharge_cumec, last_year_level_m, last_year_live_capacity_mcm, last_year_live_storage_percent, source_url, raw, fetched_at) VALUES ('MPWRD', '2026-05-25', '27725', 'MPWRD-27725', 'Chief Engineer Ganga Basin, Rewa', 'Mahroi Tank', '08:00:00', 'Umaria', 59.74, 4.70, 57.29, 1.79, 38, '2025-09-25', TRUE, NULL, NULL, NULL, NULL, NULL, 'https://eims1.mpwrd.gov.in/fcmreport/control/main', '{"district": "Umaria", "frl_m": "59.74", "gate_count_open": "", "gate_discharge_cumec": "", "last_year_level_m": "", "last_year_live_capacity_mcm": "", "last_year_live_storage_percent": "", "live_capacity_at_frl_mcm": "4.70", "reservoir": "Mahroi Tank [27725]", "serial": "111.", "this_year_level_m": "57.29*", "this_year_live_capacity_mcm": "1.79", "this_year_live_storage_percent": "38", "time": "08:00:00"}'::jsonb, now()) ON CONFLICT (source_registry, report_date, reservoir_code) DO UPDATE SET dam_id = EXCLUDED.dam_id, basin_office = EXCLUDED.basin_office, reservoir_name = EXCLUDED.reservoir_name, reading_time = EXCLUDED.reading_time, district = EXCLUDED.district, frl_m = EXCLUDED.frl_m, live_capacity_at_frl_mcm = EXCLUDED.live_capacity_at_frl_mcm, this_year_level_m = EXCLUDED.this_year_level_m, this_year_live_capacity_mcm = EXCLUDED.this_year_live_capacity_mcm, this_year_live_storage_percent = EXCLUDED.this_year_live_storage_percent, this_year_level_observed_date = EXCLUDED.this_year_level_observed_date, this_year_is_stale = EXCLUDED.this_year_is_stale, gate_count_open = EXCLUDED.gate_count_open, gate_discharge_cumec = EXCLUDED.gate_discharge_cumec, last_year_level_m = EXCLUDED.last_year_level_m, last_year_live_capacity_mcm = EXCLUDED.last_year_live_capacity_mcm, last_year_live_storage_percent = EXCLUDED.last_year_live_storage_percent, source_url = EXCLUDED.source_url, raw = EXCLUDED.raw, fetched_at = now();
INSERT INTO dams (dam_id, dam_name, state, district, river_basin, owner_agency, status, risk_class, safety_score, source_registry, source_record_id, source_publication_year, source_url, updated_at) VALUES ('MPWRD-10408', 'Marhi Tank', 'Madhya Pradesh', 'Singroli', 'Chief Engineer Ganga Basin, Rewa', 'Madhya Pradesh Water Resources Department', 'operational'::dam_status, 'low'::risk_class, 99.00, 'MPWRD', '10408', 2026, 'https://eims1.mpwrd.gov.in/fcmreport/control/main', now()) ON CONFLICT (dam_id) DO UPDATE SET dam_name = EXCLUDED.dam_name, state = EXCLUDED.state, district = EXCLUDED.district, river_basin = EXCLUDED.river_basin, owner_agency = EXCLUDED.owner_agency, status = EXCLUDED.status, risk_class = EXCLUDED.risk_class, safety_score = EXCLUDED.safety_score, source_registry = EXCLUDED.source_registry, source_record_id = EXCLUDED.source_record_id, source_publication_year = EXCLUDED.source_publication_year, source_url = EXCLUDED.source_url, updated_at = now();
INSERT INTO dam_reservoir (dam_id, reservoir_name, live_storage_mcm, current_storage_mcm, frl_m, updated_at) VALUES ('MPWRD-10408', 'Marhi Tank', 12.77, 12.76, 115.65, now()) ON CONFLICT (dam_id) DO UPDATE SET reservoir_name = EXCLUDED.reservoir_name, live_storage_mcm = EXCLUDED.live_storage_mcm, current_storage_mcm = EXCLUDED.current_storage_mcm, frl_m = EXCLUDED.frl_m, updated_at = now();
INSERT INTO dam_engineering (dam_id, instrumentation, updated_at) VALUES ('MPWRD-10408', '{"basin_office": "Chief Engineer Ganga Basin, Rewa", "gate_count_open": null, "gate_discharge_cumec": null, "last_year_level_m": null, "last_year_live_capacity_mcm": null, "last_year_live_storage_percent": null, "mpwrd_reservoir_code": "10408", "reading_time": "08:00:00", "this_year_is_stale": true, "this_year_level_observed_date": "2025-09-25"}'::jsonb, now()) ON CONFLICT (dam_id) DO UPDATE SET instrumentation = EXCLUDED.instrumentation, updated_at = now();
INSERT INTO mpwrd_reservoir_levels (source_registry, report_date, reservoir_code, dam_id, basin_office, reservoir_name, reading_time, district, frl_m, live_capacity_at_frl_mcm, this_year_level_m, this_year_live_capacity_mcm, this_year_live_storage_percent, this_year_level_observed_date, this_year_is_stale, gate_count_open, gate_discharge_cumec, last_year_level_m, last_year_live_capacity_mcm, last_year_live_storage_percent, source_url, raw, fetched_at) VALUES ('MPWRD', '2026-05-25', '10408', 'MPWRD-10408', 'Chief Engineer Ganga Basin, Rewa', 'Marhi Tank', '08:00:00', 'Singroli', 115.65, 12.77, 115.64, 12.76, 99, '2025-09-25', TRUE, NULL, NULL, NULL, NULL, NULL, 'https://eims1.mpwrd.gov.in/fcmreport/control/main', '{"district": "Singroli", "frl_m": "115.65", "gate_count_open": "", "gate_discharge_cumec": "", "last_year_level_m": "", "last_year_live_capacity_mcm": "", "last_year_live_storage_percent": "", "live_capacity_at_frl_mcm": "12.77", "reservoir": "Marhi Tank [10408]", "serial": "112.", "this_year_level_m": "115.64*", "this_year_live_capacity_mcm": "12.76", "this_year_live_storage_percent": "99", "time": "08:00:00"}'::jsonb, now()) ON CONFLICT (source_registry, report_date, reservoir_code) DO UPDATE SET dam_id = EXCLUDED.dam_id, basin_office = EXCLUDED.basin_office, reservoir_name = EXCLUDED.reservoir_name, reading_time = EXCLUDED.reading_time, district = EXCLUDED.district, frl_m = EXCLUDED.frl_m, live_capacity_at_frl_mcm = EXCLUDED.live_capacity_at_frl_mcm, this_year_level_m = EXCLUDED.this_year_level_m, this_year_live_capacity_mcm = EXCLUDED.this_year_live_capacity_mcm, this_year_live_storage_percent = EXCLUDED.this_year_live_storage_percent, this_year_level_observed_date = EXCLUDED.this_year_level_observed_date, this_year_is_stale = EXCLUDED.this_year_is_stale, gate_count_open = EXCLUDED.gate_count_open, gate_discharge_cumec = EXCLUDED.gate_discharge_cumec, last_year_level_m = EXCLUDED.last_year_level_m, last_year_live_capacity_mcm = EXCLUDED.last_year_live_capacity_mcm, last_year_live_storage_percent = EXCLUDED.last_year_live_storage_percent, source_url = EXCLUDED.source_url, raw = EXCLUDED.raw, fetched_at = now();
INSERT INTO dams (dam_id, dam_name, state, district, river_basin, owner_agency, status, risk_class, safety_score, source_registry, source_record_id, source_publication_year, source_url, updated_at) VALUES ('MPWRD-10362', 'Naktara Dam', 'Madhya Pradesh', 'Satna', 'Chief Engineer Ganga Basin, Rewa', 'Madhya Pradesh Water Resources Department', 'operational'::dam_status, 'high'::risk_class, 13.00, 'MPWRD', '10362', 2026, 'https://eims1.mpwrd.gov.in/fcmreport/control/main', now()) ON CONFLICT (dam_id) DO UPDATE SET dam_name = EXCLUDED.dam_name, state = EXCLUDED.state, district = EXCLUDED.district, river_basin = EXCLUDED.river_basin, owner_agency = EXCLUDED.owner_agency, status = EXCLUDED.status, risk_class = EXCLUDED.risk_class, safety_score = EXCLUDED.safety_score, source_registry = EXCLUDED.source_registry, source_record_id = EXCLUDED.source_record_id, source_publication_year = EXCLUDED.source_publication_year, source_url = EXCLUDED.source_url, updated_at = now();
INSERT INTO dam_reservoir (dam_id, reservoir_name, live_storage_mcm, current_storage_mcm, frl_m, updated_at) VALUES ('MPWRD-10362', 'Naktara Dam', 3.22, 0.43, 309.12, now()) ON CONFLICT (dam_id) DO UPDATE SET reservoir_name = EXCLUDED.reservoir_name, live_storage_mcm = EXCLUDED.live_storage_mcm, current_storage_mcm = EXCLUDED.current_storage_mcm, frl_m = EXCLUDED.frl_m, updated_at = now();
INSERT INTO dam_engineering (dam_id, instrumentation, updated_at) VALUES ('MPWRD-10362', '{"basin_office": "Chief Engineer Ganga Basin, Rewa", "gate_count_open": null, "gate_discharge_cumec": null, "last_year_level_m": null, "last_year_live_capacity_mcm": null, "last_year_live_storage_percent": null, "mpwrd_reservoir_code": "10362", "reading_time": "08:00:00", "this_year_is_stale": true, "this_year_level_observed_date": "2025-09-25"}'::jsonb, now()) ON CONFLICT (dam_id) DO UPDATE SET instrumentation = EXCLUDED.instrumentation, updated_at = now();
INSERT INTO mpwrd_reservoir_levels (source_registry, report_date, reservoir_code, dam_id, basin_office, reservoir_name, reading_time, district, frl_m, live_capacity_at_frl_mcm, this_year_level_m, this_year_live_capacity_mcm, this_year_live_storage_percent, this_year_level_observed_date, this_year_is_stale, gate_count_open, gate_discharge_cumec, last_year_level_m, last_year_live_capacity_mcm, last_year_live_storage_percent, source_url, raw, fetched_at) VALUES ('MPWRD', '2026-05-25', '10362', 'MPWRD-10362', 'Chief Engineer Ganga Basin, Rewa', 'Naktara Dam', '08:00:00', 'Satna', 309.12, 3.22, 304.50, 0.43, 13, '2025-09-25', TRUE, NULL, NULL, NULL, NULL, NULL, 'https://eims1.mpwrd.gov.in/fcmreport/control/main', '{"district": "Satna", "frl_m": "309.12", "gate_count_open": "", "gate_discharge_cumec": "", "last_year_level_m": "", "last_year_live_capacity_mcm": "", "last_year_live_storage_percent": "", "live_capacity_at_frl_mcm": "3.22", "reservoir": "Naktara Dam [10362]", "serial": "113.", "this_year_level_m": "304.50*", "this_year_live_capacity_mcm": "0.43", "this_year_live_storage_percent": "13", "time": "08:00:00"}'::jsonb, now()) ON CONFLICT (source_registry, report_date, reservoir_code) DO UPDATE SET dam_id = EXCLUDED.dam_id, basin_office = EXCLUDED.basin_office, reservoir_name = EXCLUDED.reservoir_name, reading_time = EXCLUDED.reading_time, district = EXCLUDED.district, frl_m = EXCLUDED.frl_m, live_capacity_at_frl_mcm = EXCLUDED.live_capacity_at_frl_mcm, this_year_level_m = EXCLUDED.this_year_level_m, this_year_live_capacity_mcm = EXCLUDED.this_year_live_capacity_mcm, this_year_live_storage_percent = EXCLUDED.this_year_live_storage_percent, this_year_level_observed_date = EXCLUDED.this_year_level_observed_date, this_year_is_stale = EXCLUDED.this_year_is_stale, gate_count_open = EXCLUDED.gate_count_open, gate_discharge_cumec = EXCLUDED.gate_discharge_cumec, last_year_level_m = EXCLUDED.last_year_level_m, last_year_live_capacity_mcm = EXCLUDED.last_year_live_capacity_mcm, last_year_live_storage_percent = EXCLUDED.last_year_live_storage_percent, source_url = EXCLUDED.source_url, raw = EXCLUDED.raw, fetched_at = now();
INSERT INTO dams (dam_id, dam_name, state, district, river_basin, owner_agency, status, risk_class, safety_score, source_registry, source_record_id, source_publication_year, source_url, updated_at) VALUES ('MPWRD-10451', 'Umrar Tank', 'Madhya Pradesh', 'Umaria', 'Chief Engineer Ganga Basin, Rewa', 'Madhya Pradesh Water Resources Department', 'operational'::dam_status, 'low'::risk_class, 99.00, 'MPWRD', '10451', 2026, 'https://eims1.mpwrd.gov.in/fcmreport/control/main', now()) ON CONFLICT (dam_id) DO UPDATE SET dam_name = EXCLUDED.dam_name, state = EXCLUDED.state, district = EXCLUDED.district, river_basin = EXCLUDED.river_basin, owner_agency = EXCLUDED.owner_agency, status = EXCLUDED.status, risk_class = EXCLUDED.risk_class, safety_score = EXCLUDED.safety_score, source_registry = EXCLUDED.source_registry, source_record_id = EXCLUDED.source_record_id, source_publication_year = EXCLUDED.source_publication_year, source_url = EXCLUDED.source_url, updated_at = now();
INSERT INTO dam_reservoir (dam_id, reservoir_name, live_storage_mcm, current_storage_mcm, frl_m, updated_at) VALUES ('MPWRD-10451', 'Umrar Tank', 16.70, 16.66, 503.52, now()) ON CONFLICT (dam_id) DO UPDATE SET reservoir_name = EXCLUDED.reservoir_name, live_storage_mcm = EXCLUDED.live_storage_mcm, current_storage_mcm = EXCLUDED.current_storage_mcm, frl_m = EXCLUDED.frl_m, updated_at = now();
INSERT INTO dam_engineering (dam_id, instrumentation, updated_at) VALUES ('MPWRD-10451', '{"basin_office": "Chief Engineer Ganga Basin, Rewa", "gate_count_open": null, "gate_discharge_cumec": null, "last_year_level_m": null, "last_year_live_capacity_mcm": null, "last_year_live_storage_percent": null, "mpwrd_reservoir_code": "10451", "reading_time": "08:00:00", "this_year_is_stale": true, "this_year_level_observed_date": "2025-09-25"}'::jsonb, now()) ON CONFLICT (dam_id) DO UPDATE SET instrumentation = EXCLUDED.instrumentation, updated_at = now();
INSERT INTO mpwrd_reservoir_levels (source_registry, report_date, reservoir_code, dam_id, basin_office, reservoir_name, reading_time, district, frl_m, live_capacity_at_frl_mcm, this_year_level_m, this_year_live_capacity_mcm, this_year_live_storage_percent, this_year_level_observed_date, this_year_is_stale, gate_count_open, gate_discharge_cumec, last_year_level_m, last_year_live_capacity_mcm, last_year_live_storage_percent, source_url, raw, fetched_at) VALUES ('MPWRD', '2026-05-25', '10451', 'MPWRD-10451', 'Chief Engineer Ganga Basin, Rewa', 'Umrar Tank', '08:00:00', 'Umaria', 503.52, 16.70, 503.51, 16.66, 99, '2025-09-25', TRUE, NULL, NULL, NULL, NULL, NULL, 'https://eims1.mpwrd.gov.in/fcmreport/control/main', '{"district": "Umaria", "frl_m": "503.52", "gate_count_open": "", "gate_discharge_cumec": "", "last_year_level_m": "", "last_year_live_capacity_mcm": "", "last_year_live_storage_percent": "", "live_capacity_at_frl_mcm": "16.70", "reservoir": "Umrar Tank [10451]", "serial": "114.", "this_year_level_m": "503.51*", "this_year_live_capacity_mcm": "16.66", "this_year_live_storage_percent": "99", "time": "08:00:00"}'::jsonb, now()) ON CONFLICT (source_registry, report_date, reservoir_code) DO UPDATE SET dam_id = EXCLUDED.dam_id, basin_office = EXCLUDED.basin_office, reservoir_name = EXCLUDED.reservoir_name, reading_time = EXCLUDED.reading_time, district = EXCLUDED.district, frl_m = EXCLUDED.frl_m, live_capacity_at_frl_mcm = EXCLUDED.live_capacity_at_frl_mcm, this_year_level_m = EXCLUDED.this_year_level_m, this_year_live_capacity_mcm = EXCLUDED.this_year_live_capacity_mcm, this_year_live_storage_percent = EXCLUDED.this_year_live_storage_percent, this_year_level_observed_date = EXCLUDED.this_year_level_observed_date, this_year_is_stale = EXCLUDED.this_year_is_stale, gate_count_open = EXCLUDED.gate_count_open, gate_discharge_cumec = EXCLUDED.gate_discharge_cumec, last_year_level_m = EXCLUDED.last_year_level_m, last_year_live_capacity_mcm = EXCLUDED.last_year_live_capacity_mcm, last_year_live_storage_percent = EXCLUDED.last_year_live_storage_percent, source_url = EXCLUDED.source_url, raw = EXCLUDED.raw, fetched_at = now();
INSERT INTO dams (dam_id, dam_name, state, district, river_basin, owner_agency, status, risk_class, safety_score, source_registry, source_record_id, source_publication_year, source_url, updated_at) VALUES ('MPWRD-40595', 'Ambak Nalla Tank', 'Madhya Pradesh', 'Khargone', 'Chief Engineer Narmada Tapti Basin, Indore', 'Madhya Pradesh Water Resources Department', 'operational'::dam_status, 'low'::risk_class, 82.00, 'MPWRD', '40595', 2026, 'https://eims1.mpwrd.gov.in/fcmreport/control/main', now()) ON CONFLICT (dam_id) DO UPDATE SET dam_name = EXCLUDED.dam_name, state = EXCLUDED.state, district = EXCLUDED.district, river_basin = EXCLUDED.river_basin, owner_agency = EXCLUDED.owner_agency, status = EXCLUDED.status, risk_class = EXCLUDED.risk_class, safety_score = EXCLUDED.safety_score, source_registry = EXCLUDED.source_registry, source_record_id = EXCLUDED.source_record_id, source_publication_year = EXCLUDED.source_publication_year, source_url = EXCLUDED.source_url, updated_at = now();
INSERT INTO dam_reservoir (dam_id, reservoir_name, live_storage_mcm, current_storage_mcm, frl_m, updated_at) VALUES ('MPWRD-40595', 'Ambak Nalla Tank', 18.44, 15.15, 227.75, now()) ON CONFLICT (dam_id) DO UPDATE SET reservoir_name = EXCLUDED.reservoir_name, live_storage_mcm = EXCLUDED.live_storage_mcm, current_storage_mcm = EXCLUDED.current_storage_mcm, frl_m = EXCLUDED.frl_m, updated_at = now();
INSERT INTO dam_engineering (dam_id, instrumentation, updated_at) VALUES ('MPWRD-40595', '{"basin_office": "Chief Engineer Narmada Tapti Basin, Indore", "gate_count_open": null, "gate_discharge_cumec": null, "last_year_level_m": null, "last_year_live_capacity_mcm": null, "last_year_live_storage_percent": null, "mpwrd_reservoir_code": "40595", "reading_time": "08:00:00", "this_year_is_stale": true, "this_year_level_observed_date": "2025-09-24"}'::jsonb, now()) ON CONFLICT (dam_id) DO UPDATE SET instrumentation = EXCLUDED.instrumentation, updated_at = now();
INSERT INTO mpwrd_reservoir_levels (source_registry, report_date, reservoir_code, dam_id, basin_office, reservoir_name, reading_time, district, frl_m, live_capacity_at_frl_mcm, this_year_level_m, this_year_live_capacity_mcm, this_year_live_storage_percent, this_year_level_observed_date, this_year_is_stale, gate_count_open, gate_discharge_cumec, last_year_level_m, last_year_live_capacity_mcm, last_year_live_storage_percent, source_url, raw, fetched_at) VALUES ('MPWRD', '2026-05-25', '40595', 'MPWRD-40595', 'Chief Engineer Narmada Tapti Basin, Indore', 'Ambak Nalla Tank', '08:00:00', 'Khargone', 227.75, 18.44, 226.85, 15.15, 82, '2025-09-24', TRUE, NULL, NULL, NULL, NULL, NULL, 'https://eims1.mpwrd.gov.in/fcmreport/control/main', '{"district": "Khargone", "frl_m": "227.75", "gate_count_open": "", "gate_discharge_cumec": "", "last_year_level_m": "", "last_year_live_capacity_mcm": "", "last_year_live_storage_percent": "", "live_capacity_at_frl_mcm": "18.44", "reservoir": "Ambak Nalla Tank [40595]", "serial": "115.", "this_year_level_m": "226.85*", "this_year_live_capacity_mcm": "15.15", "this_year_live_storage_percent": "82", "time": "08:00:00"}'::jsonb, now()) ON CONFLICT (source_registry, report_date, reservoir_code) DO UPDATE SET dam_id = EXCLUDED.dam_id, basin_office = EXCLUDED.basin_office, reservoir_name = EXCLUDED.reservoir_name, reading_time = EXCLUDED.reading_time, district = EXCLUDED.district, frl_m = EXCLUDED.frl_m, live_capacity_at_frl_mcm = EXCLUDED.live_capacity_at_frl_mcm, this_year_level_m = EXCLUDED.this_year_level_m, this_year_live_capacity_mcm = EXCLUDED.this_year_live_capacity_mcm, this_year_live_storage_percent = EXCLUDED.this_year_live_storage_percent, this_year_level_observed_date = EXCLUDED.this_year_level_observed_date, this_year_is_stale = EXCLUDED.this_year_is_stale, gate_count_open = EXCLUDED.gate_count_open, gate_discharge_cumec = EXCLUDED.gate_discharge_cumec, last_year_level_m = EXCLUDED.last_year_level_m, last_year_live_capacity_mcm = EXCLUDED.last_year_live_capacity_mcm, last_year_live_storage_percent = EXCLUDED.last_year_live_storage_percent, source_url = EXCLUDED.source_url, raw = EXCLUDED.raw, fetched_at = now();
INSERT INTO dams (dam_id, dam_name, state, district, river_basin, owner_agency, status, risk_class, safety_score, source_registry, source_record_id, source_publication_year, source_url, updated_at) VALUES ('MPWRD-26353', 'Bageri Tank', 'Madhya Pradesh', 'Dhar', 'Chief Engineer Narmada Tapti Basin, Indore', 'Madhya Pradesh Water Resources Department', 'operational'::dam_status, 'moderate'::risk_class, 25.00, 'MPWRD', '26353', 2026, 'https://eims1.mpwrd.gov.in/fcmreport/control/main', now()) ON CONFLICT (dam_id) DO UPDATE SET dam_name = EXCLUDED.dam_name, state = EXCLUDED.state, district = EXCLUDED.district, river_basin = EXCLUDED.river_basin, owner_agency = EXCLUDED.owner_agency, status = EXCLUDED.status, risk_class = EXCLUDED.risk_class, safety_score = EXCLUDED.safety_score, source_registry = EXCLUDED.source_registry, source_record_id = EXCLUDED.source_record_id, source_publication_year = EXCLUDED.source_publication_year, source_url = EXCLUDED.source_url, updated_at = now();
INSERT INTO dam_reservoir (dam_id, reservoir_name, live_storage_mcm, current_storage_mcm, frl_m, updated_at) VALUES ('MPWRD-26353', 'Bageri Tank', 7.31, 1.83, 511.50, now()) ON CONFLICT (dam_id) DO UPDATE SET reservoir_name = EXCLUDED.reservoir_name, live_storage_mcm = EXCLUDED.live_storage_mcm, current_storage_mcm = EXCLUDED.current_storage_mcm, frl_m = EXCLUDED.frl_m, updated_at = now();
INSERT INTO dam_engineering (dam_id, instrumentation, updated_at) VALUES ('MPWRD-26353', '{"basin_office": "Chief Engineer Narmada Tapti Basin, Indore", "gate_count_open": null, "gate_discharge_cumec": null, "last_year_level_m": null, "last_year_live_capacity_mcm": null, "last_year_live_storage_percent": null, "mpwrd_reservoir_code": "26353", "reading_time": "08:00:00", "this_year_is_stale": true, "this_year_level_observed_date": "2025-08-29"}'::jsonb, now()) ON CONFLICT (dam_id) DO UPDATE SET instrumentation = EXCLUDED.instrumentation, updated_at = now();
INSERT INTO mpwrd_reservoir_levels (source_registry, report_date, reservoir_code, dam_id, basin_office, reservoir_name, reading_time, district, frl_m, live_capacity_at_frl_mcm, this_year_level_m, this_year_live_capacity_mcm, this_year_live_storage_percent, this_year_level_observed_date, this_year_is_stale, gate_count_open, gate_discharge_cumec, last_year_level_m, last_year_live_capacity_mcm, last_year_live_storage_percent, source_url, raw, fetched_at) VALUES ('MPWRD', '2026-05-25', '26353', 'MPWRD-26353', 'Chief Engineer Narmada Tapti Basin, Indore', 'Bageri Tank', '08:00:00', 'Dhar', 511.50, 7.31, 504.25, 1.83, 25, '2025-08-29', TRUE, NULL, NULL, NULL, NULL, NULL, 'https://eims1.mpwrd.gov.in/fcmreport/control/main', '{"district": "Dhar", "frl_m": "511.50", "gate_count_open": "", "gate_discharge_cumec": "", "last_year_level_m": "", "last_year_live_capacity_mcm": "", "last_year_live_storage_percent": "", "live_capacity_at_frl_mcm": "7.31", "reservoir": "Bageri Tank [26353]", "serial": "116.", "this_year_level_m": "504.25*", "this_year_live_capacity_mcm": "1.83", "this_year_live_storage_percent": "25", "time": "08:00:00"}'::jsonb, now()) ON CONFLICT (source_registry, report_date, reservoir_code) DO UPDATE SET dam_id = EXCLUDED.dam_id, basin_office = EXCLUDED.basin_office, reservoir_name = EXCLUDED.reservoir_name, reading_time = EXCLUDED.reading_time, district = EXCLUDED.district, frl_m = EXCLUDED.frl_m, live_capacity_at_frl_mcm = EXCLUDED.live_capacity_at_frl_mcm, this_year_level_m = EXCLUDED.this_year_level_m, this_year_live_capacity_mcm = EXCLUDED.this_year_live_capacity_mcm, this_year_live_storage_percent = EXCLUDED.this_year_live_storage_percent, this_year_level_observed_date = EXCLUDED.this_year_level_observed_date, this_year_is_stale = EXCLUDED.this_year_is_stale, gate_count_open = EXCLUDED.gate_count_open, gate_discharge_cumec = EXCLUDED.gate_discharge_cumec, last_year_level_m = EXCLUDED.last_year_level_m, last_year_live_capacity_mcm = EXCLUDED.last_year_live_capacity_mcm, last_year_live_storage_percent = EXCLUDED.last_year_live_storage_percent, source_url = EXCLUDED.source_url, raw = EXCLUDED.raw, fetched_at = now();
INSERT INTO dams (dam_id, dam_name, state, district, river_basin, owner_agency, status, risk_class, safety_score, source_registry, source_record_id, source_publication_year, source_url, updated_at) VALUES ('MPWRD-41460', 'Barkheda Medium Project', 'Madhya Pradesh', 'Dhar', 'Chief Engineer Narmada Tapti Basin, Indore', 'Madhya Pradesh Water Resources Department', 'operational'::dam_status, 'low'::risk_class, 88.00, 'MPWRD', '41460', 2026, 'https://eims1.mpwrd.gov.in/fcmreport/control/main', now()) ON CONFLICT (dam_id) DO UPDATE SET dam_name = EXCLUDED.dam_name, state = EXCLUDED.state, district = EXCLUDED.district, river_basin = EXCLUDED.river_basin, owner_agency = EXCLUDED.owner_agency, status = EXCLUDED.status, risk_class = EXCLUDED.risk_class, safety_score = EXCLUDED.safety_score, source_registry = EXCLUDED.source_registry, source_record_id = EXCLUDED.source_record_id, source_publication_year = EXCLUDED.source_publication_year, source_url = EXCLUDED.source_url, updated_at = now();
INSERT INTO dam_reservoir (dam_id, reservoir_name, live_storage_mcm, current_storage_mcm, frl_m, updated_at) VALUES ('MPWRD-41460', 'Barkheda Medium Project', 52.44, 46.46, 262.40, now()) ON CONFLICT (dam_id) DO UPDATE SET reservoir_name = EXCLUDED.reservoir_name, live_storage_mcm = EXCLUDED.live_storage_mcm, current_storage_mcm = EXCLUDED.current_storage_mcm, frl_m = EXCLUDED.frl_m, updated_at = now();
INSERT INTO dam_engineering (dam_id, instrumentation, updated_at) VALUES ('MPWRD-41460', '{"basin_office": "Chief Engineer Narmada Tapti Basin, Indore", "gate_count_open": null, "gate_discharge_cumec": null, "last_year_level_m": null, "last_year_live_capacity_mcm": null, "last_year_live_storage_percent": null, "mpwrd_reservoir_code": "41460", "reading_time": "08:00:00", "this_year_is_stale": true, "this_year_level_observed_date": "2025-09-24"}'::jsonb, now()) ON CONFLICT (dam_id) DO UPDATE SET instrumentation = EXCLUDED.instrumentation, updated_at = now();
INSERT INTO mpwrd_reservoir_levels (source_registry, report_date, reservoir_code, dam_id, basin_office, reservoir_name, reading_time, district, frl_m, live_capacity_at_frl_mcm, this_year_level_m, this_year_live_capacity_mcm, this_year_live_storage_percent, this_year_level_observed_date, this_year_is_stale, gate_count_open, gate_discharge_cumec, last_year_level_m, last_year_live_capacity_mcm, last_year_live_storage_percent, source_url, raw, fetched_at) VALUES ('MPWRD', '2026-05-25', '41460', 'MPWRD-41460', 'Chief Engineer Narmada Tapti Basin, Indore', 'Barkheda Medium Project', '08:00:00', 'Dhar', 262.40, 52.44, 261.10, 46.46, 88, '2025-09-24', TRUE, NULL, NULL, NULL, NULL, NULL, 'https://eims1.mpwrd.gov.in/fcmreport/control/main', '{"district": "Dhar", "frl_m": "262.40", "gate_count_open": "", "gate_discharge_cumec": "", "last_year_level_m": "", "last_year_live_capacity_mcm": "", "last_year_live_storage_percent": "", "live_capacity_at_frl_mcm": "52.44", "reservoir": "Barkheda Medium Project [41460]", "serial": "117.", "this_year_level_m": "261.10*", "this_year_live_capacity_mcm": "46.46", "this_year_live_storage_percent": "88", "time": "08:00:00"}'::jsonb, now()) ON CONFLICT (source_registry, report_date, reservoir_code) DO UPDATE SET dam_id = EXCLUDED.dam_id, basin_office = EXCLUDED.basin_office, reservoir_name = EXCLUDED.reservoir_name, reading_time = EXCLUDED.reading_time, district = EXCLUDED.district, frl_m = EXCLUDED.frl_m, live_capacity_at_frl_mcm = EXCLUDED.live_capacity_at_frl_mcm, this_year_level_m = EXCLUDED.this_year_level_m, this_year_live_capacity_mcm = EXCLUDED.this_year_live_capacity_mcm, this_year_live_storage_percent = EXCLUDED.this_year_live_storage_percent, this_year_level_observed_date = EXCLUDED.this_year_level_observed_date, this_year_is_stale = EXCLUDED.this_year_is_stale, gate_count_open = EXCLUDED.gate_count_open, gate_discharge_cumec = EXCLUDED.gate_discharge_cumec, last_year_level_m = EXCLUDED.last_year_level_m, last_year_live_capacity_mcm = EXCLUDED.last_year_live_capacity_mcm, last_year_live_storage_percent = EXCLUDED.last_year_live_storage_percent, source_url = EXCLUDED.source_url, raw = EXCLUDED.raw, fetched_at = now();
INSERT INTO dams (dam_id, dam_name, state, district, river_basin, owner_agency, status, risk_class, safety_score, source_registry, source_record_id, source_publication_year, source_url, updated_at) VALUES ('MPWRD-40617', 'Berdha Tank', 'Madhya Pradesh', 'Badwani', 'Chief Engineer Narmada Tapti Basin, Indore', 'Madhya Pradesh Water Resources Department', 'operational'::dam_status, 'low'::risk_class, 100.00, 'MPWRD', '40617', 2026, 'https://eims1.mpwrd.gov.in/fcmreport/control/main', now()) ON CONFLICT (dam_id) DO UPDATE SET dam_name = EXCLUDED.dam_name, state = EXCLUDED.state, district = EXCLUDED.district, river_basin = EXCLUDED.river_basin, owner_agency = EXCLUDED.owner_agency, status = EXCLUDED.status, risk_class = EXCLUDED.risk_class, safety_score = EXCLUDED.safety_score, source_registry = EXCLUDED.source_registry, source_record_id = EXCLUDED.source_record_id, source_publication_year = EXCLUDED.source_publication_year, source_url = EXCLUDED.source_url, updated_at = now();
INSERT INTO dam_reservoir (dam_id, reservoir_name, live_storage_mcm, current_storage_mcm, frl_m, updated_at) VALUES ('MPWRD-40617', 'Berdha Tank', 7.23, 7.23, 323.98, now()) ON CONFLICT (dam_id) DO UPDATE SET reservoir_name = EXCLUDED.reservoir_name, live_storage_mcm = EXCLUDED.live_storage_mcm, current_storage_mcm = EXCLUDED.current_storage_mcm, frl_m = EXCLUDED.frl_m, updated_at = now();
INSERT INTO dam_engineering (dam_id, instrumentation, updated_at) VALUES ('MPWRD-40617', '{"basin_office": "Chief Engineer Narmada Tapti Basin, Indore", "gate_count_open": null, "gate_discharge_cumec": null, "last_year_level_m": null, "last_year_live_capacity_mcm": null, "last_year_live_storage_percent": null, "mpwrd_reservoir_code": "40617", "reading_time": "08:00:00", "this_year_is_stale": true, "this_year_level_observed_date": "2025-08-28"}'::jsonb, now()) ON CONFLICT (dam_id) DO UPDATE SET instrumentation = EXCLUDED.instrumentation, updated_at = now();
INSERT INTO mpwrd_reservoir_levels (source_registry, report_date, reservoir_code, dam_id, basin_office, reservoir_name, reading_time, district, frl_m, live_capacity_at_frl_mcm, this_year_level_m, this_year_live_capacity_mcm, this_year_live_storage_percent, this_year_level_observed_date, this_year_is_stale, gate_count_open, gate_discharge_cumec, last_year_level_m, last_year_live_capacity_mcm, last_year_live_storage_percent, source_url, raw, fetched_at) VALUES ('MPWRD', '2026-05-25', '40617', 'MPWRD-40617', 'Chief Engineer Narmada Tapti Basin, Indore', 'Berdha Tank', '08:00:00', 'Badwani', 323.98, 7.23, 323.98, 7.23, 100, '2025-08-28', TRUE, NULL, NULL, NULL, NULL, NULL, 'https://eims1.mpwrd.gov.in/fcmreport/control/main', '{"district": "Badwani", "frl_m": "323.98", "gate_count_open": "", "gate_discharge_cumec": "", "last_year_level_m": "", "last_year_live_capacity_mcm": "", "last_year_live_storage_percent": "", "live_capacity_at_frl_mcm": "7.23", "reservoir": "Berdha Tank [40617]", "serial": "118.", "this_year_level_m": "323.98 *", "this_year_live_capacity_mcm": "7.23", "this_year_live_storage_percent": "100", "time": "08:00:00"}'::jsonb, now()) ON CONFLICT (source_registry, report_date, reservoir_code) DO UPDATE SET dam_id = EXCLUDED.dam_id, basin_office = EXCLUDED.basin_office, reservoir_name = EXCLUDED.reservoir_name, reading_time = EXCLUDED.reading_time, district = EXCLUDED.district, frl_m = EXCLUDED.frl_m, live_capacity_at_frl_mcm = EXCLUDED.live_capacity_at_frl_mcm, this_year_level_m = EXCLUDED.this_year_level_m, this_year_live_capacity_mcm = EXCLUDED.this_year_live_capacity_mcm, this_year_live_storage_percent = EXCLUDED.this_year_live_storage_percent, this_year_level_observed_date = EXCLUDED.this_year_level_observed_date, this_year_is_stale = EXCLUDED.this_year_is_stale, gate_count_open = EXCLUDED.gate_count_open, gate_discharge_cumec = EXCLUDED.gate_discharge_cumec, last_year_level_m = EXCLUDED.last_year_level_m, last_year_live_capacity_mcm = EXCLUDED.last_year_live_capacity_mcm, last_year_live_storage_percent = EXCLUDED.last_year_live_storage_percent, source_url = EXCLUDED.source_url, raw = EXCLUDED.raw, fetched_at = now();
INSERT INTO dams (dam_id, dam_name, state, district, river_basin, owner_agency, status, risk_class, safety_score, source_registry, source_record_id, source_publication_year, source_url, updated_at) VALUES ('MPWRD-41820', 'Bhawsa Tank', 'Madhya Pradesh', 'Burhanpur', 'Chief Engineer Narmada Tapti Basin, Indore', 'Madhya Pradesh Water Resources Department', 'operational'::dam_status, 'low'::risk_class, 100.00, 'MPWRD', '41820', 2026, 'https://eims1.mpwrd.gov.in/fcmreport/control/main', now()) ON CONFLICT (dam_id) DO UPDATE SET dam_name = EXCLUDED.dam_name, state = EXCLUDED.state, district = EXCLUDED.district, river_basin = EXCLUDED.river_basin, owner_agency = EXCLUDED.owner_agency, status = EXCLUDED.status, risk_class = EXCLUDED.risk_class, safety_score = EXCLUDED.safety_score, source_registry = EXCLUDED.source_registry, source_record_id = EXCLUDED.source_record_id, source_publication_year = EXCLUDED.source_publication_year, source_url = EXCLUDED.source_url, updated_at = now();
INSERT INTO dam_reservoir (dam_id, reservoir_name, live_storage_mcm, current_storage_mcm, frl_m, updated_at) VALUES ('MPWRD-41820', 'Bhawsa Tank', 13.64, 13.86, 317.75, now()) ON CONFLICT (dam_id) DO UPDATE SET reservoir_name = EXCLUDED.reservoir_name, live_storage_mcm = EXCLUDED.live_storage_mcm, current_storage_mcm = EXCLUDED.current_storage_mcm, frl_m = EXCLUDED.frl_m, updated_at = now();
INSERT INTO dam_engineering (dam_id, instrumentation, updated_at) VALUES ('MPWRD-41820', '{"basin_office": "Chief Engineer Narmada Tapti Basin, Indore", "gate_count_open": null, "gate_discharge_cumec": null, "last_year_level_m": null, "last_year_live_capacity_mcm": null, "last_year_live_storage_percent": null, "mpwrd_reservoir_code": "41820", "reading_time": "08:00:00", "this_year_is_stale": true, "this_year_level_observed_date": "2025-09-24"}'::jsonb, now()) ON CONFLICT (dam_id) DO UPDATE SET instrumentation = EXCLUDED.instrumentation, updated_at = now();
INSERT INTO mpwrd_reservoir_levels (source_registry, report_date, reservoir_code, dam_id, basin_office, reservoir_name, reading_time, district, frl_m, live_capacity_at_frl_mcm, this_year_level_m, this_year_live_capacity_mcm, this_year_live_storage_percent, this_year_level_observed_date, this_year_is_stale, gate_count_open, gate_discharge_cumec, last_year_level_m, last_year_live_capacity_mcm, last_year_live_storage_percent, source_url, raw, fetched_at) VALUES ('MPWRD', '2026-05-25', '41820', 'MPWRD-41820', 'Chief Engineer Narmada Tapti Basin, Indore', 'Bhawsa Tank', '08:00:00', 'Burhanpur', 317.75, 13.64, 317.85, 13.86, 100, '2025-09-24', TRUE, NULL, NULL, NULL, NULL, NULL, 'https://eims1.mpwrd.gov.in/fcmreport/control/main', '{"district": "Burhanpur", "frl_m": "317.75", "gate_count_open": "", "gate_discharge_cumec": "", "last_year_level_m": "", "last_year_live_capacity_mcm": "", "last_year_live_storage_percent": "", "live_capacity_at_frl_mcm": "13.64", "reservoir": "Bhawsa Tank [41820]", "serial": "119.", "this_year_level_m": "317.85 *", "this_year_live_capacity_mcm": "13.86", "this_year_live_storage_percent": "100", "time": "08:00:00"}'::jsonb, now()) ON CONFLICT (source_registry, report_date, reservoir_code) DO UPDATE SET dam_id = EXCLUDED.dam_id, basin_office = EXCLUDED.basin_office, reservoir_name = EXCLUDED.reservoir_name, reading_time = EXCLUDED.reading_time, district = EXCLUDED.district, frl_m = EXCLUDED.frl_m, live_capacity_at_frl_mcm = EXCLUDED.live_capacity_at_frl_mcm, this_year_level_m = EXCLUDED.this_year_level_m, this_year_live_capacity_mcm = EXCLUDED.this_year_live_capacity_mcm, this_year_live_storage_percent = EXCLUDED.this_year_live_storage_percent, this_year_level_observed_date = EXCLUDED.this_year_level_observed_date, this_year_is_stale = EXCLUDED.this_year_is_stale, gate_count_open = EXCLUDED.gate_count_open, gate_discharge_cumec = EXCLUDED.gate_discharge_cumec, last_year_level_m = EXCLUDED.last_year_level_m, last_year_live_capacity_mcm = EXCLUDED.last_year_live_capacity_mcm, last_year_live_storage_percent = EXCLUDED.last_year_live_storage_percent, source_url = EXCLUDED.source_url, raw = EXCLUDED.raw, fetched_at = now();
INSERT INTO dams (dam_id, dam_name, state, district, river_basin, owner_agency, status, risk_class, safety_score, source_registry, source_record_id, source_publication_year, source_url, updated_at) VALUES ('MPWRD-10723', 'Bhikar Khedi Tank', 'Madhya Pradesh', 'Khargone', 'Chief Engineer Narmada Tapti Basin, Indore', 'Madhya Pradesh Water Resources Department', 'operational'::dam_status, 'moderate'::risk_class, 48.00, 'MPWRD', '10723', 2026, 'https://eims1.mpwrd.gov.in/fcmreport/control/main', now()) ON CONFLICT (dam_id) DO UPDATE SET dam_name = EXCLUDED.dam_name, state = EXCLUDED.state, district = EXCLUDED.district, river_basin = EXCLUDED.river_basin, owner_agency = EXCLUDED.owner_agency, status = EXCLUDED.status, risk_class = EXCLUDED.risk_class, safety_score = EXCLUDED.safety_score, source_registry = EXCLUDED.source_registry, source_record_id = EXCLUDED.source_record_id, source_publication_year = EXCLUDED.source_publication_year, source_url = EXCLUDED.source_url, updated_at = now();
INSERT INTO dam_reservoir (dam_id, reservoir_name, live_storage_mcm, current_storage_mcm, frl_m, updated_at) VALUES ('MPWRD-10723', 'Bhikar Khedi Tank', 6.08, 2.97, 299.80, now()) ON CONFLICT (dam_id) DO UPDATE SET reservoir_name = EXCLUDED.reservoir_name, live_storage_mcm = EXCLUDED.live_storage_mcm, current_storage_mcm = EXCLUDED.current_storage_mcm, frl_m = EXCLUDED.frl_m, updated_at = now();
INSERT INTO dam_engineering (dam_id, instrumentation, updated_at) VALUES ('MPWRD-10723', '{"basin_office": "Chief Engineer Narmada Tapti Basin, Indore", "gate_count_open": null, "gate_discharge_cumec": null, "last_year_level_m": null, "last_year_live_capacity_mcm": null, "last_year_live_storage_percent": null, "mpwrd_reservoir_code": "10723", "reading_time": "08:00:00", "this_year_is_stale": true, "this_year_level_observed_date": "2025-09-24"}'::jsonb, now()) ON CONFLICT (dam_id) DO UPDATE SET instrumentation = EXCLUDED.instrumentation, updated_at = now();
INSERT INTO mpwrd_reservoir_levels (source_registry, report_date, reservoir_code, dam_id, basin_office, reservoir_name, reading_time, district, frl_m, live_capacity_at_frl_mcm, this_year_level_m, this_year_live_capacity_mcm, this_year_live_storage_percent, this_year_level_observed_date, this_year_is_stale, gate_count_open, gate_discharge_cumec, last_year_level_m, last_year_live_capacity_mcm, last_year_live_storage_percent, source_url, raw, fetched_at) VALUES ('MPWRD', '2026-05-25', '10723', 'MPWRD-10723', 'Chief Engineer Narmada Tapti Basin, Indore', 'Bhikar Khedi Tank', '08:00:00', 'Khargone', 299.80, 6.08, 296.90, 2.97, 48, '2025-09-24', TRUE, NULL, NULL, NULL, NULL, NULL, 'https://eims1.mpwrd.gov.in/fcmreport/control/main', '{"district": "Khargone", "frl_m": "299.80", "gate_count_open": "", "gate_discharge_cumec": "", "last_year_level_m": "", "last_year_live_capacity_mcm": "", "last_year_live_storage_percent": "", "live_capacity_at_frl_mcm": "6.08", "reservoir": "Bhikar Khedi Tank [10723]", "serial": "120.", "this_year_level_m": "296.90*", "this_year_live_capacity_mcm": "2.97", "this_year_live_storage_percent": "48", "time": "08:00:00"}'::jsonb, now()) ON CONFLICT (source_registry, report_date, reservoir_code) DO UPDATE SET dam_id = EXCLUDED.dam_id, basin_office = EXCLUDED.basin_office, reservoir_name = EXCLUDED.reservoir_name, reading_time = EXCLUDED.reading_time, district = EXCLUDED.district, frl_m = EXCLUDED.frl_m, live_capacity_at_frl_mcm = EXCLUDED.live_capacity_at_frl_mcm, this_year_level_m = EXCLUDED.this_year_level_m, this_year_live_capacity_mcm = EXCLUDED.this_year_live_capacity_mcm, this_year_live_storage_percent = EXCLUDED.this_year_live_storage_percent, this_year_level_observed_date = EXCLUDED.this_year_level_observed_date, this_year_is_stale = EXCLUDED.this_year_is_stale, gate_count_open = EXCLUDED.gate_count_open, gate_discharge_cumec = EXCLUDED.gate_discharge_cumec, last_year_level_m = EXCLUDED.last_year_level_m, last_year_live_capacity_mcm = EXCLUDED.last_year_live_capacity_mcm, last_year_live_storage_percent = EXCLUDED.last_year_live_storage_percent, source_url = EXCLUDED.source_url, raw = EXCLUDED.raw, fetched_at = now();
INSERT INTO dams (dam_id, dam_name, state, district, river_basin, owner_agency, status, risk_class, safety_score, source_registry, source_record_id, source_publication_year, source_url, updated_at) VALUES ('MPWRD-10634', 'Choral Tank', 'Madhya Pradesh', 'Indore', 'Chief Engineer Narmada Tapti Basin, Indore', 'Madhya Pradesh Water Resources Department', 'operational'::dam_status, 'low'::risk_class, 100.00, 'MPWRD', '10634', 2026, 'https://eims1.mpwrd.gov.in/fcmreport/control/main', now()) ON CONFLICT (dam_id) DO UPDATE SET dam_name = EXCLUDED.dam_name, state = EXCLUDED.state, district = EXCLUDED.district, river_basin = EXCLUDED.river_basin, owner_agency = EXCLUDED.owner_agency, status = EXCLUDED.status, risk_class = EXCLUDED.risk_class, safety_score = EXCLUDED.safety_score, source_registry = EXCLUDED.source_registry, source_record_id = EXCLUDED.source_record_id, source_publication_year = EXCLUDED.source_publication_year, source_url = EXCLUDED.source_url, updated_at = now();
INSERT INTO dam_reservoir (dam_id, reservoir_name, live_storage_mcm, current_storage_mcm, frl_m, updated_at) VALUES ('MPWRD-10634', 'Choral Tank', 19.32, 19.32, 608.99, now()) ON CONFLICT (dam_id) DO UPDATE SET reservoir_name = EXCLUDED.reservoir_name, live_storage_mcm = EXCLUDED.live_storage_mcm, current_storage_mcm = EXCLUDED.current_storage_mcm, frl_m = EXCLUDED.frl_m, updated_at = now();
INSERT INTO dam_engineering (dam_id, instrumentation, updated_at) VALUES ('MPWRD-10634', '{"basin_office": "Chief Engineer Narmada Tapti Basin, Indore", "gate_count_open": null, "gate_discharge_cumec": null, "last_year_level_m": null, "last_year_live_capacity_mcm": null, "last_year_live_storage_percent": null, "mpwrd_reservoir_code": "10634", "reading_time": "08:00:00", "this_year_is_stale": true, "this_year_level_observed_date": "2025-08-29"}'::jsonb, now()) ON CONFLICT (dam_id) DO UPDATE SET instrumentation = EXCLUDED.instrumentation, updated_at = now();
INSERT INTO mpwrd_reservoir_levels (source_registry, report_date, reservoir_code, dam_id, basin_office, reservoir_name, reading_time, district, frl_m, live_capacity_at_frl_mcm, this_year_level_m, this_year_live_capacity_mcm, this_year_live_storage_percent, this_year_level_observed_date, this_year_is_stale, gate_count_open, gate_discharge_cumec, last_year_level_m, last_year_live_capacity_mcm, last_year_live_storage_percent, source_url, raw, fetched_at) VALUES ('MPWRD', '2026-05-25', '10634', 'MPWRD-10634', 'Chief Engineer Narmada Tapti Basin, Indore', 'Choral Tank', '08:00:00', 'Indore', 608.99, 19.32, 608.99, 19.32, 100, '2025-08-29', TRUE, NULL, NULL, NULL, NULL, NULL, 'https://eims1.mpwrd.gov.in/fcmreport/control/main', '{"district": "Indore", "frl_m": "608.99", "gate_count_open": "", "gate_discharge_cumec": "", "last_year_level_m": "", "last_year_live_capacity_mcm": "", "last_year_live_storage_percent": "", "live_capacity_at_frl_mcm": "19.32", "reservoir": "Choral Tank [10634]", "serial": "121.", "this_year_level_m": "608.99 *", "this_year_live_capacity_mcm": "19.32", "this_year_live_storage_percent": "100", "time": "08:00:00"}'::jsonb, now()) ON CONFLICT (source_registry, report_date, reservoir_code) DO UPDATE SET dam_id = EXCLUDED.dam_id, basin_office = EXCLUDED.basin_office, reservoir_name = EXCLUDED.reservoir_name, reading_time = EXCLUDED.reading_time, district = EXCLUDED.district, frl_m = EXCLUDED.frl_m, live_capacity_at_frl_mcm = EXCLUDED.live_capacity_at_frl_mcm, this_year_level_m = EXCLUDED.this_year_level_m, this_year_live_capacity_mcm = EXCLUDED.this_year_live_capacity_mcm, this_year_live_storage_percent = EXCLUDED.this_year_live_storage_percent, this_year_level_observed_date = EXCLUDED.this_year_level_observed_date, this_year_is_stale = EXCLUDED.this_year_is_stale, gate_count_open = EXCLUDED.gate_count_open, gate_discharge_cumec = EXCLUDED.gate_discharge_cumec, last_year_level_m = EXCLUDED.last_year_level_m, last_year_live_capacity_mcm = EXCLUDED.last_year_live_capacity_mcm, last_year_live_storage_percent = EXCLUDED.last_year_live_storage_percent, source_url = EXCLUDED.source_url, raw = EXCLUDED.raw, fetched_at = now();
INSERT INTO dams (dam_id, dam_name, state, district, river_basin, owner_agency, status, risk_class, safety_score, source_registry, source_record_id, source_publication_year, source_url, updated_at) VALUES ('MPWRD-40333', 'Chunar Tank', 'Madhya Pradesh', 'Dhar', 'Chief Engineer Narmada Tapti Basin, Indore', 'Madhya Pradesh Water Resources Department', 'operational'::dam_status, 'low'::risk_class, 85.00, 'MPWRD', '40333', 2026, 'https://eims1.mpwrd.gov.in/fcmreport/control/main', now()) ON CONFLICT (dam_id) DO UPDATE SET dam_name = EXCLUDED.dam_name, state = EXCLUDED.state, district = EXCLUDED.district, river_basin = EXCLUDED.river_basin, owner_agency = EXCLUDED.owner_agency, status = EXCLUDED.status, risk_class = EXCLUDED.risk_class, safety_score = EXCLUDED.safety_score, source_registry = EXCLUDED.source_registry, source_record_id = EXCLUDED.source_record_id, source_publication_year = EXCLUDED.source_publication_year, source_url = EXCLUDED.source_url, updated_at = now();
INSERT INTO dam_reservoir (dam_id, reservoir_name, live_storage_mcm, current_storage_mcm, frl_m, updated_at) VALUES ('MPWRD-40333', 'Chunar Tank', 5.91, 5.06, 67.75, now()) ON CONFLICT (dam_id) DO UPDATE SET reservoir_name = EXCLUDED.reservoir_name, live_storage_mcm = EXCLUDED.live_storage_mcm, current_storage_mcm = EXCLUDED.current_storage_mcm, frl_m = EXCLUDED.frl_m, updated_at = now();
INSERT INTO dam_engineering (dam_id, instrumentation, updated_at) VALUES ('MPWRD-40333', '{"basin_office": "Chief Engineer Narmada Tapti Basin, Indore", "gate_count_open": null, "gate_discharge_cumec": null, "last_year_level_m": null, "last_year_live_capacity_mcm": null, "last_year_live_storage_percent": null, "mpwrd_reservoir_code": "40333", "reading_time": "08:00:00", "this_year_is_stale": true, "this_year_level_observed_date": "2025-09-23"}'::jsonb, now()) ON CONFLICT (dam_id) DO UPDATE SET instrumentation = EXCLUDED.instrumentation, updated_at = now();
INSERT INTO mpwrd_reservoir_levels (source_registry, report_date, reservoir_code, dam_id, basin_office, reservoir_name, reading_time, district, frl_m, live_capacity_at_frl_mcm, this_year_level_m, this_year_live_capacity_mcm, this_year_live_storage_percent, this_year_level_observed_date, this_year_is_stale, gate_count_open, gate_discharge_cumec, last_year_level_m, last_year_live_capacity_mcm, last_year_live_storage_percent, source_url, raw, fetched_at) VALUES ('MPWRD', '2026-05-25', '40333', 'MPWRD-40333', 'Chief Engineer Narmada Tapti Basin, Indore', 'Chunar Tank', '08:00:00', 'Dhar', 67.75, 5.91, 66.85, 5.06, 85, '2025-09-23', TRUE, NULL, NULL, NULL, NULL, NULL, 'https://eims1.mpwrd.gov.in/fcmreport/control/main', '{"district": "Dhar", "frl_m": "67.75", "gate_count_open": "", "gate_discharge_cumec": "", "last_year_level_m": "", "last_year_live_capacity_mcm": "", "last_year_live_storage_percent": "", "live_capacity_at_frl_mcm": "5.91", "reservoir": "Chunar Tank [40333]", "serial": "122.", "this_year_level_m": "66.85*", "this_year_live_capacity_mcm": "5.06", "this_year_live_storage_percent": "85", "time": "08:00:00"}'::jsonb, now()) ON CONFLICT (source_registry, report_date, reservoir_code) DO UPDATE SET dam_id = EXCLUDED.dam_id, basin_office = EXCLUDED.basin_office, reservoir_name = EXCLUDED.reservoir_name, reading_time = EXCLUDED.reading_time, district = EXCLUDED.district, frl_m = EXCLUDED.frl_m, live_capacity_at_frl_mcm = EXCLUDED.live_capacity_at_frl_mcm, this_year_level_m = EXCLUDED.this_year_level_m, this_year_live_capacity_mcm = EXCLUDED.this_year_live_capacity_mcm, this_year_live_storage_percent = EXCLUDED.this_year_live_storage_percent, this_year_level_observed_date = EXCLUDED.this_year_level_observed_date, this_year_is_stale = EXCLUDED.this_year_is_stale, gate_count_open = EXCLUDED.gate_count_open, gate_discharge_cumec = EXCLUDED.gate_discharge_cumec, last_year_level_m = EXCLUDED.last_year_level_m, last_year_live_capacity_mcm = EXCLUDED.last_year_live_capacity_mcm, last_year_live_storage_percent = EXCLUDED.last_year_live_storage_percent, source_url = EXCLUDED.source_url, raw = EXCLUDED.raw, fetched_at = now();
INSERT INTO dams (dam_id, dam_name, state, district, river_basin, owner_agency, status, risk_class, safety_score, source_registry, source_record_id, source_publication_year, source_url, updated_at) VALUES ('MPWRD-10696', 'Dejla Dewda Tank', 'Madhya Pradesh', 'Khargone', 'Chief Engineer Narmada Tapti Basin, Indore', 'Madhya Pradesh Water Resources Department', 'operational'::dam_status, 'low'::risk_class, 100.00, 'MPWRD', '10696', 2026, 'https://eims1.mpwrd.gov.in/fcmreport/control/main', now()) ON CONFLICT (dam_id) DO UPDATE SET dam_name = EXCLUDED.dam_name, state = EXCLUDED.state, district = EXCLUDED.district, river_basin = EXCLUDED.river_basin, owner_agency = EXCLUDED.owner_agency, status = EXCLUDED.status, risk_class = EXCLUDED.risk_class, safety_score = EXCLUDED.safety_score, source_registry = EXCLUDED.source_registry, source_record_id = EXCLUDED.source_record_id, source_publication_year = EXCLUDED.source_publication_year, source_url = EXCLUDED.source_url, updated_at = now();
INSERT INTO dam_reservoir (dam_id, reservoir_name, live_storage_mcm, current_storage_mcm, frl_m, updated_at) VALUES ('MPWRD-10696', 'Dejla Dewda Tank', 50.29, 50.29, 383.20, now()) ON CONFLICT (dam_id) DO UPDATE SET reservoir_name = EXCLUDED.reservoir_name, live_storage_mcm = EXCLUDED.live_storage_mcm, current_storage_mcm = EXCLUDED.current_storage_mcm, frl_m = EXCLUDED.frl_m, updated_at = now();
INSERT INTO dam_engineering (dam_id, instrumentation, updated_at) VALUES ('MPWRD-10696', '{"basin_office": "Chief Engineer Narmada Tapti Basin, Indore", "gate_count_open": null, "gate_discharge_cumec": null, "last_year_level_m": null, "last_year_live_capacity_mcm": null, "last_year_live_storage_percent": null, "mpwrd_reservoir_code": "10696", "reading_time": "08:00:00", "this_year_is_stale": true, "this_year_level_observed_date": "2025-09-25"}'::jsonb, now()) ON CONFLICT (dam_id) DO UPDATE SET instrumentation = EXCLUDED.instrumentation, updated_at = now();
INSERT INTO mpwrd_reservoir_levels (source_registry, report_date, reservoir_code, dam_id, basin_office, reservoir_name, reading_time, district, frl_m, live_capacity_at_frl_mcm, this_year_level_m, this_year_live_capacity_mcm, this_year_live_storage_percent, this_year_level_observed_date, this_year_is_stale, gate_count_open, gate_discharge_cumec, last_year_level_m, last_year_live_capacity_mcm, last_year_live_storage_percent, source_url, raw, fetched_at) VALUES ('MPWRD', '2026-05-25', '10696', 'MPWRD-10696', 'Chief Engineer Narmada Tapti Basin, Indore', 'Dejla Dewda Tank', '08:00:00', 'Khargone', 383.20, 50.29, 383.20, 50.29, 100, '2025-09-25', TRUE, NULL, NULL, NULL, NULL, NULL, 'https://eims1.mpwrd.gov.in/fcmreport/control/main', '{"district": "Khargone", "frl_m": "383.20", "gate_count_open": "", "gate_discharge_cumec": "", "last_year_level_m": "", "last_year_live_capacity_mcm": "", "last_year_live_storage_percent": "", "live_capacity_at_frl_mcm": "50.29", "reservoir": "Dejla Dewda Tank [10696]", "serial": "123.", "this_year_level_m": "383.20 *", "this_year_live_capacity_mcm": "50.29", "this_year_live_storage_percent": "100", "time": "08:00:00"}'::jsonb, now()) ON CONFLICT (source_registry, report_date, reservoir_code) DO UPDATE SET dam_id = EXCLUDED.dam_id, basin_office = EXCLUDED.basin_office, reservoir_name = EXCLUDED.reservoir_name, reading_time = EXCLUDED.reading_time, district = EXCLUDED.district, frl_m = EXCLUDED.frl_m, live_capacity_at_frl_mcm = EXCLUDED.live_capacity_at_frl_mcm, this_year_level_m = EXCLUDED.this_year_level_m, this_year_live_capacity_mcm = EXCLUDED.this_year_live_capacity_mcm, this_year_live_storage_percent = EXCLUDED.this_year_live_storage_percent, this_year_level_observed_date = EXCLUDED.this_year_level_observed_date, this_year_is_stale = EXCLUDED.this_year_is_stale, gate_count_open = EXCLUDED.gate_count_open, gate_discharge_cumec = EXCLUDED.gate_discharge_cumec, last_year_level_m = EXCLUDED.last_year_level_m, last_year_live_capacity_mcm = EXCLUDED.last_year_live_capacity_mcm, last_year_live_storage_percent = EXCLUDED.last_year_live_storage_percent, source_url = EXCLUDED.source_url, raw = EXCLUDED.raw, fetched_at = now();
INSERT INTO dams (dam_id, dam_name, state, district, river_basin, owner_agency, status, risk_class, safety_score, source_registry, source_record_id, source_publication_year, source_url, updated_at) VALUES ('MPWRD-10643', 'Depalpur Tank', 'Madhya Pradesh', 'Indore', 'Chief Engineer Narmada Tapti Basin, Indore', 'Madhya Pradesh Water Resources Department', 'operational'::dam_status, 'low'::risk_class, 100.00, 'MPWRD', '10643', 2026, 'https://eims1.mpwrd.gov.in/fcmreport/control/main', now()) ON CONFLICT (dam_id) DO UPDATE SET dam_name = EXCLUDED.dam_name, state = EXCLUDED.state, district = EXCLUDED.district, river_basin = EXCLUDED.river_basin, owner_agency = EXCLUDED.owner_agency, status = EXCLUDED.status, risk_class = EXCLUDED.risk_class, safety_score = EXCLUDED.safety_score, source_registry = EXCLUDED.source_registry, source_record_id = EXCLUDED.source_record_id, source_publication_year = EXCLUDED.source_publication_year, source_url = EXCLUDED.source_url, updated_at = now();
INSERT INTO dam_reservoir (dam_id, reservoir_name, live_storage_mcm, current_storage_mcm, frl_m, updated_at) VALUES ('MPWRD-10643', 'Depalpur Tank', 13.39, 13.39, 526.08, now()) ON CONFLICT (dam_id) DO UPDATE SET reservoir_name = EXCLUDED.reservoir_name, live_storage_mcm = EXCLUDED.live_storage_mcm, current_storage_mcm = EXCLUDED.current_storage_mcm, frl_m = EXCLUDED.frl_m, updated_at = now();
INSERT INTO dam_engineering (dam_id, instrumentation, updated_at) VALUES ('MPWRD-10643', '{"basin_office": "Chief Engineer Narmada Tapti Basin, Indore", "gate_count_open": null, "gate_discharge_cumec": null, "last_year_level_m": null, "last_year_live_capacity_mcm": null, "last_year_live_storage_percent": null, "mpwrd_reservoir_code": "10643", "reading_time": "08:00:00", "this_year_is_stale": true, "this_year_level_observed_date": "2025-09-24"}'::jsonb, now()) ON CONFLICT (dam_id) DO UPDATE SET instrumentation = EXCLUDED.instrumentation, updated_at = now();
INSERT INTO mpwrd_reservoir_levels (source_registry, report_date, reservoir_code, dam_id, basin_office, reservoir_name, reading_time, district, frl_m, live_capacity_at_frl_mcm, this_year_level_m, this_year_live_capacity_mcm, this_year_live_storage_percent, this_year_level_observed_date, this_year_is_stale, gate_count_open, gate_discharge_cumec, last_year_level_m, last_year_live_capacity_mcm, last_year_live_storage_percent, source_url, raw, fetched_at) VALUES ('MPWRD', '2026-05-25', '10643', 'MPWRD-10643', 'Chief Engineer Narmada Tapti Basin, Indore', 'Depalpur Tank', '08:00:00', 'Indore', 526.08, 13.39, 526.08, 13.39, 100, '2025-09-24', TRUE, NULL, NULL, NULL, NULL, NULL, 'https://eims1.mpwrd.gov.in/fcmreport/control/main', '{"district": "Indore", "frl_m": "526.08", "gate_count_open": "", "gate_discharge_cumec": "", "last_year_level_m": "", "last_year_live_capacity_mcm": "", "last_year_live_storage_percent": "", "live_capacity_at_frl_mcm": "13.39", "reservoir": "Depalpur Tank [10643]", "serial": "124.", "this_year_level_m": "526.08 *", "this_year_live_capacity_mcm": "13.39", "this_year_live_storage_percent": "100", "time": "08:00:00"}'::jsonb, now()) ON CONFLICT (source_registry, report_date, reservoir_code) DO UPDATE SET dam_id = EXCLUDED.dam_id, basin_office = EXCLUDED.basin_office, reservoir_name = EXCLUDED.reservoir_name, reading_time = EXCLUDED.reading_time, district = EXCLUDED.district, frl_m = EXCLUDED.frl_m, live_capacity_at_frl_mcm = EXCLUDED.live_capacity_at_frl_mcm, this_year_level_m = EXCLUDED.this_year_level_m, this_year_live_capacity_mcm = EXCLUDED.this_year_live_capacity_mcm, this_year_live_storage_percent = EXCLUDED.this_year_live_storage_percent, this_year_level_observed_date = EXCLUDED.this_year_level_observed_date, this_year_is_stale = EXCLUDED.this_year_is_stale, gate_count_open = EXCLUDED.gate_count_open, gate_discharge_cumec = EXCLUDED.gate_discharge_cumec, last_year_level_m = EXCLUDED.last_year_level_m, last_year_live_capacity_mcm = EXCLUDED.last_year_live_capacity_mcm, last_year_live_storage_percent = EXCLUDED.last_year_live_storage_percent, source_url = EXCLUDED.source_url, raw = EXCLUDED.raw, fetched_at = now();
INSERT INTO dams (dam_id, dam_name, state, district, river_basin, owner_agency, status, risk_class, safety_score, source_registry, source_record_id, source_publication_year, source_url, updated_at) VALUES ('MPWRD-10800', 'Dhamoi Tank', 'Madhya Pradesh', 'Jhabua', 'Chief Engineer Narmada Tapti Basin, Indore', 'Madhya Pradesh Water Resources Department', 'operational'::dam_status, 'low'::risk_class, 100.00, 'MPWRD', '10800', 2026, 'https://eims1.mpwrd.gov.in/fcmreport/control/main', now()) ON CONFLICT (dam_id) DO UPDATE SET dam_name = EXCLUDED.dam_name, state = EXCLUDED.state, district = EXCLUDED.district, river_basin = EXCLUDED.river_basin, owner_agency = EXCLUDED.owner_agency, status = EXCLUDED.status, risk_class = EXCLUDED.risk_class, safety_score = EXCLUDED.safety_score, source_registry = EXCLUDED.source_registry, source_record_id = EXCLUDED.source_record_id, source_publication_year = EXCLUDED.source_publication_year, source_url = EXCLUDED.source_url, updated_at = now();
INSERT INTO dam_reservoir (dam_id, reservoir_name, live_storage_mcm, current_storage_mcm, frl_m, updated_at) VALUES ('MPWRD-10800', 'Dhamoi Tank', 6.66, 6.66, 123.50, now()) ON CONFLICT (dam_id) DO UPDATE SET reservoir_name = EXCLUDED.reservoir_name, live_storage_mcm = EXCLUDED.live_storage_mcm, current_storage_mcm = EXCLUDED.current_storage_mcm, frl_m = EXCLUDED.frl_m, updated_at = now();
INSERT INTO dam_engineering (dam_id, instrumentation, updated_at) VALUES ('MPWRD-10800', '{"basin_office": "Chief Engineer Narmada Tapti Basin, Indore", "gate_count_open": null, "gate_discharge_cumec": null, "last_year_level_m": null, "last_year_live_capacity_mcm": null, "last_year_live_storage_percent": null, "mpwrd_reservoir_code": "10800", "reading_time": "08:00:00", "this_year_is_stale": true, "this_year_level_observed_date": "2025-09-05"}'::jsonb, now()) ON CONFLICT (dam_id) DO UPDATE SET instrumentation = EXCLUDED.instrumentation, updated_at = now();
INSERT INTO mpwrd_reservoir_levels (source_registry, report_date, reservoir_code, dam_id, basin_office, reservoir_name, reading_time, district, frl_m, live_capacity_at_frl_mcm, this_year_level_m, this_year_live_capacity_mcm, this_year_live_storage_percent, this_year_level_observed_date, this_year_is_stale, gate_count_open, gate_discharge_cumec, last_year_level_m, last_year_live_capacity_mcm, last_year_live_storage_percent, source_url, raw, fetched_at) VALUES ('MPWRD', '2026-05-25', '10800', 'MPWRD-10800', 'Chief Engineer Narmada Tapti Basin, Indore', 'Dhamoi Tank', '08:00:00', 'Jhabua', 123.50, 6.66, 123.50, 6.66, 100, '2025-09-05', TRUE, NULL, NULL, NULL, NULL, NULL, 'https://eims1.mpwrd.gov.in/fcmreport/control/main', '{"district": "Jhabua", "frl_m": "123.50", "gate_count_open": "", "gate_discharge_cumec": "", "last_year_level_m": "", "last_year_live_capacity_mcm": "", "last_year_live_storage_percent": "", "live_capacity_at_frl_mcm": "6.66", "reservoir": "Dhamoi Tank [10800]", "serial": "125.", "this_year_level_m": "123.50 *", "this_year_live_capacity_mcm": "6.66", "this_year_live_storage_percent": "100", "time": "08:00:00"}'::jsonb, now()) ON CONFLICT (source_registry, report_date, reservoir_code) DO UPDATE SET dam_id = EXCLUDED.dam_id, basin_office = EXCLUDED.basin_office, reservoir_name = EXCLUDED.reservoir_name, reading_time = EXCLUDED.reading_time, district = EXCLUDED.district, frl_m = EXCLUDED.frl_m, live_capacity_at_frl_mcm = EXCLUDED.live_capacity_at_frl_mcm, this_year_level_m = EXCLUDED.this_year_level_m, this_year_live_capacity_mcm = EXCLUDED.this_year_live_capacity_mcm, this_year_live_storage_percent = EXCLUDED.this_year_live_storage_percent, this_year_level_observed_date = EXCLUDED.this_year_level_observed_date, this_year_is_stale = EXCLUDED.this_year_is_stale, gate_count_open = EXCLUDED.gate_count_open, gate_discharge_cumec = EXCLUDED.gate_discharge_cumec, last_year_level_m = EXCLUDED.last_year_level_m, last_year_live_capacity_mcm = EXCLUDED.last_year_live_capacity_mcm, last_year_live_storage_percent = EXCLUDED.last_year_live_storage_percent, source_url = EXCLUDED.source_url, raw = EXCLUDED.raw, fetched_at = now();
INSERT INTO dams (dam_id, dam_name, state, district, river_basin, owner_agency, status, risk_class, safety_score, source_registry, source_record_id, source_publication_year, source_url, updated_at) VALUES ('MPWRD-32055', 'Dholkhara Tank', 'Madhya Pradesh', 'Jhabua', 'Chief Engineer Narmada Tapti Basin, Indore', 'Madhya Pradesh Water Resources Department', 'operational'::dam_status, 'low'::risk_class, 100.00, 'MPWRD', '32055', 2026, 'https://eims1.mpwrd.gov.in/fcmreport/control/main', now()) ON CONFLICT (dam_id) DO UPDATE SET dam_name = EXCLUDED.dam_name, state = EXCLUDED.state, district = EXCLUDED.district, river_basin = EXCLUDED.river_basin, owner_agency = EXCLUDED.owner_agency, status = EXCLUDED.status, risk_class = EXCLUDED.risk_class, safety_score = EXCLUDED.safety_score, source_registry = EXCLUDED.source_registry, source_record_id = EXCLUDED.source_record_id, source_publication_year = EXCLUDED.source_publication_year, source_url = EXCLUDED.source_url, updated_at = now();
INSERT INTO dam_reservoir (dam_id, reservoir_name, live_storage_mcm, current_storage_mcm, frl_m, updated_at) VALUES ('MPWRD-32055', 'Dholkhara Tank', 6.02, 6.02, 388.00, now()) ON CONFLICT (dam_id) DO UPDATE SET reservoir_name = EXCLUDED.reservoir_name, live_storage_mcm = EXCLUDED.live_storage_mcm, current_storage_mcm = EXCLUDED.current_storage_mcm, frl_m = EXCLUDED.frl_m, updated_at = now();
INSERT INTO dam_engineering (dam_id, instrumentation, updated_at) VALUES ('MPWRD-32055', '{"basin_office": "Chief Engineer Narmada Tapti Basin, Indore", "gate_count_open": null, "gate_discharge_cumec": null, "last_year_level_m": null, "last_year_live_capacity_mcm": null, "last_year_live_storage_percent": null, "mpwrd_reservoir_code": "32055", "reading_time": "08:00:00", "this_year_is_stale": true, "this_year_level_observed_date": "2025-09-05"}'::jsonb, now()) ON CONFLICT (dam_id) DO UPDATE SET instrumentation = EXCLUDED.instrumentation, updated_at = now();
INSERT INTO mpwrd_reservoir_levels (source_registry, report_date, reservoir_code, dam_id, basin_office, reservoir_name, reading_time, district, frl_m, live_capacity_at_frl_mcm, this_year_level_m, this_year_live_capacity_mcm, this_year_live_storage_percent, this_year_level_observed_date, this_year_is_stale, gate_count_open, gate_discharge_cumec, last_year_level_m, last_year_live_capacity_mcm, last_year_live_storage_percent, source_url, raw, fetched_at) VALUES ('MPWRD', '2026-05-25', '32055', 'MPWRD-32055', 'Chief Engineer Narmada Tapti Basin, Indore', 'Dholkhara Tank', '08:00:00', 'Jhabua', 388.00, 6.02, 388.00, 6.02, 100, '2025-09-05', TRUE, NULL, NULL, NULL, NULL, NULL, 'https://eims1.mpwrd.gov.in/fcmreport/control/main', '{"district": "Jhabua", "frl_m": "388.00", "gate_count_open": "", "gate_discharge_cumec": "", "last_year_level_m": "", "last_year_live_capacity_mcm": "", "last_year_live_storage_percent": "", "live_capacity_at_frl_mcm": "6.02", "reservoir": "Dholkhara Tank [32055]", "serial": "126.", "this_year_level_m": "388.00 *", "this_year_live_capacity_mcm": "6.02", "this_year_live_storage_percent": "100", "time": "08:00:00"}'::jsonb, now()) ON CONFLICT (source_registry, report_date, reservoir_code) DO UPDATE SET dam_id = EXCLUDED.dam_id, basin_office = EXCLUDED.basin_office, reservoir_name = EXCLUDED.reservoir_name, reading_time = EXCLUDED.reading_time, district = EXCLUDED.district, frl_m = EXCLUDED.frl_m, live_capacity_at_frl_mcm = EXCLUDED.live_capacity_at_frl_mcm, this_year_level_m = EXCLUDED.this_year_level_m, this_year_live_capacity_mcm = EXCLUDED.this_year_live_capacity_mcm, this_year_live_storage_percent = EXCLUDED.this_year_live_storage_percent, this_year_level_observed_date = EXCLUDED.this_year_level_observed_date, this_year_is_stale = EXCLUDED.this_year_is_stale, gate_count_open = EXCLUDED.gate_count_open, gate_discharge_cumec = EXCLUDED.gate_discharge_cumec, last_year_level_m = EXCLUDED.last_year_level_m, last_year_live_capacity_mcm = EXCLUDED.last_year_live_capacity_mcm, last_year_live_storage_percent = EXCLUDED.last_year_live_storage_percent, source_url = EXCLUDED.source_url, raw = EXCLUDED.raw, fetched_at = now();
INSERT INTO dams (dam_id, dam_name, state, district, river_basin, owner_agency, status, risk_class, safety_score, source_registry, source_record_id, source_publication_year, source_url, updated_at) VALUES ('MPWRD-10713', 'Gagan Tank', 'Madhya Pradesh', 'Khargone', 'Chief Engineer Narmada Tapti Basin, Indore', 'Madhya Pradesh Water Resources Department', 'operational'::dam_status, 'low'::risk_class, 100.00, 'MPWRD', '10713', 2026, 'https://eims1.mpwrd.gov.in/fcmreport/control/main', now()) ON CONFLICT (dam_id) DO UPDATE SET dam_name = EXCLUDED.dam_name, state = EXCLUDED.state, district = EXCLUDED.district, river_basin = EXCLUDED.river_basin, owner_agency = EXCLUDED.owner_agency, status = EXCLUDED.status, risk_class = EXCLUDED.risk_class, safety_score = EXCLUDED.safety_score, source_registry = EXCLUDED.source_registry, source_record_id = EXCLUDED.source_record_id, source_publication_year = EXCLUDED.source_publication_year, source_url = EXCLUDED.source_url, updated_at = now();
INSERT INTO dam_reservoir (dam_id, reservoir_name, live_storage_mcm, current_storage_mcm, frl_m, updated_at) VALUES ('MPWRD-10713', 'Gagan Tank', 7.94, 7.94, 201.15, now()) ON CONFLICT (dam_id) DO UPDATE SET reservoir_name = EXCLUDED.reservoir_name, live_storage_mcm = EXCLUDED.live_storage_mcm, current_storage_mcm = EXCLUDED.current_storage_mcm, frl_m = EXCLUDED.frl_m, updated_at = now();
INSERT INTO dam_engineering (dam_id, instrumentation, updated_at) VALUES ('MPWRD-10713', '{"basin_office": "Chief Engineer Narmada Tapti Basin, Indore", "gate_count_open": null, "gate_discharge_cumec": null, "last_year_level_m": null, "last_year_live_capacity_mcm": null, "last_year_live_storage_percent": null, "mpwrd_reservoir_code": "10713", "reading_time": "08:00:00", "this_year_is_stale": true, "this_year_level_observed_date": "2025-08-26"}'::jsonb, now()) ON CONFLICT (dam_id) DO UPDATE SET instrumentation = EXCLUDED.instrumentation, updated_at = now();
INSERT INTO mpwrd_reservoir_levels (source_registry, report_date, reservoir_code, dam_id, basin_office, reservoir_name, reading_time, district, frl_m, live_capacity_at_frl_mcm, this_year_level_m, this_year_live_capacity_mcm, this_year_live_storage_percent, this_year_level_observed_date, this_year_is_stale, gate_count_open, gate_discharge_cumec, last_year_level_m, last_year_live_capacity_mcm, last_year_live_storage_percent, source_url, raw, fetched_at) VALUES ('MPWRD', '2026-05-25', '10713', 'MPWRD-10713', 'Chief Engineer Narmada Tapti Basin, Indore', 'Gagan Tank', '08:00:00', 'Khargone', 201.15, 7.94, 201.15, 7.94, 100, '2025-08-26', TRUE, NULL, NULL, NULL, NULL, NULL, 'https://eims1.mpwrd.gov.in/fcmreport/control/main', '{"district": "Khargone", "frl_m": "201.15", "gate_count_open": "", "gate_discharge_cumec": "", "last_year_level_m": "", "last_year_live_capacity_mcm": "", "last_year_live_storage_percent": "", "live_capacity_at_frl_mcm": "7.94", "reservoir": "Gagan Tank [10713]", "serial": "127.", "this_year_level_m": "201.15 *", "this_year_live_capacity_mcm": "7.94", "this_year_live_storage_percent": "100", "time": "08:00:00"}'::jsonb, now()) ON CONFLICT (source_registry, report_date, reservoir_code) DO UPDATE SET dam_id = EXCLUDED.dam_id, basin_office = EXCLUDED.basin_office, reservoir_name = EXCLUDED.reservoir_name, reading_time = EXCLUDED.reading_time, district = EXCLUDED.district, frl_m = EXCLUDED.frl_m, live_capacity_at_frl_mcm = EXCLUDED.live_capacity_at_frl_mcm, this_year_level_m = EXCLUDED.this_year_level_m, this_year_live_capacity_mcm = EXCLUDED.this_year_live_capacity_mcm, this_year_live_storage_percent = EXCLUDED.this_year_live_storage_percent, this_year_level_observed_date = EXCLUDED.this_year_level_observed_date, this_year_is_stale = EXCLUDED.this_year_is_stale, gate_count_open = EXCLUDED.gate_count_open, gate_discharge_cumec = EXCLUDED.gate_discharge_cumec, last_year_level_m = EXCLUDED.last_year_level_m, last_year_live_capacity_mcm = EXCLUDED.last_year_live_capacity_mcm, last_year_live_storage_percent = EXCLUDED.last_year_live_storage_percent, source_url = EXCLUDED.source_url, raw = EXCLUDED.raw, fetched_at = now();
INSERT INTO dams (dam_id, dam_name, state, district, river_basin, owner_agency, status, risk_class, safety_score, source_registry, source_record_id, source_publication_year, source_url, updated_at) VALUES ('MPWRD-41633', 'GARI GALTAR TANK', 'Madhya Pradesh', 'Khargone', 'Chief Engineer Narmada Tapti Basin, Indore', 'Madhya Pradesh Water Resources Department', 'operational'::dam_status, 'low'::risk_class, 100.00, 'MPWRD', '41633', 2026, 'https://eims1.mpwrd.gov.in/fcmreport/control/main', now()) ON CONFLICT (dam_id) DO UPDATE SET dam_name = EXCLUDED.dam_name, state = EXCLUDED.state, district = EXCLUDED.district, river_basin = EXCLUDED.river_basin, owner_agency = EXCLUDED.owner_agency, status = EXCLUDED.status, risk_class = EXCLUDED.risk_class, safety_score = EXCLUDED.safety_score, source_registry = EXCLUDED.source_registry, source_record_id = EXCLUDED.source_record_id, source_publication_year = EXCLUDED.source_publication_year, source_url = EXCLUDED.source_url, updated_at = now();
INSERT INTO dam_reservoir (dam_id, reservoir_name, live_storage_mcm, current_storage_mcm, frl_m, updated_at) VALUES ('MPWRD-41633', 'GARI GALTAR TANK', 9.17, 9.17, 377.40, now()) ON CONFLICT (dam_id) DO UPDATE SET reservoir_name = EXCLUDED.reservoir_name, live_storage_mcm = EXCLUDED.live_storage_mcm, current_storage_mcm = EXCLUDED.current_storage_mcm, frl_m = EXCLUDED.frl_m, updated_at = now();
INSERT INTO dam_engineering (dam_id, instrumentation, updated_at) VALUES ('MPWRD-41633', '{"basin_office": "Chief Engineer Narmada Tapti Basin, Indore", "gate_count_open": null, "gate_discharge_cumec": null, "last_year_level_m": null, "last_year_live_capacity_mcm": null, "last_year_live_storage_percent": null, "mpwrd_reservoir_code": "41633", "reading_time": "08:00:00", "this_year_is_stale": true, "this_year_level_observed_date": "2025-09-03"}'::jsonb, now()) ON CONFLICT (dam_id) DO UPDATE SET instrumentation = EXCLUDED.instrumentation, updated_at = now();
INSERT INTO mpwrd_reservoir_levels (source_registry, report_date, reservoir_code, dam_id, basin_office, reservoir_name, reading_time, district, frl_m, live_capacity_at_frl_mcm, this_year_level_m, this_year_live_capacity_mcm, this_year_live_storage_percent, this_year_level_observed_date, this_year_is_stale, gate_count_open, gate_discharge_cumec, last_year_level_m, last_year_live_capacity_mcm, last_year_live_storage_percent, source_url, raw, fetched_at) VALUES ('MPWRD', '2026-05-25', '41633', 'MPWRD-41633', 'Chief Engineer Narmada Tapti Basin, Indore', 'GARI GALTAR TANK', '08:00:00', 'Khargone', 377.40, 9.17, 377.40, 9.17, 100, '2025-09-03', TRUE, NULL, NULL, NULL, NULL, NULL, 'https://eims1.mpwrd.gov.in/fcmreport/control/main', '{"district": "Khargone", "frl_m": "377.40", "gate_count_open": "", "gate_discharge_cumec": "", "last_year_level_m": "", "last_year_live_capacity_mcm": "", "last_year_live_storage_percent": "", "live_capacity_at_frl_mcm": "9.17", "reservoir": "GARI GALTAR TANK [41633]", "serial": "128.", "this_year_level_m": "377.40 *", "this_year_live_capacity_mcm": "9.17", "this_year_live_storage_percent": "100", "time": "08:00:00"}'::jsonb, now()) ON CONFLICT (source_registry, report_date, reservoir_code) DO UPDATE SET dam_id = EXCLUDED.dam_id, basin_office = EXCLUDED.basin_office, reservoir_name = EXCLUDED.reservoir_name, reading_time = EXCLUDED.reading_time, district = EXCLUDED.district, frl_m = EXCLUDED.frl_m, live_capacity_at_frl_mcm = EXCLUDED.live_capacity_at_frl_mcm, this_year_level_m = EXCLUDED.this_year_level_m, this_year_live_capacity_mcm = EXCLUDED.this_year_live_capacity_mcm, this_year_live_storage_percent = EXCLUDED.this_year_live_storage_percent, this_year_level_observed_date = EXCLUDED.this_year_level_observed_date, this_year_is_stale = EXCLUDED.this_year_is_stale, gate_count_open = EXCLUDED.gate_count_open, gate_discharge_cumec = EXCLUDED.gate_discharge_cumec, last_year_level_m = EXCLUDED.last_year_level_m, last_year_live_capacity_mcm = EXCLUDED.last_year_live_capacity_mcm, last_year_live_storage_percent = EXCLUDED.last_year_live_storage_percent, source_url = EXCLUDED.source_url, raw = EXCLUDED.raw, fetched_at = now();
INSERT INTO dams (dam_id, dam_name, state, district, river_basin, owner_agency, status, risk_class, safety_score, source_registry, source_record_id, source_publication_year, source_url, updated_at) VALUES ('MPWRD-26022', 'Gawlan Tank', 'Madhya Pradesh', 'Khargone', 'Chief Engineer Narmada Tapti Basin, Indore', 'Madhya Pradesh Water Resources Department', 'operational'::dam_status, 'moderate'::risk_class, 27.00, 'MPWRD', '26022', 2026, 'https://eims1.mpwrd.gov.in/fcmreport/control/main', now()) ON CONFLICT (dam_id) DO UPDATE SET dam_name = EXCLUDED.dam_name, state = EXCLUDED.state, district = EXCLUDED.district, river_basin = EXCLUDED.river_basin, owner_agency = EXCLUDED.owner_agency, status = EXCLUDED.status, risk_class = EXCLUDED.risk_class, safety_score = EXCLUDED.safety_score, source_registry = EXCLUDED.source_registry, source_record_id = EXCLUDED.source_record_id, source_publication_year = EXCLUDED.source_publication_year, source_url = EXCLUDED.source_url, updated_at = now();
INSERT INTO dam_reservoir (dam_id, reservoir_name, live_storage_mcm, current_storage_mcm, frl_m, updated_at) VALUES ('MPWRD-26022', 'Gawlan Tank', 5.68, 1.57, 255.30, now()) ON CONFLICT (dam_id) DO UPDATE SET reservoir_name = EXCLUDED.reservoir_name, live_storage_mcm = EXCLUDED.live_storage_mcm, current_storage_mcm = EXCLUDED.current_storage_mcm, frl_m = EXCLUDED.frl_m, updated_at = now();
INSERT INTO dam_engineering (dam_id, instrumentation, updated_at) VALUES ('MPWRD-26022', '{"basin_office": "Chief Engineer Narmada Tapti Basin, Indore", "gate_count_open": null, "gate_discharge_cumec": null, "last_year_level_m": null, "last_year_live_capacity_mcm": null, "last_year_live_storage_percent": null, "mpwrd_reservoir_code": "26022", "reading_time": "08:00:00", "this_year_is_stale": true, "this_year_level_observed_date": "2025-09-24"}'::jsonb, now()) ON CONFLICT (dam_id) DO UPDATE SET instrumentation = EXCLUDED.instrumentation, updated_at = now();
INSERT INTO mpwrd_reservoir_levels (source_registry, report_date, reservoir_code, dam_id, basin_office, reservoir_name, reading_time, district, frl_m, live_capacity_at_frl_mcm, this_year_level_m, this_year_live_capacity_mcm, this_year_live_storage_percent, this_year_level_observed_date, this_year_is_stale, gate_count_open, gate_discharge_cumec, last_year_level_m, last_year_live_capacity_mcm, last_year_live_storage_percent, source_url, raw, fetched_at) VALUES ('MPWRD', '2026-05-25', '26022', 'MPWRD-26022', 'Chief Engineer Narmada Tapti Basin, Indore', 'Gawlan Tank', '08:00:00', 'Khargone', 255.30, 5.68, 252.10, 1.57, 27, '2025-09-24', TRUE, NULL, NULL, NULL, NULL, NULL, 'https://eims1.mpwrd.gov.in/fcmreport/control/main', '{"district": "Khargone", "frl_m": "255.30", "gate_count_open": "", "gate_discharge_cumec": "", "last_year_level_m": "", "last_year_live_capacity_mcm": "", "last_year_live_storage_percent": "", "live_capacity_at_frl_mcm": "5.68", "reservoir": "Gawlan Tank [26022]", "serial": "129.", "this_year_level_m": "252.10*", "this_year_live_capacity_mcm": "1.57", "this_year_live_storage_percent": "27", "time": "08:00:00"}'::jsonb, now()) ON CONFLICT (source_registry, report_date, reservoir_code) DO UPDATE SET dam_id = EXCLUDED.dam_id, basin_office = EXCLUDED.basin_office, reservoir_name = EXCLUDED.reservoir_name, reading_time = EXCLUDED.reading_time, district = EXCLUDED.district, frl_m = EXCLUDED.frl_m, live_capacity_at_frl_mcm = EXCLUDED.live_capacity_at_frl_mcm, this_year_level_m = EXCLUDED.this_year_level_m, this_year_live_capacity_mcm = EXCLUDED.this_year_live_capacity_mcm, this_year_live_storage_percent = EXCLUDED.this_year_live_storage_percent, this_year_level_observed_date = EXCLUDED.this_year_level_observed_date, this_year_is_stale = EXCLUDED.this_year_is_stale, gate_count_open = EXCLUDED.gate_count_open, gate_discharge_cumec = EXCLUDED.gate_discharge_cumec, last_year_level_m = EXCLUDED.last_year_level_m, last_year_live_capacity_mcm = EXCLUDED.last_year_live_capacity_mcm, last_year_live_storage_percent = EXCLUDED.last_year_live_storage_percent, source_url = EXCLUDED.source_url, raw = EXCLUDED.raw, fetched_at = now();
INSERT INTO dams (dam_id, dam_name, state, district, river_basin, owner_agency, status, risk_class, safety_score, source_registry, source_record_id, source_publication_year, source_url, updated_at) VALUES ('MPWRD-33550', 'Gomai River Tank', 'Madhya Pradesh', 'Badwani', 'Chief Engineer Narmada Tapti Basin, Indore', 'Madhya Pradesh Water Resources Department', 'operational'::dam_status, 'low'::risk_class, 100.00, 'MPWRD', '33550', 2026, 'https://eims1.mpwrd.gov.in/fcmreport/control/main', now()) ON CONFLICT (dam_id) DO UPDATE SET dam_name = EXCLUDED.dam_name, state = EXCLUDED.state, district = EXCLUDED.district, river_basin = EXCLUDED.river_basin, owner_agency = EXCLUDED.owner_agency, status = EXCLUDED.status, risk_class = EXCLUDED.risk_class, safety_score = EXCLUDED.safety_score, source_registry = EXCLUDED.source_registry, source_record_id = EXCLUDED.source_record_id, source_publication_year = EXCLUDED.source_publication_year, source_url = EXCLUDED.source_url, updated_at = now();
INSERT INTO dam_reservoir (dam_id, reservoir_name, live_storage_mcm, current_storage_mcm, frl_m, updated_at) VALUES ('MPWRD-33550', 'Gomai River Tank', 6.57, 6.57, 300.65, now()) ON CONFLICT (dam_id) DO UPDATE SET reservoir_name = EXCLUDED.reservoir_name, live_storage_mcm = EXCLUDED.live_storage_mcm, current_storage_mcm = EXCLUDED.current_storage_mcm, frl_m = EXCLUDED.frl_m, updated_at = now();
INSERT INTO dam_engineering (dam_id, instrumentation, updated_at) VALUES ('MPWRD-33550', '{"basin_office": "Chief Engineer Narmada Tapti Basin, Indore", "gate_count_open": null, "gate_discharge_cumec": null, "last_year_level_m": null, "last_year_live_capacity_mcm": null, "last_year_live_storage_percent": null, "mpwrd_reservoir_code": "33550", "reading_time": "08:00:00", "this_year_is_stale": true, "this_year_level_observed_date": "2025-08-21"}'::jsonb, now()) ON CONFLICT (dam_id) DO UPDATE SET instrumentation = EXCLUDED.instrumentation, updated_at = now();
INSERT INTO mpwrd_reservoir_levels (source_registry, report_date, reservoir_code, dam_id, basin_office, reservoir_name, reading_time, district, frl_m, live_capacity_at_frl_mcm, this_year_level_m, this_year_live_capacity_mcm, this_year_live_storage_percent, this_year_level_observed_date, this_year_is_stale, gate_count_open, gate_discharge_cumec, last_year_level_m, last_year_live_capacity_mcm, last_year_live_storage_percent, source_url, raw, fetched_at) VALUES ('MPWRD', '2026-05-25', '33550', 'MPWRD-33550', 'Chief Engineer Narmada Tapti Basin, Indore', 'Gomai River Tank', '08:00:00', 'Badwani', 300.65, 6.57, 300.65, 6.57, 100, '2025-08-21', TRUE, NULL, NULL, NULL, NULL, NULL, 'https://eims1.mpwrd.gov.in/fcmreport/control/main', '{"district": "Badwani", "frl_m": "300.65", "gate_count_open": "", "gate_discharge_cumec": "", "last_year_level_m": "", "last_year_live_capacity_mcm": "", "last_year_live_storage_percent": "", "live_capacity_at_frl_mcm": "6.57", "reservoir": "Gomai River Tank [33550]", "serial": "130.", "this_year_level_m": "300.65 *", "this_year_live_capacity_mcm": "6.57", "this_year_live_storage_percent": "100", "time": "08:00:00"}'::jsonb, now()) ON CONFLICT (source_registry, report_date, reservoir_code) DO UPDATE SET dam_id = EXCLUDED.dam_id, basin_office = EXCLUDED.basin_office, reservoir_name = EXCLUDED.reservoir_name, reading_time = EXCLUDED.reading_time, district = EXCLUDED.district, frl_m = EXCLUDED.frl_m, live_capacity_at_frl_mcm = EXCLUDED.live_capacity_at_frl_mcm, this_year_level_m = EXCLUDED.this_year_level_m, this_year_live_capacity_mcm = EXCLUDED.this_year_live_capacity_mcm, this_year_live_storage_percent = EXCLUDED.this_year_live_storage_percent, this_year_level_observed_date = EXCLUDED.this_year_level_observed_date, this_year_is_stale = EXCLUDED.this_year_is_stale, gate_count_open = EXCLUDED.gate_count_open, gate_discharge_cumec = EXCLUDED.gate_discharge_cumec, last_year_level_m = EXCLUDED.last_year_level_m, last_year_live_capacity_mcm = EXCLUDED.last_year_live_capacity_mcm, last_year_live_storage_percent = EXCLUDED.last_year_live_storage_percent, source_url = EXCLUDED.source_url, raw = EXCLUDED.raw, fetched_at = now();
INSERT INTO dams (dam_id, dam_name, state, district, river_basin, owner_agency, status, risk_class, safety_score, source_registry, source_record_id, source_publication_year, source_url, updated_at) VALUES ('MPWRD-20674', 'Indla Tank', 'Madhya Pradesh', 'Dhar', 'Chief Engineer Narmada Tapti Basin, Indore', 'Madhya Pradesh Water Resources Department', 'operational'::dam_status, 'low'::risk_class, 91.00, 'MPWRD', '20674', 2026, 'https://eims1.mpwrd.gov.in/fcmreport/control/main', now()) ON CONFLICT (dam_id) DO UPDATE SET dam_name = EXCLUDED.dam_name, state = EXCLUDED.state, district = EXCLUDED.district, river_basin = EXCLUDED.river_basin, owner_agency = EXCLUDED.owner_agency, status = EXCLUDED.status, risk_class = EXCLUDED.risk_class, safety_score = EXCLUDED.safety_score, source_registry = EXCLUDED.source_registry, source_record_id = EXCLUDED.source_record_id, source_publication_year = EXCLUDED.source_publication_year, source_url = EXCLUDED.source_url, updated_at = now();
INSERT INTO dam_reservoir (dam_id, reservoir_name, live_storage_mcm, current_storage_mcm, frl_m, updated_at) VALUES ('MPWRD-20674', 'Indla Tank', 7.34, 6.74, 418.00, now()) ON CONFLICT (dam_id) DO UPDATE SET reservoir_name = EXCLUDED.reservoir_name, live_storage_mcm = EXCLUDED.live_storage_mcm, current_storage_mcm = EXCLUDED.current_storage_mcm, frl_m = EXCLUDED.frl_m, updated_at = now();
INSERT INTO dam_engineering (dam_id, instrumentation, updated_at) VALUES ('MPWRD-20674', '{"basin_office": "Chief Engineer Narmada Tapti Basin, Indore", "gate_count_open": null, "gate_discharge_cumec": null, "last_year_level_m": null, "last_year_live_capacity_mcm": null, "last_year_live_storage_percent": null, "mpwrd_reservoir_code": "20674", "reading_time": "08:00:00", "this_year_is_stale": true, "this_year_level_observed_date": "2025-08-28"}'::jsonb, now()) ON CONFLICT (dam_id) DO UPDATE SET instrumentation = EXCLUDED.instrumentation, updated_at = now();
INSERT INTO mpwrd_reservoir_levels (source_registry, report_date, reservoir_code, dam_id, basin_office, reservoir_name, reading_time, district, frl_m, live_capacity_at_frl_mcm, this_year_level_m, this_year_live_capacity_mcm, this_year_live_storage_percent, this_year_level_observed_date, this_year_is_stale, gate_count_open, gate_discharge_cumec, last_year_level_m, last_year_live_capacity_mcm, last_year_live_storage_percent, source_url, raw, fetched_at) VALUES ('MPWRD', '2026-05-25', '20674', 'MPWRD-20674', 'Chief Engineer Narmada Tapti Basin, Indore', 'Indla Tank', '08:00:00', 'Dhar', 418.00, 7.34, 417.30, 6.74, 91, '2025-08-28', TRUE, NULL, NULL, NULL, NULL, NULL, 'https://eims1.mpwrd.gov.in/fcmreport/control/main', '{"district": "Dhar", "frl_m": "418.00", "gate_count_open": "", "gate_discharge_cumec": "", "last_year_level_m": "", "last_year_live_capacity_mcm": "", "last_year_live_storage_percent": "", "live_capacity_at_frl_mcm": "7.34", "reservoir": "Indla Tank [20674]", "serial": "131.", "this_year_level_m": "417.30*", "this_year_live_capacity_mcm": "6.74", "this_year_live_storage_percent": "91", "time": "08:00:00"}'::jsonb, now()) ON CONFLICT (source_registry, report_date, reservoir_code) DO UPDATE SET dam_id = EXCLUDED.dam_id, basin_office = EXCLUDED.basin_office, reservoir_name = EXCLUDED.reservoir_name, reading_time = EXCLUDED.reading_time, district = EXCLUDED.district, frl_m = EXCLUDED.frl_m, live_capacity_at_frl_mcm = EXCLUDED.live_capacity_at_frl_mcm, this_year_level_m = EXCLUDED.this_year_level_m, this_year_live_capacity_mcm = EXCLUDED.this_year_live_capacity_mcm, this_year_live_storage_percent = EXCLUDED.this_year_live_storage_percent, this_year_level_observed_date = EXCLUDED.this_year_level_observed_date, this_year_is_stale = EXCLUDED.this_year_is_stale, gate_count_open = EXCLUDED.gate_count_open, gate_discharge_cumec = EXCLUDED.gate_discharge_cumec, last_year_level_m = EXCLUDED.last_year_level_m, last_year_live_capacity_mcm = EXCLUDED.last_year_live_capacity_mcm, last_year_live_storage_percent = EXCLUDED.last_year_live_storage_percent, source_url = EXCLUDED.source_url, raw = EXCLUDED.raw, fetched_at = now();
INSERT INTO dams (dam_id, dam_name, state, district, river_basin, owner_agency, status, risk_class, safety_score, source_registry, source_record_id, source_publication_year, source_url, updated_at) VALUES ('MPWRD-23574', 'Jirbhar Tank', 'Madhya Pradesh', 'Khargone', 'Chief Engineer Narmada Tapti Basin, Indore', 'Madhya Pradesh Water Resources Department', 'operational'::dam_status, 'low'::risk_class, 100.00, 'MPWRD', '23574', 2026, 'https://eims1.mpwrd.gov.in/fcmreport/control/main', now()) ON CONFLICT (dam_id) DO UPDATE SET dam_name = EXCLUDED.dam_name, state = EXCLUDED.state, district = EXCLUDED.district, river_basin = EXCLUDED.river_basin, owner_agency = EXCLUDED.owner_agency, status = EXCLUDED.status, risk_class = EXCLUDED.risk_class, safety_score = EXCLUDED.safety_score, source_registry = EXCLUDED.source_registry, source_record_id = EXCLUDED.source_record_id, source_publication_year = EXCLUDED.source_publication_year, source_url = EXCLUDED.source_url, updated_at = now();
INSERT INTO dam_reservoir (dam_id, reservoir_name, live_storage_mcm, current_storage_mcm, frl_m, updated_at) VALUES ('MPWRD-23574', 'Jirbhar Tank', 9.35, 9.35, 197.50, now()) ON CONFLICT (dam_id) DO UPDATE SET reservoir_name = EXCLUDED.reservoir_name, live_storage_mcm = EXCLUDED.live_storage_mcm, current_storage_mcm = EXCLUDED.current_storage_mcm, frl_m = EXCLUDED.frl_m, updated_at = now();
INSERT INTO dam_engineering (dam_id, instrumentation, updated_at) VALUES ('MPWRD-23574', '{"basin_office": "Chief Engineer Narmada Tapti Basin, Indore", "gate_count_open": null, "gate_discharge_cumec": null, "last_year_level_m": null, "last_year_live_capacity_mcm": null, "last_year_live_storage_percent": null, "mpwrd_reservoir_code": "23574", "reading_time": "08:00:00", "this_year_is_stale": true, "this_year_level_observed_date": "2025-09-24"}'::jsonb, now()) ON CONFLICT (dam_id) DO UPDATE SET instrumentation = EXCLUDED.instrumentation, updated_at = now();
INSERT INTO mpwrd_reservoir_levels (source_registry, report_date, reservoir_code, dam_id, basin_office, reservoir_name, reading_time, district, frl_m, live_capacity_at_frl_mcm, this_year_level_m, this_year_live_capacity_mcm, this_year_live_storage_percent, this_year_level_observed_date, this_year_is_stale, gate_count_open, gate_discharge_cumec, last_year_level_m, last_year_live_capacity_mcm, last_year_live_storage_percent, source_url, raw, fetched_at) VALUES ('MPWRD', '2026-05-25', '23574', 'MPWRD-23574', 'Chief Engineer Narmada Tapti Basin, Indore', 'Jirbhar Tank', '08:00:00', 'Khargone', 197.50, 9.35, 197.50, 9.35, 100, '2025-09-24', TRUE, NULL, NULL, NULL, NULL, NULL, 'https://eims1.mpwrd.gov.in/fcmreport/control/main', '{"district": "Khargone", "frl_m": "197.50", "gate_count_open": "", "gate_discharge_cumec": "", "last_year_level_m": "", "last_year_live_capacity_mcm": "", "last_year_live_storage_percent": "", "live_capacity_at_frl_mcm": "9.35", "reservoir": "Jirbhar Tank [23574]", "serial": "132.", "this_year_level_m": "197.50 *", "this_year_live_capacity_mcm": "9.35", "this_year_live_storage_percent": "100", "time": "08:00:00"}'::jsonb, now()) ON CONFLICT (source_registry, report_date, reservoir_code) DO UPDATE SET dam_id = EXCLUDED.dam_id, basin_office = EXCLUDED.basin_office, reservoir_name = EXCLUDED.reservoir_name, reading_time = EXCLUDED.reading_time, district = EXCLUDED.district, frl_m = EXCLUDED.frl_m, live_capacity_at_frl_mcm = EXCLUDED.live_capacity_at_frl_mcm, this_year_level_m = EXCLUDED.this_year_level_m, this_year_live_capacity_mcm = EXCLUDED.this_year_live_capacity_mcm, this_year_live_storage_percent = EXCLUDED.this_year_live_storage_percent, this_year_level_observed_date = EXCLUDED.this_year_level_observed_date, this_year_is_stale = EXCLUDED.this_year_is_stale, gate_count_open = EXCLUDED.gate_count_open, gate_discharge_cumec = EXCLUDED.gate_discharge_cumec, last_year_level_m = EXCLUDED.last_year_level_m, last_year_live_capacity_mcm = EXCLUDED.last_year_live_capacity_mcm, last_year_live_storage_percent = EXCLUDED.last_year_live_storage_percent, source_url = EXCLUDED.source_url, raw = EXCLUDED.raw, fetched_at = now();
INSERT INTO dams (dam_id, dam_name, state, district, river_basin, owner_agency, status, risk_class, safety_score, source_registry, source_record_id, source_publication_year, source_url, updated_at) VALUES ('MPWRD-41540', 'Kharak Tank', 'Madhya Pradesh', 'Khargone', 'Chief Engineer Narmada Tapti Basin, Indore', 'Madhya Pradesh Water Resources Department', 'operational'::dam_status, 'low'::risk_class, 100.00, 'MPWRD', '41540', 2026, 'https://eims1.mpwrd.gov.in/fcmreport/control/main', now()) ON CONFLICT (dam_id) DO UPDATE SET dam_name = EXCLUDED.dam_name, state = EXCLUDED.state, district = EXCLUDED.district, river_basin = EXCLUDED.river_basin, owner_agency = EXCLUDED.owner_agency, status = EXCLUDED.status, risk_class = EXCLUDED.risk_class, safety_score = EXCLUDED.safety_score, source_registry = EXCLUDED.source_registry, source_record_id = EXCLUDED.source_record_id, source_publication_year = EXCLUDED.source_publication_year, source_url = EXCLUDED.source_url, updated_at = now();
INSERT INTO dam_reservoir (dam_id, reservoir_name, live_storage_mcm, current_storage_mcm, frl_m, updated_at) VALUES ('MPWRD-41540', 'Kharak Tank', 18.29, 18.29, 413.50, now()) ON CONFLICT (dam_id) DO UPDATE SET reservoir_name = EXCLUDED.reservoir_name, live_storage_mcm = EXCLUDED.live_storage_mcm, current_storage_mcm = EXCLUDED.current_storage_mcm, frl_m = EXCLUDED.frl_m, updated_at = now();
INSERT INTO dam_engineering (dam_id, instrumentation, updated_at) VALUES ('MPWRD-41540', '{"basin_office": "Chief Engineer Narmada Tapti Basin, Indore", "gate_count_open": null, "gate_discharge_cumec": null, "last_year_level_m": null, "last_year_live_capacity_mcm": null, "last_year_live_storage_percent": null, "mpwrd_reservoir_code": "41540", "reading_time": "08:00:00", "this_year_is_stale": true, "this_year_level_observed_date": "2025-08-21"}'::jsonb, now()) ON CONFLICT (dam_id) DO UPDATE SET instrumentation = EXCLUDED.instrumentation, updated_at = now();
INSERT INTO mpwrd_reservoir_levels (source_registry, report_date, reservoir_code, dam_id, basin_office, reservoir_name, reading_time, district, frl_m, live_capacity_at_frl_mcm, this_year_level_m, this_year_live_capacity_mcm, this_year_live_storage_percent, this_year_level_observed_date, this_year_is_stale, gate_count_open, gate_discharge_cumec, last_year_level_m, last_year_live_capacity_mcm, last_year_live_storage_percent, source_url, raw, fetched_at) VALUES ('MPWRD', '2026-05-25', '41540', 'MPWRD-41540', 'Chief Engineer Narmada Tapti Basin, Indore', 'Kharak Tank', '08:00:00', 'Khargone', 413.50, 18.29, 413.50, 18.29, 100, '2025-08-21', TRUE, NULL, NULL, NULL, NULL, NULL, 'https://eims1.mpwrd.gov.in/fcmreport/control/main', '{"district": "Khargone", "frl_m": "413.50", "gate_count_open": "", "gate_discharge_cumec": "", "last_year_level_m": "", "last_year_live_capacity_mcm": "", "last_year_live_storage_percent": "", "live_capacity_at_frl_mcm": "18.29", "reservoir": "Kharak Tank [41540]", "serial": "133.", "this_year_level_m": "413.50 *", "this_year_live_capacity_mcm": "18.29", "this_year_live_storage_percent": "100", "time": "08:00:00"}'::jsonb, now()) ON CONFLICT (source_registry, report_date, reservoir_code) DO UPDATE SET dam_id = EXCLUDED.dam_id, basin_office = EXCLUDED.basin_office, reservoir_name = EXCLUDED.reservoir_name, reading_time = EXCLUDED.reading_time, district = EXCLUDED.district, frl_m = EXCLUDED.frl_m, live_capacity_at_frl_mcm = EXCLUDED.live_capacity_at_frl_mcm, this_year_level_m = EXCLUDED.this_year_level_m, this_year_live_capacity_mcm = EXCLUDED.this_year_live_capacity_mcm, this_year_live_storage_percent = EXCLUDED.this_year_live_storage_percent, this_year_level_observed_date = EXCLUDED.this_year_level_observed_date, this_year_is_stale = EXCLUDED.this_year_is_stale, gate_count_open = EXCLUDED.gate_count_open, gate_discharge_cumec = EXCLUDED.gate_discharge_cumec, last_year_level_m = EXCLUDED.last_year_level_m, last_year_live_capacity_mcm = EXCLUDED.last_year_live_capacity_mcm, last_year_live_storage_percent = EXCLUDED.last_year_live_storage_percent, source_url = EXCLUDED.source_url, raw = EXCLUDED.raw, fetched_at = now();
INSERT INTO dams (dam_id, dam_name, state, district, river_basin, owner_agency, status, risk_class, safety_score, source_registry, source_record_id, source_publication_year, source_url, updated_at) VALUES ('MPWRD-10820', 'Kunda Dam', 'Madhya Pradesh', 'Dhar', 'Chief Engineer Narmada Tapti Basin, Indore', 'Madhya Pradesh Water Resources Department', 'operational'::dam_status, 'low'::risk_class, 100.00, 'MPWRD', '10820', 2026, 'https://eims1.mpwrd.gov.in/fcmreport/control/main', now()) ON CONFLICT (dam_id) DO UPDATE SET dam_name = EXCLUDED.dam_name, state = EXCLUDED.state, district = EXCLUDED.district, river_basin = EXCLUDED.river_basin, owner_agency = EXCLUDED.owner_agency, status = EXCLUDED.status, risk_class = EXCLUDED.risk_class, safety_score = EXCLUDED.safety_score, source_registry = EXCLUDED.source_registry, source_record_id = EXCLUDED.source_record_id, source_publication_year = EXCLUDED.source_publication_year, source_url = EXCLUDED.source_url, updated_at = now();
INSERT INTO dam_reservoir (dam_id, reservoir_name, live_storage_mcm, current_storage_mcm, frl_m, updated_at) VALUES ('MPWRD-10820', 'Kunda Dam', 8.10, 8.10, 175.30, now()) ON CONFLICT (dam_id) DO UPDATE SET reservoir_name = EXCLUDED.reservoir_name, live_storage_mcm = EXCLUDED.live_storage_mcm, current_storage_mcm = EXCLUDED.current_storage_mcm, frl_m = EXCLUDED.frl_m, updated_at = now();
INSERT INTO dam_engineering (dam_id, instrumentation, updated_at) VALUES ('MPWRD-10820', '{"basin_office": "Chief Engineer Narmada Tapti Basin, Indore", "gate_count_open": null, "gate_discharge_cumec": null, "last_year_level_m": null, "last_year_live_capacity_mcm": null, "last_year_live_storage_percent": null, "mpwrd_reservoir_code": "10820", "reading_time": "08:00:00", "this_year_is_stale": true, "this_year_level_observed_date": "2025-09-15"}'::jsonb, now()) ON CONFLICT (dam_id) DO UPDATE SET instrumentation = EXCLUDED.instrumentation, updated_at = now();
INSERT INTO mpwrd_reservoir_levels (source_registry, report_date, reservoir_code, dam_id, basin_office, reservoir_name, reading_time, district, frl_m, live_capacity_at_frl_mcm, this_year_level_m, this_year_live_capacity_mcm, this_year_live_storage_percent, this_year_level_observed_date, this_year_is_stale, gate_count_open, gate_discharge_cumec, last_year_level_m, last_year_live_capacity_mcm, last_year_live_storage_percent, source_url, raw, fetched_at) VALUES ('MPWRD', '2026-05-25', '10820', 'MPWRD-10820', 'Chief Engineer Narmada Tapti Basin, Indore', 'Kunda Dam', '08:00:00', 'Dhar', 175.30, 8.10, 175.30, 8.10, 100, '2025-09-15', TRUE, NULL, NULL, NULL, NULL, NULL, 'https://eims1.mpwrd.gov.in/fcmreport/control/main', '{"district": "Dhar", "frl_m": "175.30", "gate_count_open": "", "gate_discharge_cumec": "", "last_year_level_m": "", "last_year_live_capacity_mcm": "", "last_year_live_storage_percent": "", "live_capacity_at_frl_mcm": "8.10", "reservoir": "Kunda Dam [10820]", "serial": "134.", "this_year_level_m": "175.30 *", "this_year_live_capacity_mcm": "8.10", "this_year_live_storage_percent": "100", "time": "08:00:00"}'::jsonb, now()) ON CONFLICT (source_registry, report_date, reservoir_code) DO UPDATE SET dam_id = EXCLUDED.dam_id, basin_office = EXCLUDED.basin_office, reservoir_name = EXCLUDED.reservoir_name, reading_time = EXCLUDED.reading_time, district = EXCLUDED.district, frl_m = EXCLUDED.frl_m, live_capacity_at_frl_mcm = EXCLUDED.live_capacity_at_frl_mcm, this_year_level_m = EXCLUDED.this_year_level_m, this_year_live_capacity_mcm = EXCLUDED.this_year_live_capacity_mcm, this_year_live_storage_percent = EXCLUDED.this_year_live_storage_percent, this_year_level_observed_date = EXCLUDED.this_year_level_observed_date, this_year_is_stale = EXCLUDED.this_year_is_stale, gate_count_open = EXCLUDED.gate_count_open, gate_discharge_cumec = EXCLUDED.gate_discharge_cumec, last_year_level_m = EXCLUDED.last_year_level_m, last_year_live_capacity_mcm = EXCLUDED.last_year_live_capacity_mcm, last_year_live_storage_percent = EXCLUDED.last_year_live_storage_percent, source_url = EXCLUDED.source_url, raw = EXCLUDED.raw, fetched_at = now();
INSERT INTO dams (dam_id, dam_name, state, district, river_basin, owner_agency, status, risk_class, safety_score, source_registry, source_record_id, source_publication_year, source_url, updated_at) VALUES ('MPWRD-10852', 'Mahi Main Dam', 'Madhya Pradesh', 'Jhabua', 'Chief Engineer Narmada Tapti Basin, Indore', 'Madhya Pradesh Water Resources Department', 'operational'::dam_status, 'low'::risk_class, 95.00, 'MPWRD', '10852', 2026, 'https://eims1.mpwrd.gov.in/fcmreport/control/main', now()) ON CONFLICT (dam_id) DO UPDATE SET dam_name = EXCLUDED.dam_name, state = EXCLUDED.state, district = EXCLUDED.district, river_basin = EXCLUDED.river_basin, owner_agency = EXCLUDED.owner_agency, status = EXCLUDED.status, risk_class = EXCLUDED.risk_class, safety_score = EXCLUDED.safety_score, source_registry = EXCLUDED.source_registry, source_record_id = EXCLUDED.source_record_id, source_publication_year = EXCLUDED.source_publication_year, source_url = EXCLUDED.source_url, updated_at = now();
INSERT INTO dam_reservoir (dam_id, reservoir_name, live_storage_mcm, current_storage_mcm, frl_m, updated_at) VALUES ('MPWRD-10852', 'Mahi Main Dam', 135.60, 129.18, 451.50, now()) ON CONFLICT (dam_id) DO UPDATE SET reservoir_name = EXCLUDED.reservoir_name, live_storage_mcm = EXCLUDED.live_storage_mcm, current_storage_mcm = EXCLUDED.current_storage_mcm, frl_m = EXCLUDED.frl_m, updated_at = now();
INSERT INTO dam_engineering (dam_id, instrumentation, updated_at) VALUES ('MPWRD-10852', '{"basin_office": "Chief Engineer Narmada Tapti Basin, Indore", "gate_count_open": null, "gate_discharge_cumec": null, "last_year_level_m": null, "last_year_live_capacity_mcm": null, "last_year_live_storage_percent": null, "mpwrd_reservoir_code": "10852", "reading_time": "08:00:00", "this_year_is_stale": true, "this_year_level_observed_date": "2025-09-25"}'::jsonb, now()) ON CONFLICT (dam_id) DO UPDATE SET instrumentation = EXCLUDED.instrumentation, updated_at = now();
INSERT INTO mpwrd_reservoir_levels (source_registry, report_date, reservoir_code, dam_id, basin_office, reservoir_name, reading_time, district, frl_m, live_capacity_at_frl_mcm, this_year_level_m, this_year_live_capacity_mcm, this_year_live_storage_percent, this_year_level_observed_date, this_year_is_stale, gate_count_open, gate_discharge_cumec, last_year_level_m, last_year_live_capacity_mcm, last_year_live_storage_percent, source_url, raw, fetched_at) VALUES ('MPWRD', '2026-05-25', '10852', 'MPWRD-10852', 'Chief Engineer Narmada Tapti Basin, Indore', 'Mahi Main Dam', '08:00:00', 'Jhabua', 451.50, 135.60, 451.20, 129.18, 95, '2025-09-25', TRUE, NULL, NULL, NULL, NULL, NULL, 'https://eims1.mpwrd.gov.in/fcmreport/control/main', '{"district": "Jhabua", "frl_m": "451.50", "gate_count_open": "", "gate_discharge_cumec": "", "last_year_level_m": "", "last_year_live_capacity_mcm": "", "last_year_live_storage_percent": "", "live_capacity_at_frl_mcm": "135.60", "reservoir": "Mahi Main Dam [10852]", "serial": "135.", "this_year_level_m": "451.20*", "this_year_live_capacity_mcm": "129.18", "this_year_live_storage_percent": "95", "time": "08:00:00"}'::jsonb, now()) ON CONFLICT (source_registry, report_date, reservoir_code) DO UPDATE SET dam_id = EXCLUDED.dam_id, basin_office = EXCLUDED.basin_office, reservoir_name = EXCLUDED.reservoir_name, reading_time = EXCLUDED.reading_time, district = EXCLUDED.district, frl_m = EXCLUDED.frl_m, live_capacity_at_frl_mcm = EXCLUDED.live_capacity_at_frl_mcm, this_year_level_m = EXCLUDED.this_year_level_m, this_year_live_capacity_mcm = EXCLUDED.this_year_live_capacity_mcm, this_year_live_storage_percent = EXCLUDED.this_year_live_storage_percent, this_year_level_observed_date = EXCLUDED.this_year_level_observed_date, this_year_is_stale = EXCLUDED.this_year_is_stale, gate_count_open = EXCLUDED.gate_count_open, gate_discharge_cumec = EXCLUDED.gate_discharge_cumec, last_year_level_m = EXCLUDED.last_year_level_m, last_year_live_capacity_mcm = EXCLUDED.last_year_live_capacity_mcm, last_year_live_storage_percent = EXCLUDED.last_year_live_storage_percent, source_url = EXCLUDED.source_url, raw = EXCLUDED.raw, fetched_at = now();
INSERT INTO dams (dam_id, dam_name, state, district, river_basin, owner_agency, status, risk_class, safety_score, source_registry, source_record_id, source_publication_year, source_url, updated_at) VALUES ('MPWRD-21515', 'Mahi Subsidiary Dam', 'Madhya Pradesh', 'Dhar', 'Chief Engineer Narmada Tapti Basin, Indore', 'Madhya Pradesh Water Resources Department', 'operational'::dam_status, 'low'::risk_class, 98.00, 'MPWRD', '21515', 2026, 'https://eims1.mpwrd.gov.in/fcmreport/control/main', now()) ON CONFLICT (dam_id) DO UPDATE SET dam_name = EXCLUDED.dam_name, state = EXCLUDED.state, district = EXCLUDED.district, river_basin = EXCLUDED.river_basin, owner_agency = EXCLUDED.owner_agency, status = EXCLUDED.status, risk_class = EXCLUDED.risk_class, safety_score = EXCLUDED.safety_score, source_registry = EXCLUDED.source_registry, source_record_id = EXCLUDED.source_record_id, source_publication_year = EXCLUDED.source_publication_year, source_url = EXCLUDED.source_url, updated_at = now();
INSERT INTO dam_reservoir (dam_id, reservoir_name, live_storage_mcm, current_storage_mcm, frl_m, updated_at) VALUES ('MPWRD-21515', 'Mahi Subsidiary Dam', 39.48, 39.07, 474.30, now()) ON CONFLICT (dam_id) DO UPDATE SET reservoir_name = EXCLUDED.reservoir_name, live_storage_mcm = EXCLUDED.live_storage_mcm, current_storage_mcm = EXCLUDED.current_storage_mcm, frl_m = EXCLUDED.frl_m, updated_at = now();
INSERT INTO dam_engineering (dam_id, instrumentation, updated_at) VALUES ('MPWRD-21515', '{"basin_office": "Chief Engineer Narmada Tapti Basin, Indore", "gate_count_open": null, "gate_discharge_cumec": null, "last_year_level_m": null, "last_year_live_capacity_mcm": null, "last_year_live_storage_percent": null, "mpwrd_reservoir_code": "21515", "reading_time": "08:00:00", "this_year_is_stale": true, "this_year_level_observed_date": "2025-09-25"}'::jsonb, now()) ON CONFLICT (dam_id) DO UPDATE SET instrumentation = EXCLUDED.instrumentation, updated_at = now();
INSERT INTO mpwrd_reservoir_levels (source_registry, report_date, reservoir_code, dam_id, basin_office, reservoir_name, reading_time, district, frl_m, live_capacity_at_frl_mcm, this_year_level_m, this_year_live_capacity_mcm, this_year_live_storage_percent, this_year_level_observed_date, this_year_is_stale, gate_count_open, gate_discharge_cumec, last_year_level_m, last_year_live_capacity_mcm, last_year_live_storage_percent, source_url, raw, fetched_at) VALUES ('MPWRD', '2026-05-25', '21515', 'MPWRD-21515', 'Chief Engineer Narmada Tapti Basin, Indore', 'Mahi Subsidiary Dam', '08:00:00', 'Dhar', 474.30, 39.48, 474.25, 39.07, 98, '2025-09-25', TRUE, NULL, NULL, NULL, NULL, NULL, 'https://eims1.mpwrd.gov.in/fcmreport/control/main', '{"district": "Dhar", "frl_m": "474.30", "gate_count_open": "", "gate_discharge_cumec": "", "last_year_level_m": "", "last_year_live_capacity_mcm": "", "last_year_live_storage_percent": "", "live_capacity_at_frl_mcm": "39.48", "reservoir": "Mahi Subsidiary Dam [21515]", "serial": "136.", "this_year_level_m": "474.25*", "this_year_live_capacity_mcm": "39.07", "this_year_live_storage_percent": "98", "time": "08:00:00"}'::jsonb, now()) ON CONFLICT (source_registry, report_date, reservoir_code) DO UPDATE SET dam_id = EXCLUDED.dam_id, basin_office = EXCLUDED.basin_office, reservoir_name = EXCLUDED.reservoir_name, reading_time = EXCLUDED.reading_time, district = EXCLUDED.district, frl_m = EXCLUDED.frl_m, live_capacity_at_frl_mcm = EXCLUDED.live_capacity_at_frl_mcm, this_year_level_m = EXCLUDED.this_year_level_m, this_year_live_capacity_mcm = EXCLUDED.this_year_live_capacity_mcm, this_year_live_storage_percent = EXCLUDED.this_year_live_storage_percent, this_year_level_observed_date = EXCLUDED.this_year_level_observed_date, this_year_is_stale = EXCLUDED.this_year_is_stale, gate_count_open = EXCLUDED.gate_count_open, gate_discharge_cumec = EXCLUDED.gate_discharge_cumec, last_year_level_m = EXCLUDED.last_year_level_m, last_year_live_capacity_mcm = EXCLUDED.last_year_live_capacity_mcm, last_year_live_storage_percent = EXCLUDED.last_year_live_storage_percent, source_url = EXCLUDED.source_url, raw = EXCLUDED.raw, fetched_at = now();
INSERT INTO dams (dam_id, dam_name, state, district, river_basin, owner_agency, status, risk_class, safety_score, source_registry, source_record_id, source_publication_year, source_url, updated_at) VALUES ('MPWRD-20677', 'Mandawati Tank', 'Madhya Pradesh', 'Dhar', 'Chief Engineer Narmada Tapti Basin, Indore', 'Madhya Pradesh Water Resources Department', 'operational'::dam_status, 'low'::risk_class, 100.00, 'MPWRD', '20677', 2026, 'https://eims1.mpwrd.gov.in/fcmreport/control/main', now()) ON CONFLICT (dam_id) DO UPDATE SET dam_name = EXCLUDED.dam_name, state = EXCLUDED.state, district = EXCLUDED.district, river_basin = EXCLUDED.river_basin, owner_agency = EXCLUDED.owner_agency, status = EXCLUDED.status, risk_class = EXCLUDED.risk_class, safety_score = EXCLUDED.safety_score, source_registry = EXCLUDED.source_registry, source_record_id = EXCLUDED.source_record_id, source_publication_year = EXCLUDED.source_publication_year, source_url = EXCLUDED.source_url, updated_at = now();
INSERT INTO dam_reservoir (dam_id, reservoir_name, live_storage_mcm, current_storage_mcm, frl_m, updated_at) VALUES ('MPWRD-20677', 'Mandawati Tank', 12.16, 12.16, 228.90, now()) ON CONFLICT (dam_id) DO UPDATE SET reservoir_name = EXCLUDED.reservoir_name, live_storage_mcm = EXCLUDED.live_storage_mcm, current_storage_mcm = EXCLUDED.current_storage_mcm, frl_m = EXCLUDED.frl_m, updated_at = now();
INSERT INTO dam_engineering (dam_id, instrumentation, updated_at) VALUES ('MPWRD-20677', '{"basin_office": "Chief Engineer Narmada Tapti Basin, Indore", "gate_count_open": null, "gate_discharge_cumec": null, "last_year_level_m": null, "last_year_live_capacity_mcm": null, "last_year_live_storage_percent": null, "mpwrd_reservoir_code": "20677", "reading_time": "08:00:00", "this_year_is_stale": true, "this_year_level_observed_date": "2025-09-15"}'::jsonb, now()) ON CONFLICT (dam_id) DO UPDATE SET instrumentation = EXCLUDED.instrumentation, updated_at = now();
INSERT INTO mpwrd_reservoir_levels (source_registry, report_date, reservoir_code, dam_id, basin_office, reservoir_name, reading_time, district, frl_m, live_capacity_at_frl_mcm, this_year_level_m, this_year_live_capacity_mcm, this_year_live_storage_percent, this_year_level_observed_date, this_year_is_stale, gate_count_open, gate_discharge_cumec, last_year_level_m, last_year_live_capacity_mcm, last_year_live_storage_percent, source_url, raw, fetched_at) VALUES ('MPWRD', '2026-05-25', '20677', 'MPWRD-20677', 'Chief Engineer Narmada Tapti Basin, Indore', 'Mandawati Tank', '08:00:00', 'Dhar', 228.90, 12.16, 228.90, 12.16, 100, '2025-09-15', TRUE, NULL, NULL, NULL, NULL, NULL, 'https://eims1.mpwrd.gov.in/fcmreport/control/main', '{"district": "Dhar", "frl_m": "228.90", "gate_count_open": "", "gate_discharge_cumec": "", "last_year_level_m": "", "last_year_live_capacity_mcm": "", "last_year_live_storage_percent": "", "live_capacity_at_frl_mcm": "12.16", "reservoir": "Mandawati Tank [20677]", "serial": "137.", "this_year_level_m": "228.90 *", "this_year_live_capacity_mcm": "12.16", "this_year_live_storage_percent": "100", "time": "08:00:00"}'::jsonb, now()) ON CONFLICT (source_registry, report_date, reservoir_code) DO UPDATE SET dam_id = EXCLUDED.dam_id, basin_office = EXCLUDED.basin_office, reservoir_name = EXCLUDED.reservoir_name, reading_time = EXCLUDED.reading_time, district = EXCLUDED.district, frl_m = EXCLUDED.frl_m, live_capacity_at_frl_mcm = EXCLUDED.live_capacity_at_frl_mcm, this_year_level_m = EXCLUDED.this_year_level_m, this_year_live_capacity_mcm = EXCLUDED.this_year_live_capacity_mcm, this_year_live_storage_percent = EXCLUDED.this_year_live_storage_percent, this_year_level_observed_date = EXCLUDED.this_year_level_observed_date, this_year_is_stale = EXCLUDED.this_year_is_stale, gate_count_open = EXCLUDED.gate_count_open, gate_discharge_cumec = EXCLUDED.gate_discharge_cumec, last_year_level_m = EXCLUDED.last_year_level_m, last_year_live_capacity_mcm = EXCLUDED.last_year_live_capacity_mcm, last_year_live_storage_percent = EXCLUDED.last_year_live_storage_percent, source_url = EXCLUDED.source_url, raw = EXCLUDED.raw, fetched_at = now();
INSERT INTO dams (dam_id, dam_name, state, district, river_basin, owner_agency, status, risk_class, safety_score, source_registry, source_record_id, source_publication_year, source_url, updated_at) VALUES ('MPWRD-27555', 'Mod Sagar Tank', 'Madhya Pradesh', 'Alirajpur', 'Chief Engineer Narmada Tapti Basin, Indore', 'Madhya Pradesh Water Resources Department', 'operational'::dam_status, 'low'::risk_class, 100.00, 'MPWRD', '27555', 2026, 'https://eims1.mpwrd.gov.in/fcmreport/control/main', now()) ON CONFLICT (dam_id) DO UPDATE SET dam_name = EXCLUDED.dam_name, state = EXCLUDED.state, district = EXCLUDED.district, river_basin = EXCLUDED.river_basin, owner_agency = EXCLUDED.owner_agency, status = EXCLUDED.status, risk_class = EXCLUDED.risk_class, safety_score = EXCLUDED.safety_score, source_registry = EXCLUDED.source_registry, source_record_id = EXCLUDED.source_record_id, source_publication_year = EXCLUDED.source_publication_year, source_url = EXCLUDED.source_url, updated_at = now();
INSERT INTO dam_reservoir (dam_id, reservoir_name, live_storage_mcm, current_storage_mcm, frl_m, updated_at) VALUES ('MPWRD-27555', 'Mod Sagar Tank', 6.15, 6.15, 514.00, now()) ON CONFLICT (dam_id) DO UPDATE SET reservoir_name = EXCLUDED.reservoir_name, live_storage_mcm = EXCLUDED.live_storage_mcm, current_storage_mcm = EXCLUDED.current_storage_mcm, frl_m = EXCLUDED.frl_m, updated_at = now();
INSERT INTO dam_engineering (dam_id, instrumentation, updated_at) VALUES ('MPWRD-27555', '{"basin_office": "Chief Engineer Narmada Tapti Basin, Indore", "gate_count_open": null, "gate_discharge_cumec": null, "last_year_level_m": null, "last_year_live_capacity_mcm": null, "last_year_live_storage_percent": null, "mpwrd_reservoir_code": "27555", "reading_time": "08:00:00", "this_year_is_stale": true, "this_year_level_observed_date": "2025-09-24"}'::jsonb, now()) ON CONFLICT (dam_id) DO UPDATE SET instrumentation = EXCLUDED.instrumentation, updated_at = now();
INSERT INTO mpwrd_reservoir_levels (source_registry, report_date, reservoir_code, dam_id, basin_office, reservoir_name, reading_time, district, frl_m, live_capacity_at_frl_mcm, this_year_level_m, this_year_live_capacity_mcm, this_year_live_storage_percent, this_year_level_observed_date, this_year_is_stale, gate_count_open, gate_discharge_cumec, last_year_level_m, last_year_live_capacity_mcm, last_year_live_storage_percent, source_url, raw, fetched_at) VALUES ('MPWRD', '2026-05-25', '27555', 'MPWRD-27555', 'Chief Engineer Narmada Tapti Basin, Indore', 'Mod Sagar Tank', '08:00:00', 'Alirajpur', 514.00, 6.15, 514.00, 6.15, 100, '2025-09-24', TRUE, NULL, NULL, NULL, NULL, NULL, 'https://eims1.mpwrd.gov.in/fcmreport/control/main', '{"district": "Alirajpur", "frl_m": "514.00", "gate_count_open": "", "gate_discharge_cumec": "", "last_year_level_m": "", "last_year_live_capacity_mcm": "", "last_year_live_storage_percent": "", "live_capacity_at_frl_mcm": "6.15", "reservoir": "Mod Sagar Tank [27555]", "serial": "138.", "this_year_level_m": "514.00 *", "this_year_live_capacity_mcm": "6.15", "this_year_live_storage_percent": "100", "time": "08:00:00"}'::jsonb, now()) ON CONFLICT (source_registry, report_date, reservoir_code) DO UPDATE SET dam_id = EXCLUDED.dam_id, basin_office = EXCLUDED.basin_office, reservoir_name = EXCLUDED.reservoir_name, reading_time = EXCLUDED.reading_time, district = EXCLUDED.district, frl_m = EXCLUDED.frl_m, live_capacity_at_frl_mcm = EXCLUDED.live_capacity_at_frl_mcm, this_year_level_m = EXCLUDED.this_year_level_m, this_year_live_capacity_mcm = EXCLUDED.this_year_live_capacity_mcm, this_year_live_storage_percent = EXCLUDED.this_year_live_storage_percent, this_year_level_observed_date = EXCLUDED.this_year_level_observed_date, this_year_is_stale = EXCLUDED.this_year_is_stale, gate_count_open = EXCLUDED.gate_count_open, gate_discharge_cumec = EXCLUDED.gate_discharge_cumec, last_year_level_m = EXCLUDED.last_year_level_m, last_year_live_capacity_mcm = EXCLUDED.last_year_live_capacity_mcm, last_year_live_storage_percent = EXCLUDED.last_year_live_storage_percent, source_url = EXCLUDED.source_url, raw = EXCLUDED.raw, fetched_at = now();
INSERT INTO dams (dam_id, dam_name, state, district, river_basin, owner_agency, status, risk_class, safety_score, source_registry, source_record_id, source_publication_year, source_url, updated_at) VALUES ('MPWRD-32102', 'Motiyadev Tank', 'Madhya Pradesh', 'Burhanpur', 'Chief Engineer Narmada Tapti Basin, Indore', 'Madhya Pradesh Water Resources Department', 'operational'::dam_status, 'low'::risk_class, 100.00, 'MPWRD', '32102', 2026, 'https://eims1.mpwrd.gov.in/fcmreport/control/main', now()) ON CONFLICT (dam_id) DO UPDATE SET dam_name = EXCLUDED.dam_name, state = EXCLUDED.state, district = EXCLUDED.district, river_basin = EXCLUDED.river_basin, owner_agency = EXCLUDED.owner_agency, status = EXCLUDED.status, risk_class = EXCLUDED.risk_class, safety_score = EXCLUDED.safety_score, source_registry = EXCLUDED.source_registry, source_record_id = EXCLUDED.source_record_id, source_publication_year = EXCLUDED.source_publication_year, source_url = EXCLUDED.source_url, updated_at = now();
INSERT INTO dam_reservoir (dam_id, reservoir_name, live_storage_mcm, current_storage_mcm, frl_m, updated_at) VALUES ('MPWRD-32102', 'Motiyadev Tank', 4.08, 4.08, 330.60, now()) ON CONFLICT (dam_id) DO UPDATE SET reservoir_name = EXCLUDED.reservoir_name, live_storage_mcm = EXCLUDED.live_storage_mcm, current_storage_mcm = EXCLUDED.current_storage_mcm, frl_m = EXCLUDED.frl_m, updated_at = now();
INSERT INTO dam_engineering (dam_id, instrumentation, updated_at) VALUES ('MPWRD-32102', '{"basin_office": "Chief Engineer Narmada Tapti Basin, Indore", "gate_count_open": null, "gate_discharge_cumec": null, "last_year_level_m": null, "last_year_live_capacity_mcm": null, "last_year_live_storage_percent": null, "mpwrd_reservoir_code": "32102", "reading_time": "08:00:00", "this_year_is_stale": true, "this_year_level_observed_date": "2025-09-24"}'::jsonb, now()) ON CONFLICT (dam_id) DO UPDATE SET instrumentation = EXCLUDED.instrumentation, updated_at = now();
INSERT INTO mpwrd_reservoir_levels (source_registry, report_date, reservoir_code, dam_id, basin_office, reservoir_name, reading_time, district, frl_m, live_capacity_at_frl_mcm, this_year_level_m, this_year_live_capacity_mcm, this_year_live_storage_percent, this_year_level_observed_date, this_year_is_stale, gate_count_open, gate_discharge_cumec, last_year_level_m, last_year_live_capacity_mcm, last_year_live_storage_percent, source_url, raw, fetched_at) VALUES ('MPWRD', '2026-05-25', '32102', 'MPWRD-32102', 'Chief Engineer Narmada Tapti Basin, Indore', 'Motiyadev Tank', '08:00:00', 'Burhanpur', 330.60, 4.08, 330.60, 4.08, 100, '2025-09-24', TRUE, NULL, NULL, NULL, NULL, NULL, 'https://eims1.mpwrd.gov.in/fcmreport/control/main', '{"district": "Burhanpur", "frl_m": "330.60", "gate_count_open": "", "gate_discharge_cumec": "", "last_year_level_m": "", "last_year_live_capacity_mcm": "", "last_year_live_storage_percent": "", "live_capacity_at_frl_mcm": "4.08", "reservoir": "Motiyadev Tank [32102]", "serial": "139.", "this_year_level_m": "330.60 *", "this_year_live_capacity_mcm": "4.08", "this_year_live_storage_percent": "100", "time": "08:00:00"}'::jsonb, now()) ON CONFLICT (source_registry, report_date, reservoir_code) DO UPDATE SET dam_id = EXCLUDED.dam_id, basin_office = EXCLUDED.basin_office, reservoir_name = EXCLUDED.reservoir_name, reading_time = EXCLUDED.reading_time, district = EXCLUDED.district, frl_m = EXCLUDED.frl_m, live_capacity_at_frl_mcm = EXCLUDED.live_capacity_at_frl_mcm, this_year_level_m = EXCLUDED.this_year_level_m, this_year_live_capacity_mcm = EXCLUDED.this_year_live_capacity_mcm, this_year_live_storage_percent = EXCLUDED.this_year_live_storage_percent, this_year_level_observed_date = EXCLUDED.this_year_level_observed_date, this_year_is_stale = EXCLUDED.this_year_is_stale, gate_count_open = EXCLUDED.gate_count_open, gate_discharge_cumec = EXCLUDED.gate_discharge_cumec, last_year_level_m = EXCLUDED.last_year_level_m, last_year_live_capacity_mcm = EXCLUDED.last_year_live_capacity_mcm, last_year_live_storage_percent = EXCLUDED.last_year_live_storage_percent, source_url = EXCLUDED.source_url, raw = EXCLUDED.raw, fetched_at = now();
INSERT INTO dams (dam_id, dam_name, state, district, river_basin, owner_agency, status, risk_class, safety_score, source_registry, source_record_id, source_publication_year, source_url, updated_at) VALUES ('MPWRD-26857', 'Navalpura Tank', 'Madhya Pradesh', 'Khargone', 'Chief Engineer Narmada Tapti Basin, Indore', 'Madhya Pradesh Water Resources Department', 'operational'::dam_status, 'low'::risk_class, 62.00, 'MPWRD', '26857', 2026, 'https://eims1.mpwrd.gov.in/fcmreport/control/main', now()) ON CONFLICT (dam_id) DO UPDATE SET dam_name = EXCLUDED.dam_name, state = EXCLUDED.state, district = EXCLUDED.district, river_basin = EXCLUDED.river_basin, owner_agency = EXCLUDED.owner_agency, status = EXCLUDED.status, risk_class = EXCLUDED.risk_class, safety_score = EXCLUDED.safety_score, source_registry = EXCLUDED.source_registry, source_record_id = EXCLUDED.source_record_id, source_publication_year = EXCLUDED.source_publication_year, source_url = EXCLUDED.source_url, updated_at = now();
INSERT INTO dam_reservoir (dam_id, reservoir_name, live_storage_mcm, current_storage_mcm, frl_m, updated_at) VALUES ('MPWRD-26857', 'Navalpura Tank', 5.51, 3.44, 253.80, now()) ON CONFLICT (dam_id) DO UPDATE SET reservoir_name = EXCLUDED.reservoir_name, live_storage_mcm = EXCLUDED.live_storage_mcm, current_storage_mcm = EXCLUDED.current_storage_mcm, frl_m = EXCLUDED.frl_m, updated_at = now();
INSERT INTO dam_engineering (dam_id, instrumentation, updated_at) VALUES ('MPWRD-26857', '{"basin_office": "Chief Engineer Narmada Tapti Basin, Indore", "gate_count_open": null, "gate_discharge_cumec": null, "last_year_level_m": null, "last_year_live_capacity_mcm": null, "last_year_live_storage_percent": null, "mpwrd_reservoir_code": "26857", "reading_time": "08:00:00", "this_year_is_stale": true, "this_year_level_observed_date": "2025-09-18"}'::jsonb, now()) ON CONFLICT (dam_id) DO UPDATE SET instrumentation = EXCLUDED.instrumentation, updated_at = now();
INSERT INTO mpwrd_reservoir_levels (source_registry, report_date, reservoir_code, dam_id, basin_office, reservoir_name, reading_time, district, frl_m, live_capacity_at_frl_mcm, this_year_level_m, this_year_live_capacity_mcm, this_year_live_storage_percent, this_year_level_observed_date, this_year_is_stale, gate_count_open, gate_discharge_cumec, last_year_level_m, last_year_live_capacity_mcm, last_year_live_storage_percent, source_url, raw, fetched_at) VALUES ('MPWRD', '2026-05-25', '26857', 'MPWRD-26857', 'Chief Engineer Narmada Tapti Basin, Indore', 'Navalpura Tank', '08:00:00', 'Khargone', 253.80, 5.51, 252.20, 3.44, 62, '2025-09-18', TRUE, NULL, NULL, NULL, NULL, NULL, 'https://eims1.mpwrd.gov.in/fcmreport/control/main', '{"district": "Khargone", "frl_m": "253.80", "gate_count_open": "", "gate_discharge_cumec": "", "last_year_level_m": "", "last_year_live_capacity_mcm": "", "last_year_live_storage_percent": "", "live_capacity_at_frl_mcm": "5.51", "reservoir": "Navalpura Tank [26857]", "serial": "140.", "this_year_level_m": "252.20*", "this_year_live_capacity_mcm": "3.44", "this_year_live_storage_percent": "62", "time": "08:00:00"}'::jsonb, now()) ON CONFLICT (source_registry, report_date, reservoir_code) DO UPDATE SET dam_id = EXCLUDED.dam_id, basin_office = EXCLUDED.basin_office, reservoir_name = EXCLUDED.reservoir_name, reading_time = EXCLUDED.reading_time, district = EXCLUDED.district, frl_m = EXCLUDED.frl_m, live_capacity_at_frl_mcm = EXCLUDED.live_capacity_at_frl_mcm, this_year_level_m = EXCLUDED.this_year_level_m, this_year_live_capacity_mcm = EXCLUDED.this_year_live_capacity_mcm, this_year_live_storage_percent = EXCLUDED.this_year_live_storage_percent, this_year_level_observed_date = EXCLUDED.this_year_level_observed_date, this_year_is_stale = EXCLUDED.this_year_is_stale, gate_count_open = EXCLUDED.gate_count_open, gate_discharge_cumec = EXCLUDED.gate_discharge_cumec, last_year_level_m = EXCLUDED.last_year_level_m, last_year_live_capacity_mcm = EXCLUDED.last_year_live_capacity_mcm, last_year_live_storage_percent = EXCLUDED.last_year_live_storage_percent, source_url = EXCLUDED.source_url, raw = EXCLUDED.raw, fetched_at = now();
INSERT INTO dams (dam_id, dam_name, state, district, river_basin, owner_agency, status, risk_class, safety_score, source_registry, source_record_id, source_publication_year, source_url, updated_at) VALUES ('MPWRD-31921', 'Ojhar Nalla Tank', 'Madhya Pradesh', 'Dhar', 'Chief Engineer Narmada Tapti Basin, Indore', 'Madhya Pradesh Water Resources Department', 'operational'::dam_status, 'low'::risk_class, 85.00, 'MPWRD', '31921', 2026, 'https://eims1.mpwrd.gov.in/fcmreport/control/main', now()) ON CONFLICT (dam_id) DO UPDATE SET dam_name = EXCLUDED.dam_name, state = EXCLUDED.state, district = EXCLUDED.district, river_basin = EXCLUDED.river_basin, owner_agency = EXCLUDED.owner_agency, status = EXCLUDED.status, risk_class = EXCLUDED.risk_class, safety_score = EXCLUDED.safety_score, source_registry = EXCLUDED.source_registry, source_record_id = EXCLUDED.source_record_id, source_publication_year = EXCLUDED.source_publication_year, source_url = EXCLUDED.source_url, updated_at = now();
INSERT INTO dam_reservoir (dam_id, reservoir_name, live_storage_mcm, current_storage_mcm, frl_m, updated_at) VALUES ('MPWRD-31921', 'Ojhar Nalla Tank', 4.73, 4.05, 100.50, now()) ON CONFLICT (dam_id) DO UPDATE SET reservoir_name = EXCLUDED.reservoir_name, live_storage_mcm = EXCLUDED.live_storage_mcm, current_storage_mcm = EXCLUDED.current_storage_mcm, frl_m = EXCLUDED.frl_m, updated_at = now();
INSERT INTO dam_engineering (dam_id, instrumentation, updated_at) VALUES ('MPWRD-31921', '{"basin_office": "Chief Engineer Narmada Tapti Basin, Indore", "gate_count_open": null, "gate_discharge_cumec": null, "last_year_level_m": null, "last_year_live_capacity_mcm": null, "last_year_live_storage_percent": null, "mpwrd_reservoir_code": "31921", "reading_time": "08:00:00", "this_year_is_stale": true, "this_year_level_observed_date": "2025-09-24"}'::jsonb, now()) ON CONFLICT (dam_id) DO UPDATE SET instrumentation = EXCLUDED.instrumentation, updated_at = now();
INSERT INTO mpwrd_reservoir_levels (source_registry, report_date, reservoir_code, dam_id, basin_office, reservoir_name, reading_time, district, frl_m, live_capacity_at_frl_mcm, this_year_level_m, this_year_live_capacity_mcm, this_year_live_storage_percent, this_year_level_observed_date, this_year_is_stale, gate_count_open, gate_discharge_cumec, last_year_level_m, last_year_live_capacity_mcm, last_year_live_storage_percent, source_url, raw, fetched_at) VALUES ('MPWRD', '2026-05-25', '31921', 'MPWRD-31921', 'Chief Engineer Narmada Tapti Basin, Indore', 'Ojhar Nalla Tank', '08:00:00', 'Dhar', 100.50, 4.73, 99.80, 4.05, 85, '2025-09-24', TRUE, NULL, NULL, NULL, NULL, NULL, 'https://eims1.mpwrd.gov.in/fcmreport/control/main', '{"district": "Dhar", "frl_m": "100.50", "gate_count_open": "", "gate_discharge_cumec": "", "last_year_level_m": "", "last_year_live_capacity_mcm": "", "last_year_live_storage_percent": "", "live_capacity_at_frl_mcm": "4.73", "reservoir": "Ojhar Nalla Tank [31921]", "serial": "141.", "this_year_level_m": "99.80*", "this_year_live_capacity_mcm": "4.05", "this_year_live_storage_percent": "85", "time": "08:00:00"}'::jsonb, now()) ON CONFLICT (source_registry, report_date, reservoir_code) DO UPDATE SET dam_id = EXCLUDED.dam_id, basin_office = EXCLUDED.basin_office, reservoir_name = EXCLUDED.reservoir_name, reading_time = EXCLUDED.reading_time, district = EXCLUDED.district, frl_m = EXCLUDED.frl_m, live_capacity_at_frl_mcm = EXCLUDED.live_capacity_at_frl_mcm, this_year_level_m = EXCLUDED.this_year_level_m, this_year_live_capacity_mcm = EXCLUDED.this_year_live_capacity_mcm, this_year_live_storage_percent = EXCLUDED.this_year_live_storage_percent, this_year_level_observed_date = EXCLUDED.this_year_level_observed_date, this_year_is_stale = EXCLUDED.this_year_is_stale, gate_count_open = EXCLUDED.gate_count_open, gate_discharge_cumec = EXCLUDED.gate_discharge_cumec, last_year_level_m = EXCLUDED.last_year_level_m, last_year_live_capacity_mcm = EXCLUDED.last_year_live_capacity_mcm, last_year_live_storage_percent = EXCLUDED.last_year_live_storage_percent, source_url = EXCLUDED.source_url, raw = EXCLUDED.raw, fetched_at = now();
INSERT INTO dams (dam_id, dam_name, state, district, river_basin, owner_agency, status, risk_class, safety_score, source_registry, source_record_id, source_publication_year, source_url, updated_at) VALUES ('MPWRD-32375', 'Pampawati Tank', 'Madhya Pradesh', 'Jhabua', 'Chief Engineer Narmada Tapti Basin, Indore', 'Madhya Pradesh Water Resources Department', 'operational'::dam_status, 'low'::risk_class, 100.00, 'MPWRD', '32375', 2026, 'https://eims1.mpwrd.gov.in/fcmreport/control/main', now()) ON CONFLICT (dam_id) DO UPDATE SET dam_name = EXCLUDED.dam_name, state = EXCLUDED.state, district = EXCLUDED.district, river_basin = EXCLUDED.river_basin, owner_agency = EXCLUDED.owner_agency, status = EXCLUDED.status, risk_class = EXCLUDED.risk_class, safety_score = EXCLUDED.safety_score, source_registry = EXCLUDED.source_registry, source_record_id = EXCLUDED.source_record_id, source_publication_year = EXCLUDED.source_publication_year, source_url = EXCLUDED.source_url, updated_at = now();
INSERT INTO dam_reservoir (dam_id, reservoir_name, live_storage_mcm, current_storage_mcm, frl_m, updated_at) VALUES ('MPWRD-32375', 'Pampawati Tank', 5.72, 5.72, 160.67, now()) ON CONFLICT (dam_id) DO UPDATE SET reservoir_name = EXCLUDED.reservoir_name, live_storage_mcm = EXCLUDED.live_storage_mcm, current_storage_mcm = EXCLUDED.current_storage_mcm, frl_m = EXCLUDED.frl_m, updated_at = now();
INSERT INTO dam_engineering (dam_id, instrumentation, updated_at) VALUES ('MPWRD-32375', '{"basin_office": "Chief Engineer Narmada Tapti Basin, Indore", "gate_count_open": null, "gate_discharge_cumec": null, "last_year_level_m": null, "last_year_live_capacity_mcm": null, "last_year_live_storage_percent": null, "mpwrd_reservoir_code": "32375", "reading_time": "08:00:00", "this_year_is_stale": true, "this_year_level_observed_date": "2025-09-18"}'::jsonb, now()) ON CONFLICT (dam_id) DO UPDATE SET instrumentation = EXCLUDED.instrumentation, updated_at = now();
INSERT INTO mpwrd_reservoir_levels (source_registry, report_date, reservoir_code, dam_id, basin_office, reservoir_name, reading_time, district, frl_m, live_capacity_at_frl_mcm, this_year_level_m, this_year_live_capacity_mcm, this_year_live_storage_percent, this_year_level_observed_date, this_year_is_stale, gate_count_open, gate_discharge_cumec, last_year_level_m, last_year_live_capacity_mcm, last_year_live_storage_percent, source_url, raw, fetched_at) VALUES ('MPWRD', '2026-05-25', '32375', 'MPWRD-32375', 'Chief Engineer Narmada Tapti Basin, Indore', 'Pampawati Tank', '08:00:00', 'Jhabua', 160.67, 5.72, 160.67, 5.72, 100, '2025-09-18', TRUE, NULL, NULL, NULL, NULL, NULL, 'https://eims1.mpwrd.gov.in/fcmreport/control/main', '{"district": "Jhabua", "frl_m": "160.67", "gate_count_open": "", "gate_discharge_cumec": "", "last_year_level_m": "", "last_year_live_capacity_mcm": "", "last_year_live_storage_percent": "", "live_capacity_at_frl_mcm": "5.72", "reservoir": "Pampawati Tank [32375]", "serial": "142.", "this_year_level_m": "160.67 *", "this_year_live_capacity_mcm": "5.72", "this_year_live_storage_percent": "100", "time": "08:00:00"}'::jsonb, now()) ON CONFLICT (source_registry, report_date, reservoir_code) DO UPDATE SET dam_id = EXCLUDED.dam_id, basin_office = EXCLUDED.basin_office, reservoir_name = EXCLUDED.reservoir_name, reading_time = EXCLUDED.reading_time, district = EXCLUDED.district, frl_m = EXCLUDED.frl_m, live_capacity_at_frl_mcm = EXCLUDED.live_capacity_at_frl_mcm, this_year_level_m = EXCLUDED.this_year_level_m, this_year_live_capacity_mcm = EXCLUDED.this_year_live_capacity_mcm, this_year_live_storage_percent = EXCLUDED.this_year_live_storage_percent, this_year_level_observed_date = EXCLUDED.this_year_level_observed_date, this_year_is_stale = EXCLUDED.this_year_is_stale, gate_count_open = EXCLUDED.gate_count_open, gate_discharge_cumec = EXCLUDED.gate_discharge_cumec, last_year_level_m = EXCLUDED.last_year_level_m, last_year_live_capacity_mcm = EXCLUDED.last_year_live_capacity_mcm, last_year_live_storage_percent = EXCLUDED.last_year_live_storage_percent, source_url = EXCLUDED.source_url, raw = EXCLUDED.raw, fetched_at = now();
INSERT INTO dams (dam_id, dam_name, state, district, river_basin, owner_agency, status, risk_class, safety_score, source_registry, source_record_id, source_publication_year, source_url, updated_at) VALUES ('MPWRD-27700', 'Ralawati Tank Project', 'Madhya Pradesh', 'Badwani', 'Chief Engineer Narmada Tapti Basin, Indore', 'Madhya Pradesh Water Resources Department', 'operational'::dam_status, 'low'::risk_class, 100.00, 'MPWRD', '27700', 2026, 'https://eims1.mpwrd.gov.in/fcmreport/control/main', now()) ON CONFLICT (dam_id) DO UPDATE SET dam_name = EXCLUDED.dam_name, state = EXCLUDED.state, district = EXCLUDED.district, river_basin = EXCLUDED.river_basin, owner_agency = EXCLUDED.owner_agency, status = EXCLUDED.status, risk_class = EXCLUDED.risk_class, safety_score = EXCLUDED.safety_score, source_registry = EXCLUDED.source_registry, source_record_id = EXCLUDED.source_record_id, source_publication_year = EXCLUDED.source_publication_year, source_url = EXCLUDED.source_url, updated_at = now();
INSERT INTO dam_reservoir (dam_id, reservoir_name, live_storage_mcm, current_storage_mcm, frl_m, updated_at) VALUES ('MPWRD-27700', 'Ralawati Tank Project', 14.82, 14.82, 452.80, now()) ON CONFLICT (dam_id) DO UPDATE SET reservoir_name = EXCLUDED.reservoir_name, live_storage_mcm = EXCLUDED.live_storage_mcm, current_storage_mcm = EXCLUDED.current_storage_mcm, frl_m = EXCLUDED.frl_m, updated_at = now();
INSERT INTO dam_engineering (dam_id, instrumentation, updated_at) VALUES ('MPWRD-27700', '{"basin_office": "Chief Engineer Narmada Tapti Basin, Indore", "gate_count_open": null, "gate_discharge_cumec": null, "last_year_level_m": null, "last_year_live_capacity_mcm": null, "last_year_live_storage_percent": null, "mpwrd_reservoir_code": "27700", "reading_time": "08:00:00", "this_year_is_stale": true, "this_year_level_observed_date": "2025-09-24"}'::jsonb, now()) ON CONFLICT (dam_id) DO UPDATE SET instrumentation = EXCLUDED.instrumentation, updated_at = now();
INSERT INTO mpwrd_reservoir_levels (source_registry, report_date, reservoir_code, dam_id, basin_office, reservoir_name, reading_time, district, frl_m, live_capacity_at_frl_mcm, this_year_level_m, this_year_live_capacity_mcm, this_year_live_storage_percent, this_year_level_observed_date, this_year_is_stale, gate_count_open, gate_discharge_cumec, last_year_level_m, last_year_live_capacity_mcm, last_year_live_storage_percent, source_url, raw, fetched_at) VALUES ('MPWRD', '2026-05-25', '27700', 'MPWRD-27700', 'Chief Engineer Narmada Tapti Basin, Indore', 'Ralawati Tank Project', '08:00:00', 'Badwani', 452.80, 14.82, 452.80, 14.82, 100, '2025-09-24', TRUE, NULL, NULL, NULL, NULL, NULL, 'https://eims1.mpwrd.gov.in/fcmreport/control/main', '{"district": "Badwani", "frl_m": "452.80", "gate_count_open": "", "gate_discharge_cumec": "", "last_year_level_m": "", "last_year_live_capacity_mcm": "", "last_year_live_storage_percent": "", "live_capacity_at_frl_mcm": "14.82", "reservoir": "Ralawati Tank Project [27700]", "serial": "143.", "this_year_level_m": "452.80 *", "this_year_live_capacity_mcm": "14.82", "this_year_live_storage_percent": "100", "time": "08:00:00"}'::jsonb, now()) ON CONFLICT (source_registry, report_date, reservoir_code) DO UPDATE SET dam_id = EXCLUDED.dam_id, basin_office = EXCLUDED.basin_office, reservoir_name = EXCLUDED.reservoir_name, reading_time = EXCLUDED.reading_time, district = EXCLUDED.district, frl_m = EXCLUDED.frl_m, live_capacity_at_frl_mcm = EXCLUDED.live_capacity_at_frl_mcm, this_year_level_m = EXCLUDED.this_year_level_m, this_year_live_capacity_mcm = EXCLUDED.this_year_live_capacity_mcm, this_year_live_storage_percent = EXCLUDED.this_year_live_storage_percent, this_year_level_observed_date = EXCLUDED.this_year_level_observed_date, this_year_is_stale = EXCLUDED.this_year_is_stale, gate_count_open = EXCLUDED.gate_count_open, gate_discharge_cumec = EXCLUDED.gate_discharge_cumec, last_year_level_m = EXCLUDED.last_year_level_m, last_year_live_capacity_mcm = EXCLUDED.last_year_live_capacity_mcm, last_year_live_storage_percent = EXCLUDED.last_year_live_storage_percent, source_url = EXCLUDED.source_url, raw = EXCLUDED.raw, fetched_at = now();
INSERT INTO dams (dam_id, dam_name, state, district, river_basin, owner_agency, status, risk_class, safety_score, source_registry, source_record_id, source_publication_year, source_url, updated_at) VALUES ('MPWRD-27052', 'Sakalda Tank', 'Madhya Pradesh', 'Dhar', 'Chief Engineer Narmada Tapti Basin, Indore', 'Madhya Pradesh Water Resources Department', 'operational'::dam_status, 'low'::risk_class, 100.00, 'MPWRD', '27052', 2026, 'https://eims1.mpwrd.gov.in/fcmreport/control/main', now()) ON CONFLICT (dam_id) DO UPDATE SET dam_name = EXCLUDED.dam_name, state = EXCLUDED.state, district = EXCLUDED.district, river_basin = EXCLUDED.river_basin, owner_agency = EXCLUDED.owner_agency, status = EXCLUDED.status, risk_class = EXCLUDED.risk_class, safety_score = EXCLUDED.safety_score, source_registry = EXCLUDED.source_registry, source_record_id = EXCLUDED.source_record_id, source_publication_year = EXCLUDED.source_publication_year, source_url = EXCLUDED.source_url, updated_at = now();
INSERT INTO dam_reservoir (dam_id, reservoir_name, live_storage_mcm, current_storage_mcm, frl_m, updated_at) VALUES ('MPWRD-27052', 'Sakalda Tank', 12.68, 12.68, 225.85, now()) ON CONFLICT (dam_id) DO UPDATE SET reservoir_name = EXCLUDED.reservoir_name, live_storage_mcm = EXCLUDED.live_storage_mcm, current_storage_mcm = EXCLUDED.current_storage_mcm, frl_m = EXCLUDED.frl_m, updated_at = now();
INSERT INTO dam_engineering (dam_id, instrumentation, updated_at) VALUES ('MPWRD-27052', '{"basin_office": "Chief Engineer Narmada Tapti Basin, Indore", "gate_count_open": null, "gate_discharge_cumec": null, "last_year_level_m": null, "last_year_live_capacity_mcm": null, "last_year_live_storage_percent": null, "mpwrd_reservoir_code": "27052", "reading_time": "08:00:00", "this_year_is_stale": true, "this_year_level_observed_date": "2025-09-24"}'::jsonb, now()) ON CONFLICT (dam_id) DO UPDATE SET instrumentation = EXCLUDED.instrumentation, updated_at = now();
INSERT INTO mpwrd_reservoir_levels (source_registry, report_date, reservoir_code, dam_id, basin_office, reservoir_name, reading_time, district, frl_m, live_capacity_at_frl_mcm, this_year_level_m, this_year_live_capacity_mcm, this_year_live_storage_percent, this_year_level_observed_date, this_year_is_stale, gate_count_open, gate_discharge_cumec, last_year_level_m, last_year_live_capacity_mcm, last_year_live_storage_percent, source_url, raw, fetched_at) VALUES ('MPWRD', '2026-05-25', '27052', 'MPWRD-27052', 'Chief Engineer Narmada Tapti Basin, Indore', 'Sakalda Tank', '08:00:00', 'Dhar', 225.85, 12.68, 225.85, 12.68, 100, '2025-09-24', TRUE, NULL, NULL, NULL, NULL, NULL, 'https://eims1.mpwrd.gov.in/fcmreport/control/main', '{"district": "Dhar", "frl_m": "225.85", "gate_count_open": "", "gate_discharge_cumec": "", "last_year_level_m": "", "last_year_live_capacity_mcm": "", "last_year_live_storage_percent": "", "live_capacity_at_frl_mcm": "12.68", "reservoir": "Sakalda Tank [27052]", "serial": "144.", "this_year_level_m": "225.85 *", "this_year_live_capacity_mcm": "12.68", "this_year_live_storage_percent": "100", "time": "08:00:00"}'::jsonb, now()) ON CONFLICT (source_registry, report_date, reservoir_code) DO UPDATE SET dam_id = EXCLUDED.dam_id, basin_office = EXCLUDED.basin_office, reservoir_name = EXCLUDED.reservoir_name, reading_time = EXCLUDED.reading_time, district = EXCLUDED.district, frl_m = EXCLUDED.frl_m, live_capacity_at_frl_mcm = EXCLUDED.live_capacity_at_frl_mcm, this_year_level_m = EXCLUDED.this_year_level_m, this_year_live_capacity_mcm = EXCLUDED.this_year_live_capacity_mcm, this_year_live_storage_percent = EXCLUDED.this_year_live_storage_percent, this_year_level_observed_date = EXCLUDED.this_year_level_observed_date, this_year_is_stale = EXCLUDED.this_year_is_stale, gate_count_open = EXCLUDED.gate_count_open, gate_discharge_cumec = EXCLUDED.gate_discharge_cumec, last_year_level_m = EXCLUDED.last_year_level_m, last_year_live_capacity_mcm = EXCLUDED.last_year_live_capacity_mcm, last_year_live_storage_percent = EXCLUDED.last_year_live_storage_percent, source_url = EXCLUDED.source_url, raw = EXCLUDED.raw, fetched_at = now();
INSERT INTO dams (dam_id, dam_name, state, district, river_basin, owner_agency, status, risk_class, safety_score, source_registry, source_record_id, source_publication_year, source_url, updated_at) VALUES ('MPWRD-10725', 'Satak Tank Project', 'Madhya Pradesh', 'Khargone', 'Chief Engineer Narmada Tapti Basin, Indore', 'Madhya Pradesh Water Resources Department', 'operational'::dam_status, 'low'::risk_class, 79.00, 'MPWRD', '10725', 2026, 'https://eims1.mpwrd.gov.in/fcmreport/control/main', now()) ON CONFLICT (dam_id) DO UPDATE SET dam_name = EXCLUDED.dam_name, state = EXCLUDED.state, district = EXCLUDED.district, river_basin = EXCLUDED.river_basin, owner_agency = EXCLUDED.owner_agency, status = EXCLUDED.status, risk_class = EXCLUDED.risk_class, safety_score = EXCLUDED.safety_score, source_registry = EXCLUDED.source_registry, source_record_id = EXCLUDED.source_record_id, source_publication_year = EXCLUDED.source_publication_year, source_url = EXCLUDED.source_url, updated_at = now();
INSERT INTO dam_reservoir (dam_id, reservoir_name, live_storage_mcm, current_storage_mcm, frl_m, updated_at) VALUES ('MPWRD-10725', 'Satak Tank Project', 18.38, 14.69, 195.73, now()) ON CONFLICT (dam_id) DO UPDATE SET reservoir_name = EXCLUDED.reservoir_name, live_storage_mcm = EXCLUDED.live_storage_mcm, current_storage_mcm = EXCLUDED.current_storage_mcm, frl_m = EXCLUDED.frl_m, updated_at = now();
INSERT INTO dam_engineering (dam_id, instrumentation, updated_at) VALUES ('MPWRD-10725', '{"basin_office": "Chief Engineer Narmada Tapti Basin, Indore", "gate_count_open": null, "gate_discharge_cumec": null, "last_year_level_m": null, "last_year_live_capacity_mcm": null, "last_year_live_storage_percent": null, "mpwrd_reservoir_code": "10725", "reading_time": "08:00:00", "this_year_is_stale": true, "this_year_level_observed_date": "2025-09-24"}'::jsonb, now()) ON CONFLICT (dam_id) DO UPDATE SET instrumentation = EXCLUDED.instrumentation, updated_at = now();
INSERT INTO mpwrd_reservoir_levels (source_registry, report_date, reservoir_code, dam_id, basin_office, reservoir_name, reading_time, district, frl_m, live_capacity_at_frl_mcm, this_year_level_m, this_year_live_capacity_mcm, this_year_live_storage_percent, this_year_level_observed_date, this_year_is_stale, gate_count_open, gate_discharge_cumec, last_year_level_m, last_year_live_capacity_mcm, last_year_live_storage_percent, source_url, raw, fetched_at) VALUES ('MPWRD', '2026-05-25', '10725', 'MPWRD-10725', 'Chief Engineer Narmada Tapti Basin, Indore', 'Satak Tank Project', '08:00:00', 'Khargone', 195.73, 18.38, 194.83, 14.69, 79, '2025-09-24', TRUE, NULL, NULL, NULL, NULL, NULL, 'https://eims1.mpwrd.gov.in/fcmreport/control/main', '{"district": "Khargone", "frl_m": "195.73", "gate_count_open": "", "gate_discharge_cumec": "", "last_year_level_m": "", "last_year_live_capacity_mcm": "", "last_year_live_storage_percent": "", "live_capacity_at_frl_mcm": "18.38", "reservoir": "Satak Tank Project [10725]", "serial": "145.", "this_year_level_m": "194.83*", "this_year_live_capacity_mcm": "14.69", "this_year_live_storage_percent": "79", "time": "08:00:00"}'::jsonb, now()) ON CONFLICT (source_registry, report_date, reservoir_code) DO UPDATE SET dam_id = EXCLUDED.dam_id, basin_office = EXCLUDED.basin_office, reservoir_name = EXCLUDED.reservoir_name, reading_time = EXCLUDED.reading_time, district = EXCLUDED.district, frl_m = EXCLUDED.frl_m, live_capacity_at_frl_mcm = EXCLUDED.live_capacity_at_frl_mcm, this_year_level_m = EXCLUDED.this_year_level_m, this_year_live_capacity_mcm = EXCLUDED.this_year_live_capacity_mcm, this_year_live_storage_percent = EXCLUDED.this_year_live_storage_percent, this_year_level_observed_date = EXCLUDED.this_year_level_observed_date, this_year_is_stale = EXCLUDED.this_year_is_stale, gate_count_open = EXCLUDED.gate_count_open, gate_discharge_cumec = EXCLUDED.gate_discharge_cumec, last_year_level_m = EXCLUDED.last_year_level_m, last_year_live_capacity_mcm = EXCLUDED.last_year_live_capacity_mcm, last_year_live_storage_percent = EXCLUDED.last_year_live_storage_percent, source_url = EXCLUDED.source_url, raw = EXCLUDED.raw, fetched_at = now();
INSERT INTO dams (dam_id, dam_name, state, district, river_basin, owner_agency, status, risk_class, safety_score, source_registry, source_record_id, source_publication_year, source_url, updated_at) VALUES ('MPWRD-28534', 'Segwal Tank', 'Madhya Pradesh', 'Badwani', 'Chief Engineer Narmada Tapti Basin, Indore', 'Madhya Pradesh Water Resources Department', 'operational'::dam_status, 'low'::risk_class, 100.00, 'MPWRD', '28534', 2026, 'https://eims1.mpwrd.gov.in/fcmreport/control/main', now()) ON CONFLICT (dam_id) DO UPDATE SET dam_name = EXCLUDED.dam_name, state = EXCLUDED.state, district = EXCLUDED.district, river_basin = EXCLUDED.river_basin, owner_agency = EXCLUDED.owner_agency, status = EXCLUDED.status, risk_class = EXCLUDED.risk_class, safety_score = EXCLUDED.safety_score, source_registry = EXCLUDED.source_registry, source_record_id = EXCLUDED.source_record_id, source_publication_year = EXCLUDED.source_publication_year, source_url = EXCLUDED.source_url, updated_at = now();
INSERT INTO dam_reservoir (dam_id, reservoir_name, live_storage_mcm, current_storage_mcm, frl_m, updated_at) VALUES ('MPWRD-28534', 'Segwal Tank', 7.63, 8.03, 178.90, now()) ON CONFLICT (dam_id) DO UPDATE SET reservoir_name = EXCLUDED.reservoir_name, live_storage_mcm = EXCLUDED.live_storage_mcm, current_storage_mcm = EXCLUDED.current_storage_mcm, frl_m = EXCLUDED.frl_m, updated_at = now();
INSERT INTO dam_engineering (dam_id, instrumentation, updated_at) VALUES ('MPWRD-28534', '{"basin_office": "Chief Engineer Narmada Tapti Basin, Indore", "gate_count_open": null, "gate_discharge_cumec": null, "last_year_level_m": null, "last_year_live_capacity_mcm": null, "last_year_live_storage_percent": null, "mpwrd_reservoir_code": "28534", "reading_time": "08:00:00", "this_year_is_stale": true, "this_year_level_observed_date": "2025-09-24"}'::jsonb, now()) ON CONFLICT (dam_id) DO UPDATE SET instrumentation = EXCLUDED.instrumentation, updated_at = now();
INSERT INTO mpwrd_reservoir_levels (source_registry, report_date, reservoir_code, dam_id, basin_office, reservoir_name, reading_time, district, frl_m, live_capacity_at_frl_mcm, this_year_level_m, this_year_live_capacity_mcm, this_year_live_storage_percent, this_year_level_observed_date, this_year_is_stale, gate_count_open, gate_discharge_cumec, last_year_level_m, last_year_live_capacity_mcm, last_year_live_storage_percent, source_url, raw, fetched_at) VALUES ('MPWRD', '2026-05-25', '28534', 'MPWRD-28534', 'Chief Engineer Narmada Tapti Basin, Indore', 'Segwal Tank', '08:00:00', 'Badwani', 178.90, 7.63, 178.90, 8.03, 100, '2025-09-24', TRUE, NULL, NULL, NULL, NULL, NULL, 'https://eims1.mpwrd.gov.in/fcmreport/control/main', '{"district": "Badwani", "frl_m": "178.90", "gate_count_open": "", "gate_discharge_cumec": "", "last_year_level_m": "", "last_year_live_capacity_mcm": "", "last_year_live_storage_percent": "", "live_capacity_at_frl_mcm": "7.63", "reservoir": "Segwal Tank [28534]", "serial": "146.", "this_year_level_m": "178.90 *", "this_year_live_capacity_mcm": "8.03", "this_year_live_storage_percent": "100", "time": "08:00:00"}'::jsonb, now()) ON CONFLICT (source_registry, report_date, reservoir_code) DO UPDATE SET dam_id = EXCLUDED.dam_id, basin_office = EXCLUDED.basin_office, reservoir_name = EXCLUDED.reservoir_name, reading_time = EXCLUDED.reading_time, district = EXCLUDED.district, frl_m = EXCLUDED.frl_m, live_capacity_at_frl_mcm = EXCLUDED.live_capacity_at_frl_mcm, this_year_level_m = EXCLUDED.this_year_level_m, this_year_live_capacity_mcm = EXCLUDED.this_year_live_capacity_mcm, this_year_live_storage_percent = EXCLUDED.this_year_live_storage_percent, this_year_level_observed_date = EXCLUDED.this_year_level_observed_date, this_year_is_stale = EXCLUDED.this_year_is_stale, gate_count_open = EXCLUDED.gate_count_open, gate_discharge_cumec = EXCLUDED.gate_discharge_cumec, last_year_level_m = EXCLUDED.last_year_level_m, last_year_live_capacity_mcm = EXCLUDED.last_year_live_capacity_mcm, last_year_live_storage_percent = EXCLUDED.last_year_live_storage_percent, source_url = EXCLUDED.source_url, raw = EXCLUDED.raw, fetched_at = now();
INSERT INTO dams (dam_id, dam_name, state, district, river_basin, owner_agency, status, risk_class, safety_score, source_registry, source_record_id, source_publication_year, source_url, updated_at) VALUES ('MPWRD-32376', 'Shiv Sagar Tank', 'Madhya Pradesh', 'Jhabua', 'Chief Engineer Narmada Tapti Basin, Indore', 'Madhya Pradesh Water Resources Department', 'operational'::dam_status, 'low'::risk_class, 100.00, 'MPWRD', '32376', 2026, 'https://eims1.mpwrd.gov.in/fcmreport/control/main', now()) ON CONFLICT (dam_id) DO UPDATE SET dam_name = EXCLUDED.dam_name, state = EXCLUDED.state, district = EXCLUDED.district, river_basin = EXCLUDED.river_basin, owner_agency = EXCLUDED.owner_agency, status = EXCLUDED.status, risk_class = EXCLUDED.risk_class, safety_score = EXCLUDED.safety_score, source_registry = EXCLUDED.source_registry, source_record_id = EXCLUDED.source_record_id, source_publication_year = EXCLUDED.source_publication_year, source_url = EXCLUDED.source_url, updated_at = now();
INSERT INTO dam_reservoir (dam_id, reservoir_name, live_storage_mcm, current_storage_mcm, frl_m, updated_at) VALUES ('MPWRD-32376', 'Shiv Sagar Tank', 5.13, 5.13, 328.00, now()) ON CONFLICT (dam_id) DO UPDATE SET reservoir_name = EXCLUDED.reservoir_name, live_storage_mcm = EXCLUDED.live_storage_mcm, current_storage_mcm = EXCLUDED.current_storage_mcm, frl_m = EXCLUDED.frl_m, updated_at = now();
INSERT INTO dam_engineering (dam_id, instrumentation, updated_at) VALUES ('MPWRD-32376', '{"basin_office": "Chief Engineer Narmada Tapti Basin, Indore", "gate_count_open": null, "gate_discharge_cumec": null, "last_year_level_m": null, "last_year_live_capacity_mcm": null, "last_year_live_storage_percent": null, "mpwrd_reservoir_code": "32376", "reading_time": "08:00:00", "this_year_is_stale": true, "this_year_level_observed_date": "2025-09-03"}'::jsonb, now()) ON CONFLICT (dam_id) DO UPDATE SET instrumentation = EXCLUDED.instrumentation, updated_at = now();
INSERT INTO mpwrd_reservoir_levels (source_registry, report_date, reservoir_code, dam_id, basin_office, reservoir_name, reading_time, district, frl_m, live_capacity_at_frl_mcm, this_year_level_m, this_year_live_capacity_mcm, this_year_live_storage_percent, this_year_level_observed_date, this_year_is_stale, gate_count_open, gate_discharge_cumec, last_year_level_m, last_year_live_capacity_mcm, last_year_live_storage_percent, source_url, raw, fetched_at) VALUES ('MPWRD', '2026-05-25', '32376', 'MPWRD-32376', 'Chief Engineer Narmada Tapti Basin, Indore', 'Shiv Sagar Tank', '08:00:00', 'Jhabua', 328.00, 5.13, 328.00, 5.13, 100, '2025-09-03', TRUE, NULL, NULL, NULL, NULL, NULL, 'https://eims1.mpwrd.gov.in/fcmreport/control/main', '{"district": "Jhabua", "frl_m": "328.00", "gate_count_open": "", "gate_discharge_cumec": "", "last_year_level_m": "", "last_year_live_capacity_mcm": "", "last_year_live_storage_percent": "", "live_capacity_at_frl_mcm": "5.13", "reservoir": "Shiv Sagar Tank [32376]", "serial": "147.", "this_year_level_m": "328.00 *", "this_year_live_capacity_mcm": "5.13", "this_year_live_storage_percent": "100", "time": "08:00:00"}'::jsonb, now()) ON CONFLICT (source_registry, report_date, reservoir_code) DO UPDATE SET dam_id = EXCLUDED.dam_id, basin_office = EXCLUDED.basin_office, reservoir_name = EXCLUDED.reservoir_name, reading_time = EXCLUDED.reading_time, district = EXCLUDED.district, frl_m = EXCLUDED.frl_m, live_capacity_at_frl_mcm = EXCLUDED.live_capacity_at_frl_mcm, this_year_level_m = EXCLUDED.this_year_level_m, this_year_live_capacity_mcm = EXCLUDED.this_year_live_capacity_mcm, this_year_live_storage_percent = EXCLUDED.this_year_live_storage_percent, this_year_level_observed_date = EXCLUDED.this_year_level_observed_date, this_year_is_stale = EXCLUDED.this_year_is_stale, gate_count_open = EXCLUDED.gate_count_open, gate_discharge_cumec = EXCLUDED.gate_discharge_cumec, last_year_level_m = EXCLUDED.last_year_level_m, last_year_live_capacity_mcm = EXCLUDED.last_year_live_capacity_mcm, last_year_live_storage_percent = EXCLUDED.last_year_live_storage_percent, source_url = EXCLUDED.source_url, raw = EXCLUDED.raw, fetched_at = now();
INSERT INTO dams (dam_id, dam_name, state, district, river_basin, owner_agency, status, risk_class, safety_score, source_registry, source_record_id, source_publication_year, source_url, updated_at) VALUES ('MPWRD-10845', 'Sironj Tank', 'Madhya Pradesh', 'Dhar', 'Chief Engineer Narmada Tapti Basin, Indore', 'Madhya Pradesh Water Resources Department', 'operational'::dam_status, 'low'::risk_class, 100.00, 'MPWRD', '10845', 2026, 'https://eims1.mpwrd.gov.in/fcmreport/control/main', now()) ON CONFLICT (dam_id) DO UPDATE SET dam_name = EXCLUDED.dam_name, state = EXCLUDED.state, district = EXCLUDED.district, river_basin = EXCLUDED.river_basin, owner_agency = EXCLUDED.owner_agency, status = EXCLUDED.status, risk_class = EXCLUDED.risk_class, safety_score = EXCLUDED.safety_score, source_registry = EXCLUDED.source_registry, source_record_id = EXCLUDED.source_record_id, source_publication_year = EXCLUDED.source_publication_year, source_url = EXCLUDED.source_url, updated_at = now();
INSERT INTO dam_reservoir (dam_id, reservoir_name, live_storage_mcm, current_storage_mcm, frl_m, updated_at) VALUES ('MPWRD-10845', 'Sironj Tank', 9.34, 9.34, 384.20, now()) ON CONFLICT (dam_id) DO UPDATE SET reservoir_name = EXCLUDED.reservoir_name, live_storage_mcm = EXCLUDED.live_storage_mcm, current_storage_mcm = EXCLUDED.current_storage_mcm, frl_m = EXCLUDED.frl_m, updated_at = now();
INSERT INTO dam_engineering (dam_id, instrumentation, updated_at) VALUES ('MPWRD-10845', '{"basin_office": "Chief Engineer Narmada Tapti Basin, Indore", "gate_count_open": null, "gate_discharge_cumec": null, "last_year_level_m": null, "last_year_live_capacity_mcm": null, "last_year_live_storage_percent": null, "mpwrd_reservoir_code": "10845", "reading_time": "08:00:00", "this_year_is_stale": true, "this_year_level_observed_date": "2025-09-23"}'::jsonb, now()) ON CONFLICT (dam_id) DO UPDATE SET instrumentation = EXCLUDED.instrumentation, updated_at = now();
INSERT INTO mpwrd_reservoir_levels (source_registry, report_date, reservoir_code, dam_id, basin_office, reservoir_name, reading_time, district, frl_m, live_capacity_at_frl_mcm, this_year_level_m, this_year_live_capacity_mcm, this_year_live_storage_percent, this_year_level_observed_date, this_year_is_stale, gate_count_open, gate_discharge_cumec, last_year_level_m, last_year_live_capacity_mcm, last_year_live_storage_percent, source_url, raw, fetched_at) VALUES ('MPWRD', '2026-05-25', '10845', 'MPWRD-10845', 'Chief Engineer Narmada Tapti Basin, Indore', 'Sironj Tank', '08:00:00', 'Dhar', 384.20, 9.34, 384.20, 9.34, 100, '2025-09-23', TRUE, NULL, NULL, NULL, NULL, NULL, 'https://eims1.mpwrd.gov.in/fcmreport/control/main', '{"district": "Dhar", "frl_m": "384.20", "gate_count_open": "", "gate_discharge_cumec": "", "last_year_level_m": "", "last_year_live_capacity_mcm": "", "last_year_live_storage_percent": "", "live_capacity_at_frl_mcm": "9.34", "reservoir": "Sironj Tank [10845]", "serial": "148.", "this_year_level_m": "384.20 *", "this_year_live_capacity_mcm": "9.34", "this_year_live_storage_percent": "100", "time": "08:00:00"}'::jsonb, now()) ON CONFLICT (source_registry, report_date, reservoir_code) DO UPDATE SET dam_id = EXCLUDED.dam_id, basin_office = EXCLUDED.basin_office, reservoir_name = EXCLUDED.reservoir_name, reading_time = EXCLUDED.reading_time, district = EXCLUDED.district, frl_m = EXCLUDED.frl_m, live_capacity_at_frl_mcm = EXCLUDED.live_capacity_at_frl_mcm, this_year_level_m = EXCLUDED.this_year_level_m, this_year_live_capacity_mcm = EXCLUDED.this_year_live_capacity_mcm, this_year_live_storage_percent = EXCLUDED.this_year_live_storage_percent, this_year_level_observed_date = EXCLUDED.this_year_level_observed_date, this_year_is_stale = EXCLUDED.this_year_is_stale, gate_count_open = EXCLUDED.gate_count_open, gate_discharge_cumec = EXCLUDED.gate_discharge_cumec, last_year_level_m = EXCLUDED.last_year_level_m, last_year_live_capacity_mcm = EXCLUDED.last_year_live_capacity_mcm, last_year_live_storage_percent = EXCLUDED.last_year_live_storage_percent, source_url = EXCLUDED.source_url, raw = EXCLUDED.raw, fetched_at = now();
INSERT INTO dams (dam_id, dam_name, state, district, river_basin, owner_agency, status, risk_class, safety_score, source_registry, source_record_id, source_publication_year, source_url, updated_at) VALUES ('MPWRD-10686', 'Sukta Tank', 'Madhya Pradesh', 'Khandwa', 'Chief Engineer Narmada Tapti Basin, Indore', 'Madhya Pradesh Water Resources Department', 'operational'::dam_status, 'low'::risk_class, 74.00, 'MPWRD', '10686', 2026, 'https://eims1.mpwrd.gov.in/fcmreport/control/main', now()) ON CONFLICT (dam_id) DO UPDATE SET dam_name = EXCLUDED.dam_name, state = EXCLUDED.state, district = EXCLUDED.district, river_basin = EXCLUDED.river_basin, owner_agency = EXCLUDED.owner_agency, status = EXCLUDED.status, risk_class = EXCLUDED.risk_class, safety_score = EXCLUDED.safety_score, source_registry = EXCLUDED.source_registry, source_record_id = EXCLUDED.source_record_id, source_publication_year = EXCLUDED.source_publication_year, source_url = EXCLUDED.source_url, updated_at = now();
INSERT INTO dam_reservoir (dam_id, reservoir_name, live_storage_mcm, current_storage_mcm, frl_m, updated_at) VALUES ('MPWRD-10686', 'Sukta Tank', 78.08, 58.11, 410.56, now()) ON CONFLICT (dam_id) DO UPDATE SET reservoir_name = EXCLUDED.reservoir_name, live_storage_mcm = EXCLUDED.live_storage_mcm, current_storage_mcm = EXCLUDED.current_storage_mcm, frl_m = EXCLUDED.frl_m, updated_at = now();
INSERT INTO dam_engineering (dam_id, instrumentation, updated_at) VALUES ('MPWRD-10686', '{"basin_office": "Chief Engineer Narmada Tapti Basin, Indore", "gate_count_open": null, "gate_discharge_cumec": null, "last_year_level_m": null, "last_year_live_capacity_mcm": null, "last_year_live_storage_percent": null, "mpwrd_reservoir_code": "10686", "reading_time": "08:00:00", "this_year_is_stale": true, "this_year_level_observed_date": "2025-09-25"}'::jsonb, now()) ON CONFLICT (dam_id) DO UPDATE SET instrumentation = EXCLUDED.instrumentation, updated_at = now();
INSERT INTO mpwrd_reservoir_levels (source_registry, report_date, reservoir_code, dam_id, basin_office, reservoir_name, reading_time, district, frl_m, live_capacity_at_frl_mcm, this_year_level_m, this_year_live_capacity_mcm, this_year_live_storage_percent, this_year_level_observed_date, this_year_is_stale, gate_count_open, gate_discharge_cumec, last_year_level_m, last_year_live_capacity_mcm, last_year_live_storage_percent, source_url, raw, fetched_at) VALUES ('MPWRD', '2026-05-25', '10686', 'MPWRD-10686', 'Chief Engineer Narmada Tapti Basin, Indore', 'Sukta Tank', '08:00:00', 'Khandwa', 410.56, 78.08, 408.85, 58.11, 74, '2025-09-25', TRUE, NULL, NULL, NULL, NULL, NULL, 'https://eims1.mpwrd.gov.in/fcmreport/control/main', '{"district": "Khandwa", "frl_m": "410.56", "gate_count_open": "", "gate_discharge_cumec": "", "last_year_level_m": "", "last_year_live_capacity_mcm": "", "last_year_live_storage_percent": "", "live_capacity_at_frl_mcm": "78.08", "reservoir": "Sukta Tank [10686]", "serial": "149.", "this_year_level_m": "408.85*", "this_year_live_capacity_mcm": "58.11", "this_year_live_storage_percent": "74", "time": "08:00:00"}'::jsonb, now()) ON CONFLICT (source_registry, report_date, reservoir_code) DO UPDATE SET dam_id = EXCLUDED.dam_id, basin_office = EXCLUDED.basin_office, reservoir_name = EXCLUDED.reservoir_name, reading_time = EXCLUDED.reading_time, district = EXCLUDED.district, frl_m = EXCLUDED.frl_m, live_capacity_at_frl_mcm = EXCLUDED.live_capacity_at_frl_mcm, this_year_level_m = EXCLUDED.this_year_level_m, this_year_live_capacity_mcm = EXCLUDED.this_year_live_capacity_mcm, this_year_live_storage_percent = EXCLUDED.this_year_live_storage_percent, this_year_level_observed_date = EXCLUDED.this_year_level_observed_date, this_year_is_stale = EXCLUDED.this_year_is_stale, gate_count_open = EXCLUDED.gate_count_open, gate_discharge_cumec = EXCLUDED.gate_discharge_cumec, last_year_level_m = EXCLUDED.last_year_level_m, last_year_live_capacity_mcm = EXCLUDED.last_year_live_capacity_mcm, last_year_live_storage_percent = EXCLUDED.last_year_live_storage_percent, source_url = EXCLUDED.source_url, raw = EXCLUDED.raw, fetched_at = now();
INSERT INTO dams (dam_id, dam_name, state, district, river_basin, owner_agency, status, risk_class, safety_score, source_registry, source_record_id, source_publication_year, source_url, updated_at) VALUES ('MPWRD-20672', 'Thana Tank', 'Madhya Pradesh', 'Dhar', 'Chief Engineer Narmada Tapti Basin, Indore', 'Madhya Pradesh Water Resources Department', 'operational'::dam_status, 'moderate'::risk_class, 38.00, 'MPWRD', '20672', 2026, 'https://eims1.mpwrd.gov.in/fcmreport/control/main', now()) ON CONFLICT (dam_id) DO UPDATE SET dam_name = EXCLUDED.dam_name, state = EXCLUDED.state, district = EXCLUDED.district, river_basin = EXCLUDED.river_basin, owner_agency = EXCLUDED.owner_agency, status = EXCLUDED.status, risk_class = EXCLUDED.risk_class, safety_score = EXCLUDED.safety_score, source_registry = EXCLUDED.source_registry, source_record_id = EXCLUDED.source_record_id, source_publication_year = EXCLUDED.source_publication_year, source_url = EXCLUDED.source_url, updated_at = now();
INSERT INTO dam_reservoir (dam_id, reservoir_name, live_storage_mcm, current_storage_mcm, frl_m, updated_at) VALUES ('MPWRD-20672', 'Thana Tank', 15.38, 5.96, 132.00, now()) ON CONFLICT (dam_id) DO UPDATE SET reservoir_name = EXCLUDED.reservoir_name, live_storage_mcm = EXCLUDED.live_storage_mcm, current_storage_mcm = EXCLUDED.current_storage_mcm, frl_m = EXCLUDED.frl_m, updated_at = now();
INSERT INTO dam_engineering (dam_id, instrumentation, updated_at) VALUES ('MPWRD-20672', '{"basin_office": "Chief Engineer Narmada Tapti Basin, Indore", "gate_count_open": null, "gate_discharge_cumec": null, "last_year_level_m": null, "last_year_live_capacity_mcm": null, "last_year_live_storage_percent": null, "mpwrd_reservoir_code": "20672", "reading_time": "08:00:00", "this_year_is_stale": true, "this_year_level_observed_date": "2025-09-04"}'::jsonb, now()) ON CONFLICT (dam_id) DO UPDATE SET instrumentation = EXCLUDED.instrumentation, updated_at = now();
INSERT INTO mpwrd_reservoir_levels (source_registry, report_date, reservoir_code, dam_id, basin_office, reservoir_name, reading_time, district, frl_m, live_capacity_at_frl_mcm, this_year_level_m, this_year_live_capacity_mcm, this_year_live_storage_percent, this_year_level_observed_date, this_year_is_stale, gate_count_open, gate_discharge_cumec, last_year_level_m, last_year_live_capacity_mcm, last_year_live_storage_percent, source_url, raw, fetched_at) VALUES ('MPWRD', '2026-05-25', '20672', 'MPWRD-20672', 'Chief Engineer Narmada Tapti Basin, Indore', 'Thana Tank', '08:00:00', 'Dhar', 132.00, 15.38, 125.60, 5.96, 38, '2025-09-04', TRUE, NULL, NULL, NULL, NULL, NULL, 'https://eims1.mpwrd.gov.in/fcmreport/control/main', '{"district": "Dhar", "frl_m": "132.00", "gate_count_open": "", "gate_discharge_cumec": "", "last_year_level_m": "", "last_year_live_capacity_mcm": "", "last_year_live_storage_percent": "", "live_capacity_at_frl_mcm": "15.38", "reservoir": "Thana Tank [20672]", "serial": "150.", "this_year_level_m": "125.60*", "this_year_live_capacity_mcm": "5.96", "this_year_live_storage_percent": "38", "time": "08:00:00"}'::jsonb, now()) ON CONFLICT (source_registry, report_date, reservoir_code) DO UPDATE SET dam_id = EXCLUDED.dam_id, basin_office = EXCLUDED.basin_office, reservoir_name = EXCLUDED.reservoir_name, reading_time = EXCLUDED.reading_time, district = EXCLUDED.district, frl_m = EXCLUDED.frl_m, live_capacity_at_frl_mcm = EXCLUDED.live_capacity_at_frl_mcm, this_year_level_m = EXCLUDED.this_year_level_m, this_year_live_capacity_mcm = EXCLUDED.this_year_live_capacity_mcm, this_year_live_storage_percent = EXCLUDED.this_year_live_storage_percent, this_year_level_observed_date = EXCLUDED.this_year_level_observed_date, this_year_is_stale = EXCLUDED.this_year_is_stale, gate_count_open = EXCLUDED.gate_count_open, gate_discharge_cumec = EXCLUDED.gate_discharge_cumec, last_year_level_m = EXCLUDED.last_year_level_m, last_year_live_capacity_mcm = EXCLUDED.last_year_live_capacity_mcm, last_year_live_storage_percent = EXCLUDED.last_year_live_storage_percent, source_url = EXCLUDED.source_url, raw = EXCLUDED.raw, fetched_at = now();
INSERT INTO dams (dam_id, dam_name, state, district, river_basin, owner_agency, status, risk_class, safety_score, source_registry, source_record_id, source_publication_year, source_url, updated_at) VALUES ('MPWRD-32421', 'Tori Tank', 'Madhya Pradesh', 'Badwani', 'Chief Engineer Narmada Tapti Basin, Indore', 'Madhya Pradesh Water Resources Department', 'operational'::dam_status, 'low'::risk_class, 100.00, 'MPWRD', '32421', 2026, 'https://eims1.mpwrd.gov.in/fcmreport/control/main', now()) ON CONFLICT (dam_id) DO UPDATE SET dam_name = EXCLUDED.dam_name, state = EXCLUDED.state, district = EXCLUDED.district, river_basin = EXCLUDED.river_basin, owner_agency = EXCLUDED.owner_agency, status = EXCLUDED.status, risk_class = EXCLUDED.risk_class, safety_score = EXCLUDED.safety_score, source_registry = EXCLUDED.source_registry, source_record_id = EXCLUDED.source_record_id, source_publication_year = EXCLUDED.source_publication_year, source_url = EXCLUDED.source_url, updated_at = now();
INSERT INTO dam_reservoir (dam_id, reservoir_name, live_storage_mcm, current_storage_mcm, frl_m, updated_at) VALUES ('MPWRD-32421', 'Tori Tank', 8.81, 8.81, 341.50, now()) ON CONFLICT (dam_id) DO UPDATE SET reservoir_name = EXCLUDED.reservoir_name, live_storage_mcm = EXCLUDED.live_storage_mcm, current_storage_mcm = EXCLUDED.current_storage_mcm, frl_m = EXCLUDED.frl_m, updated_at = now();
INSERT INTO dam_engineering (dam_id, instrumentation, updated_at) VALUES ('MPWRD-32421', '{"basin_office": "Chief Engineer Narmada Tapti Basin, Indore", "gate_count_open": null, "gate_discharge_cumec": null, "last_year_level_m": null, "last_year_live_capacity_mcm": null, "last_year_live_storage_percent": null, "mpwrd_reservoir_code": "32421", "reading_time": "08:00:00", "this_year_is_stale": true, "this_year_level_observed_date": "2025-09-23"}'::jsonb, now()) ON CONFLICT (dam_id) DO UPDATE SET instrumentation = EXCLUDED.instrumentation, updated_at = now();
INSERT INTO mpwrd_reservoir_levels (source_registry, report_date, reservoir_code, dam_id, basin_office, reservoir_name, reading_time, district, frl_m, live_capacity_at_frl_mcm, this_year_level_m, this_year_live_capacity_mcm, this_year_live_storage_percent, this_year_level_observed_date, this_year_is_stale, gate_count_open, gate_discharge_cumec, last_year_level_m, last_year_live_capacity_mcm, last_year_live_storage_percent, source_url, raw, fetched_at) VALUES ('MPWRD', '2026-05-25', '32421', 'MPWRD-32421', 'Chief Engineer Narmada Tapti Basin, Indore', 'Tori Tank', '08:00:00', 'Badwani', 341.50, 8.81, 341.50, 8.81, 100, '2025-09-23', TRUE, NULL, NULL, NULL, NULL, NULL, 'https://eims1.mpwrd.gov.in/fcmreport/control/main', '{"district": "Badwani", "frl_m": "341.50", "gate_count_open": "", "gate_discharge_cumec": "", "last_year_level_m": "", "last_year_live_capacity_mcm": "", "last_year_live_storage_percent": "", "live_capacity_at_frl_mcm": "8.81", "reservoir": "Tori Tank [32421]", "serial": "151.", "this_year_level_m": "341.50 *", "this_year_live_capacity_mcm": "8.81", "this_year_live_storage_percent": "100", "time": "08:00:00"}'::jsonb, now()) ON CONFLICT (source_registry, report_date, reservoir_code) DO UPDATE SET dam_id = EXCLUDED.dam_id, basin_office = EXCLUDED.basin_office, reservoir_name = EXCLUDED.reservoir_name, reading_time = EXCLUDED.reading_time, district = EXCLUDED.district, frl_m = EXCLUDED.frl_m, live_capacity_at_frl_mcm = EXCLUDED.live_capacity_at_frl_mcm, this_year_level_m = EXCLUDED.this_year_level_m, this_year_live_capacity_mcm = EXCLUDED.this_year_live_capacity_mcm, this_year_live_storage_percent = EXCLUDED.this_year_live_storage_percent, this_year_level_observed_date = EXCLUDED.this_year_level_observed_date, this_year_is_stale = EXCLUDED.this_year_is_stale, gate_count_open = EXCLUDED.gate_count_open, gate_discharge_cumec = EXCLUDED.gate_discharge_cumec, last_year_level_m = EXCLUDED.last_year_level_m, last_year_live_capacity_mcm = EXCLUDED.last_year_live_capacity_mcm, last_year_live_storage_percent = EXCLUDED.last_year_live_storage_percent, source_url = EXCLUDED.source_url, raw = EXCLUDED.raw, fetched_at = now();
INSERT INTO dams (dam_id, dam_name, state, district, river_basin, owner_agency, status, risk_class, safety_score, source_registry, source_record_id, source_publication_year, source_url, updated_at) VALUES ('MPWRD-33147', 'Bansujara Major Project', 'Madhya Pradesh', 'Tikamgarh', 'Chief Engineer Rajghat Canal Project, Datia', 'Madhya Pradesh Water Resources Department', 'operational'::dam_status, 'low'::risk_class, 87.00, 'MPWRD', '33147', 2026, 'https://eims1.mpwrd.gov.in/fcmreport/control/main', now()) ON CONFLICT (dam_id) DO UPDATE SET dam_name = EXCLUDED.dam_name, state = EXCLUDED.state, district = EXCLUDED.district, river_basin = EXCLUDED.river_basin, owner_agency = EXCLUDED.owner_agency, status = EXCLUDED.status, risk_class = EXCLUDED.risk_class, safety_score = EXCLUDED.safety_score, source_registry = EXCLUDED.source_registry, source_record_id = EXCLUDED.source_record_id, source_publication_year = EXCLUDED.source_publication_year, source_url = EXCLUDED.source_url, updated_at = now();
INSERT INTO dam_reservoir (dam_id, reservoir_name, live_storage_mcm, current_storage_mcm, frl_m, updated_at) VALUES ('MPWRD-33147', 'Bansujara Major Project', 276.09, 242.23, 316.50, now()) ON CONFLICT (dam_id) DO UPDATE SET reservoir_name = EXCLUDED.reservoir_name, live_storage_mcm = EXCLUDED.live_storage_mcm, current_storage_mcm = EXCLUDED.current_storage_mcm, frl_m = EXCLUDED.frl_m, updated_at = now();
INSERT INTO dam_engineering (dam_id, instrumentation, updated_at) VALUES ('MPWRD-33147', '{"basin_office": "Chief Engineer Rajghat Canal Project, Datia", "gate_count_open": null, "gate_discharge_cumec": null, "last_year_level_m": null, "last_year_live_capacity_mcm": null, "last_year_live_storage_percent": null, "mpwrd_reservoir_code": "33147", "reading_time": "08:00:00", "this_year_is_stale": true, "this_year_level_observed_date": "2025-09-25"}'::jsonb, now()) ON CONFLICT (dam_id) DO UPDATE SET instrumentation = EXCLUDED.instrumentation, updated_at = now();
INSERT INTO mpwrd_reservoir_levels (source_registry, report_date, reservoir_code, dam_id, basin_office, reservoir_name, reading_time, district, frl_m, live_capacity_at_frl_mcm, this_year_level_m, this_year_live_capacity_mcm, this_year_live_storage_percent, this_year_level_observed_date, this_year_is_stale, gate_count_open, gate_discharge_cumec, last_year_level_m, last_year_live_capacity_mcm, last_year_live_storage_percent, source_url, raw, fetched_at) VALUES ('MPWRD', '2026-05-25', '33147', 'MPWRD-33147', 'Chief Engineer Rajghat Canal Project, Datia', 'Bansujara Major Project', '08:00:00', 'Tikamgarh', 316.50, 276.09, 315.80, 242.23, 87, '2025-09-25', TRUE, NULL, NULL, NULL, NULL, NULL, 'https://eims1.mpwrd.gov.in/fcmreport/control/main', '{"district": "Tikamgarh", "frl_m": "316.50", "gate_count_open": "", "gate_discharge_cumec": "", "last_year_level_m": "", "last_year_live_capacity_mcm": "", "last_year_live_storage_percent": "", "live_capacity_at_frl_mcm": "276.09", "reservoir": "Bansujara Major Project [33147]", "serial": "152.", "this_year_level_m": "315.80*", "this_year_live_capacity_mcm": "242.23", "this_year_live_storage_percent": "87", "time": "08:00:00"}'::jsonb, now()) ON CONFLICT (source_registry, report_date, reservoir_code) DO UPDATE SET dam_id = EXCLUDED.dam_id, basin_office = EXCLUDED.basin_office, reservoir_name = EXCLUDED.reservoir_name, reading_time = EXCLUDED.reading_time, district = EXCLUDED.district, frl_m = EXCLUDED.frl_m, live_capacity_at_frl_mcm = EXCLUDED.live_capacity_at_frl_mcm, this_year_level_m = EXCLUDED.this_year_level_m, this_year_live_capacity_mcm = EXCLUDED.this_year_live_capacity_mcm, this_year_live_storage_percent = EXCLUDED.this_year_live_storage_percent, this_year_level_observed_date = EXCLUDED.this_year_level_observed_date, this_year_is_stale = EXCLUDED.this_year_is_stale, gate_count_open = EXCLUDED.gate_count_open, gate_discharge_cumec = EXCLUDED.gate_discharge_cumec, last_year_level_m = EXCLUDED.last_year_level_m, last_year_live_capacity_mcm = EXCLUDED.last_year_live_capacity_mcm, last_year_live_storage_percent = EXCLUDED.last_year_live_storage_percent, source_url = EXCLUDED.source_url, raw = EXCLUDED.raw, fetched_at = now();
INSERT INTO dams (dam_id, dam_name, state, district, river_basin, owner_agency, status, risk_class, safety_score, source_registry, source_record_id, source_publication_year, source_url, updated_at) VALUES ('MPWRD-20878', 'Madikheda Dam', 'Madhya Pradesh', 'Shivpuri', 'Chief Engineer Rajghat Canal Project, Datia', 'Madhya Pradesh Water Resources Department', 'operational'::dam_status, 'low'::risk_class, 84.00, 'MPWRD', '20878', 2026, 'https://eims1.mpwrd.gov.in/fcmreport/control/main', now()) ON CONFLICT (dam_id) DO UPDATE SET dam_name = EXCLUDED.dam_name, state = EXCLUDED.state, district = EXCLUDED.district, river_basin = EXCLUDED.river_basin, owner_agency = EXCLUDED.owner_agency, status = EXCLUDED.status, risk_class = EXCLUDED.risk_class, safety_score = EXCLUDED.safety_score, source_registry = EXCLUDED.source_registry, source_record_id = EXCLUDED.source_record_id, source_publication_year = EXCLUDED.source_publication_year, source_url = EXCLUDED.source_url, updated_at = now();
INSERT INTO dam_reservoir (dam_id, reservoir_name, live_storage_mcm, current_storage_mcm, frl_m, updated_at) VALUES ('MPWRD-20878', 'Madikheda Dam', 834.83, 706.30, 346.25, now()) ON CONFLICT (dam_id) DO UPDATE SET reservoir_name = EXCLUDED.reservoir_name, live_storage_mcm = EXCLUDED.live_storage_mcm, current_storage_mcm = EXCLUDED.current_storage_mcm, frl_m = EXCLUDED.frl_m, updated_at = now();
INSERT INTO dam_engineering (dam_id, instrumentation, updated_at) VALUES ('MPWRD-20878', '{"basin_office": "Chief Engineer Rajghat Canal Project, Datia", "gate_count_open": null, "gate_discharge_cumec": null, "last_year_level_m": null, "last_year_live_capacity_mcm": null, "last_year_live_storage_percent": null, "mpwrd_reservoir_code": "20878", "reading_time": "08:00:00", "this_year_is_stale": true, "this_year_level_observed_date": "2026-01-08"}'::jsonb, now()) ON CONFLICT (dam_id) DO UPDATE SET instrumentation = EXCLUDED.instrumentation, updated_at = now();
INSERT INTO mpwrd_reservoir_levels (source_registry, report_date, reservoir_code, dam_id, basin_office, reservoir_name, reading_time, district, frl_m, live_capacity_at_frl_mcm, this_year_level_m, this_year_live_capacity_mcm, this_year_live_storage_percent, this_year_level_observed_date, this_year_is_stale, gate_count_open, gate_discharge_cumec, last_year_level_m, last_year_live_capacity_mcm, last_year_live_storage_percent, source_url, raw, fetched_at) VALUES ('MPWRD', '2026-05-25', '20878', 'MPWRD-20878', 'Chief Engineer Rajghat Canal Project, Datia', 'Madikheda Dam', '08:00:00', 'Shivpuri', 346.25, 834.83, 344.30, 706.30, 84, '2026-01-08', TRUE, NULL, NULL, NULL, NULL, NULL, 'https://eims1.mpwrd.gov.in/fcmreport/control/main', '{"district": "Shivpuri", "frl_m": "346.25", "gate_count_open": "", "gate_discharge_cumec": "", "last_year_level_m": "", "last_year_live_capacity_mcm": "", "last_year_live_storage_percent": "", "live_capacity_at_frl_mcm": "834.83", "reservoir": "Madikheda Dam [20878]", "serial": "153.", "this_year_level_m": "344.30*", "this_year_live_capacity_mcm": "706.30", "this_year_live_storage_percent": "84", "time": "08:00:00"}'::jsonb, now()) ON CONFLICT (source_registry, report_date, reservoir_code) DO UPDATE SET dam_id = EXCLUDED.dam_id, basin_office = EXCLUDED.basin_office, reservoir_name = EXCLUDED.reservoir_name, reading_time = EXCLUDED.reading_time, district = EXCLUDED.district, frl_m = EXCLUDED.frl_m, live_capacity_at_frl_mcm = EXCLUDED.live_capacity_at_frl_mcm, this_year_level_m = EXCLUDED.this_year_level_m, this_year_live_capacity_mcm = EXCLUDED.this_year_live_capacity_mcm, this_year_live_storage_percent = EXCLUDED.this_year_live_storage_percent, this_year_level_observed_date = EXCLUDED.this_year_level_observed_date, this_year_is_stale = EXCLUDED.this_year_is_stale, gate_count_open = EXCLUDED.gate_count_open, gate_discharge_cumec = EXCLUDED.gate_discharge_cumec, last_year_level_m = EXCLUDED.last_year_level_m, last_year_live_capacity_mcm = EXCLUDED.last_year_live_capacity_mcm, last_year_live_storage_percent = EXCLUDED.last_year_live_storage_percent, source_url = EXCLUDED.source_url, raw = EXCLUDED.raw, fetched_at = now();
INSERT INTO dams (dam_id, dam_name, state, district, river_basin, owner_agency, status, risk_class, safety_score, source_registry, source_record_id, source_publication_year, source_url, updated_at) VALUES ('MPWRD-31410', 'Mohini Pick Up Weir', 'Madhya Pradesh', 'Shivpuri', 'Chief Engineer Rajghat Canal Project, Datia', 'Madhya Pradesh Water Resources Department', 'operational'::dam_status, 'low'::risk_class, 89.00, 'MPWRD', '31410', 2026, 'https://eims1.mpwrd.gov.in/fcmreport/control/main', now()) ON CONFLICT (dam_id) DO UPDATE SET dam_name = EXCLUDED.dam_name, state = EXCLUDED.state, district = EXCLUDED.district, river_basin = EXCLUDED.river_basin, owner_agency = EXCLUDED.owner_agency, status = EXCLUDED.status, risk_class = EXCLUDED.risk_class, safety_score = EXCLUDED.safety_score, source_registry = EXCLUDED.source_registry, source_record_id = EXCLUDED.source_record_id, source_publication_year = EXCLUDED.source_publication_year, source_url = EXCLUDED.source_url, updated_at = now();
INSERT INTO dam_reservoir (dam_id, reservoir_name, live_storage_mcm, current_storage_mcm, frl_m, updated_at) VALUES ('MPWRD-31410', 'Mohini Pick Up Weir', 107.11, 95.98, 276.25, now()) ON CONFLICT (dam_id) DO UPDATE SET reservoir_name = EXCLUDED.reservoir_name, live_storage_mcm = EXCLUDED.live_storage_mcm, current_storage_mcm = EXCLUDED.current_storage_mcm, frl_m = EXCLUDED.frl_m, updated_at = now();
INSERT INTO dam_engineering (dam_id, instrumentation, updated_at) VALUES ('MPWRD-31410', '{"basin_office": "Chief Engineer Rajghat Canal Project, Datia", "gate_count_open": null, "gate_discharge_cumec": null, "last_year_level_m": null, "last_year_live_capacity_mcm": null, "last_year_live_storage_percent": null, "mpwrd_reservoir_code": "31410", "reading_time": "08:00:00", "this_year_is_stale": true, "this_year_level_observed_date": "2025-09-25"}'::jsonb, now()) ON CONFLICT (dam_id) DO UPDATE SET instrumentation = EXCLUDED.instrumentation, updated_at = now();
INSERT INTO mpwrd_reservoir_levels (source_registry, report_date, reservoir_code, dam_id, basin_office, reservoir_name, reading_time, district, frl_m, live_capacity_at_frl_mcm, this_year_level_m, this_year_live_capacity_mcm, this_year_live_storage_percent, this_year_level_observed_date, this_year_is_stale, gate_count_open, gate_discharge_cumec, last_year_level_m, last_year_live_capacity_mcm, last_year_live_storage_percent, source_url, raw, fetched_at) VALUES ('MPWRD', '2026-05-25', '31410', 'MPWRD-31410', 'Chief Engineer Rajghat Canal Project, Datia', 'Mohini Pick Up Weir', '08:00:00', 'Shivpuri', 276.25, 107.11, 276.00, 95.98, 89, '2025-09-25', TRUE, NULL, NULL, NULL, NULL, NULL, 'https://eims1.mpwrd.gov.in/fcmreport/control/main', '{"district": "Shivpuri", "frl_m": "276.25", "gate_count_open": "", "gate_discharge_cumec": "", "last_year_level_m": "", "last_year_live_capacity_mcm": "", "last_year_live_storage_percent": "", "live_capacity_at_frl_mcm": "107.11", "reservoir": "Mohini Pick Up Weir [31410]", "serial": "154.", "this_year_level_m": "276.00*", "this_year_live_capacity_mcm": "95.98", "this_year_live_storage_percent": "89", "time": "08:00:00"}'::jsonb, now()) ON CONFLICT (source_registry, report_date, reservoir_code) DO UPDATE SET dam_id = EXCLUDED.dam_id, basin_office = EXCLUDED.basin_office, reservoir_name = EXCLUDED.reservoir_name, reading_time = EXCLUDED.reading_time, district = EXCLUDED.district, frl_m = EXCLUDED.frl_m, live_capacity_at_frl_mcm = EXCLUDED.live_capacity_at_frl_mcm, this_year_level_m = EXCLUDED.this_year_level_m, this_year_live_capacity_mcm = EXCLUDED.this_year_live_capacity_mcm, this_year_live_storage_percent = EXCLUDED.this_year_live_storage_percent, this_year_level_observed_date = EXCLUDED.this_year_level_observed_date, this_year_is_stale = EXCLUDED.this_year_is_stale, gate_count_open = EXCLUDED.gate_count_open, gate_discharge_cumec = EXCLUDED.gate_discharge_cumec, last_year_level_m = EXCLUDED.last_year_level_m, last_year_live_capacity_mcm = EXCLUDED.last_year_live_capacity_mcm, last_year_live_storage_percent = EXCLUDED.last_year_live_storage_percent, source_url = EXCLUDED.source_url, raw = EXCLUDED.raw, fetched_at = now();
INSERT INTO dams (dam_id, dam_name, state, district, river_basin, owner_agency, status, risk_class, safety_score, source_registry, source_record_id, source_publication_year, source_url, updated_at) VALUES ('MPWRD-21552', 'Rajghat Dam', 'Madhya Pradesh', 'Ashoknagar', 'Chief Engineer Rajghat Canal Project, Datia', 'Madhya Pradesh Water Resources Department', 'operational'::dam_status, 'low'::risk_class, 100.00, 'MPWRD', '21552', 2026, 'https://eims1.mpwrd.gov.in/fcmreport/control/main', now()) ON CONFLICT (dam_id) DO UPDATE SET dam_name = EXCLUDED.dam_name, state = EXCLUDED.state, district = EXCLUDED.district, river_basin = EXCLUDED.river_basin, owner_agency = EXCLUDED.owner_agency, status = EXCLUDED.status, risk_class = EXCLUDED.risk_class, safety_score = EXCLUDED.safety_score, source_registry = EXCLUDED.source_registry, source_record_id = EXCLUDED.source_record_id, source_publication_year = EXCLUDED.source_publication_year, source_url = EXCLUDED.source_url, updated_at = now();
INSERT INTO dam_reservoir (dam_id, reservoir_name, live_storage_mcm, current_storage_mcm, frl_m, updated_at) VALUES ('MPWRD-21552', 'Rajghat Dam', 1973.00, 1973.00, 371.00, now()) ON CONFLICT (dam_id) DO UPDATE SET reservoir_name = EXCLUDED.reservoir_name, live_storage_mcm = EXCLUDED.live_storage_mcm, current_storage_mcm = EXCLUDED.current_storage_mcm, frl_m = EXCLUDED.frl_m, updated_at = now();
INSERT INTO dam_engineering (dam_id, instrumentation, updated_at) VALUES ('MPWRD-21552', '{"basin_office": "Chief Engineer Rajghat Canal Project, Datia", "gate_count_open": null, "gate_discharge_cumec": null, "last_year_level_m": null, "last_year_live_capacity_mcm": null, "last_year_live_storage_percent": null, "mpwrd_reservoir_code": "21552", "reading_time": "08:00:00", "this_year_is_stale": true, "this_year_level_observed_date": "2025-09-25"}'::jsonb, now()) ON CONFLICT (dam_id) DO UPDATE SET instrumentation = EXCLUDED.instrumentation, updated_at = now();
INSERT INTO mpwrd_reservoir_levels (source_registry, report_date, reservoir_code, dam_id, basin_office, reservoir_name, reading_time, district, frl_m, live_capacity_at_frl_mcm, this_year_level_m, this_year_live_capacity_mcm, this_year_live_storage_percent, this_year_level_observed_date, this_year_is_stale, gate_count_open, gate_discharge_cumec, last_year_level_m, last_year_live_capacity_mcm, last_year_live_storage_percent, source_url, raw, fetched_at) VALUES ('MPWRD', '2026-05-25', '21552', 'MPWRD-21552', 'Chief Engineer Rajghat Canal Project, Datia', 'Rajghat Dam', '08:00:00', 'Ashoknagar', 371.00, 1973.00, 371.00, 1973.00, 100, '2025-09-25', TRUE, NULL, NULL, NULL, NULL, NULL, 'https://eims1.mpwrd.gov.in/fcmreport/control/main', '{"district": "Ashoknagar", "frl_m": "371.00", "gate_count_open": "", "gate_discharge_cumec": "", "last_year_level_m": "", "last_year_live_capacity_mcm": "", "last_year_live_storage_percent": "", "live_capacity_at_frl_mcm": "1973.00", "reservoir": "Rajghat Dam [21552]", "serial": "155.", "this_year_level_m": "371.00 *", "this_year_live_capacity_mcm": "1973.00", "this_year_live_storage_percent": "100", "time": "08:00:00"}'::jsonb, now()) ON CONFLICT (source_registry, report_date, reservoir_code) DO UPDATE SET dam_id = EXCLUDED.dam_id, basin_office = EXCLUDED.basin_office, reservoir_name = EXCLUDED.reservoir_name, reading_time = EXCLUDED.reading_time, district = EXCLUDED.district, frl_m = EXCLUDED.frl_m, live_capacity_at_frl_mcm = EXCLUDED.live_capacity_at_frl_mcm, this_year_level_m = EXCLUDED.this_year_level_m, this_year_live_capacity_mcm = EXCLUDED.this_year_live_capacity_mcm, this_year_live_storage_percent = EXCLUDED.this_year_live_storage_percent, this_year_level_observed_date = EXCLUDED.this_year_level_observed_date, this_year_is_stale = EXCLUDED.this_year_is_stale, gate_count_open = EXCLUDED.gate_count_open, gate_discharge_cumec = EXCLUDED.gate_discharge_cumec, last_year_level_m = EXCLUDED.last_year_level_m, last_year_live_capacity_mcm = EXCLUDED.last_year_live_capacity_mcm, last_year_live_storage_percent = EXCLUDED.last_year_live_storage_percent, source_url = EXCLUDED.source_url, raw = EXCLUDED.raw, fetched_at = now();
INSERT INTO dams (dam_id, dam_name, state, district, river_basin, owner_agency, status, risk_class, safety_score, source_registry, source_record_id, source_publication_year, source_url, updated_at) VALUES ('MPWRD-41410', 'Ramsagar Tank', 'Madhya Pradesh', 'Datia', 'Chief Engineer Rajghat Canal Project, Datia', 'Madhya Pradesh Water Resources Department', 'operational'::dam_status, 'low'::risk_class, 100.00, 'MPWRD', '41410', 2026, 'https://eims1.mpwrd.gov.in/fcmreport/control/main', now()) ON CONFLICT (dam_id) DO UPDATE SET dam_name = EXCLUDED.dam_name, state = EXCLUDED.state, district = EXCLUDED.district, river_basin = EXCLUDED.river_basin, owner_agency = EXCLUDED.owner_agency, status = EXCLUDED.status, risk_class = EXCLUDED.risk_class, safety_score = EXCLUDED.safety_score, source_registry = EXCLUDED.source_registry, source_record_id = EXCLUDED.source_record_id, source_publication_year = EXCLUDED.source_publication_year, source_url = EXCLUDED.source_url, updated_at = now();
INSERT INTO dam_reservoir (dam_id, reservoir_name, live_storage_mcm, current_storage_mcm, frl_m, updated_at) VALUES ('MPWRD-41410', 'Ramsagar Tank', 5.82, 5.82, 310.82, now()) ON CONFLICT (dam_id) DO UPDATE SET reservoir_name = EXCLUDED.reservoir_name, live_storage_mcm = EXCLUDED.live_storage_mcm, current_storage_mcm = EXCLUDED.current_storage_mcm, frl_m = EXCLUDED.frl_m, updated_at = now();
INSERT INTO dam_engineering (dam_id, instrumentation, updated_at) VALUES ('MPWRD-41410', '{"basin_office": "Chief Engineer Rajghat Canal Project, Datia", "gate_count_open": null, "gate_discharge_cumec": null, "last_year_level_m": null, "last_year_live_capacity_mcm": null, "last_year_live_storage_percent": null, "mpwrd_reservoir_code": "41410", "reading_time": "08:00:00", "this_year_is_stale": true, "this_year_level_observed_date": "2025-07-15"}'::jsonb, now()) ON CONFLICT (dam_id) DO UPDATE SET instrumentation = EXCLUDED.instrumentation, updated_at = now();
INSERT INTO mpwrd_reservoir_levels (source_registry, report_date, reservoir_code, dam_id, basin_office, reservoir_name, reading_time, district, frl_m, live_capacity_at_frl_mcm, this_year_level_m, this_year_live_capacity_mcm, this_year_live_storage_percent, this_year_level_observed_date, this_year_is_stale, gate_count_open, gate_discharge_cumec, last_year_level_m, last_year_live_capacity_mcm, last_year_live_storage_percent, source_url, raw, fetched_at) VALUES ('MPWRD', '2026-05-25', '41410', 'MPWRD-41410', 'Chief Engineer Rajghat Canal Project, Datia', 'Ramsagar Tank', '08:00:00', 'Datia', 310.82, 5.82, 310.82, 5.82, 100, '2025-07-15', TRUE, NULL, NULL, NULL, NULL, NULL, 'https://eims1.mpwrd.gov.in/fcmreport/control/main', '{"district": "Datia", "frl_m": "310.82", "gate_count_open": "", "gate_discharge_cumec": "", "last_year_level_m": "", "last_year_live_capacity_mcm": "", "last_year_live_storage_percent": "", "live_capacity_at_frl_mcm": "5.82", "reservoir": "Ramsagar Tank [41410]", "serial": "156.", "this_year_level_m": "310.82 *", "this_year_live_capacity_mcm": "5.82", "this_year_live_storage_percent": "100", "time": "08:00:00"}'::jsonb, now()) ON CONFLICT (source_registry, report_date, reservoir_code) DO UPDATE SET dam_id = EXCLUDED.dam_id, basin_office = EXCLUDED.basin_office, reservoir_name = EXCLUDED.reservoir_name, reading_time = EXCLUDED.reading_time, district = EXCLUDED.district, frl_m = EXCLUDED.frl_m, live_capacity_at_frl_mcm = EXCLUDED.live_capacity_at_frl_mcm, this_year_level_m = EXCLUDED.this_year_level_m, this_year_live_capacity_mcm = EXCLUDED.this_year_live_capacity_mcm, this_year_live_storage_percent = EXCLUDED.this_year_live_storage_percent, this_year_level_observed_date = EXCLUDED.this_year_level_observed_date, this_year_is_stale = EXCLUDED.this_year_is_stale, gate_count_open = EXCLUDED.gate_count_open, gate_discharge_cumec = EXCLUDED.gate_discharge_cumec, last_year_level_m = EXCLUDED.last_year_level_m, last_year_live_capacity_mcm = EXCLUDED.last_year_live_capacity_mcm, last_year_live_storage_percent = EXCLUDED.last_year_live_storage_percent, source_url = EXCLUDED.source_url, raw = EXCLUDED.raw, fetched_at = now();
INSERT INTO dams (dam_id, dam_name, state, district, river_basin, owner_agency, status, risk_class, safety_score, source_registry, source_record_id, source_publication_year, source_url, updated_at) VALUES ('MPWRD-42714', 'Samoha PUW', 'Madhya Pradesh', 'Shivpuri', 'Chief Engineer Rajghat Canal Project, Datia', 'Madhya Pradesh Water Resources Department', 'operational'::dam_status, 'low'::risk_class, 80.00, 'MPWRD', '42714', 2026, 'https://eims1.mpwrd.gov.in/fcmreport/control/main', now()) ON CONFLICT (dam_id) DO UPDATE SET dam_name = EXCLUDED.dam_name, state = EXCLUDED.state, district = EXCLUDED.district, river_basin = EXCLUDED.river_basin, owner_agency = EXCLUDED.owner_agency, status = EXCLUDED.status, risk_class = EXCLUDED.risk_class, safety_score = EXCLUDED.safety_score, source_registry = EXCLUDED.source_registry, source_record_id = EXCLUDED.source_record_id, source_publication_year = EXCLUDED.source_publication_year, source_url = EXCLUDED.source_url, updated_at = now();
INSERT INTO dam_reservoir (dam_id, reservoir_name, live_storage_mcm, current_storage_mcm, frl_m, updated_at) VALUES ('MPWRD-42714', 'Samoha PUW', 18.26, 14.73, 246.50, now()) ON CONFLICT (dam_id) DO UPDATE SET reservoir_name = EXCLUDED.reservoir_name, live_storage_mcm = EXCLUDED.live_storage_mcm, current_storage_mcm = EXCLUDED.current_storage_mcm, frl_m = EXCLUDED.frl_m, updated_at = now();
INSERT INTO dam_engineering (dam_id, instrumentation, updated_at) VALUES ('MPWRD-42714', '{"basin_office": "Chief Engineer Rajghat Canal Project, Datia", "gate_count_open": null, "gate_discharge_cumec": null, "last_year_level_m": null, "last_year_live_capacity_mcm": null, "last_year_live_storage_percent": null, "mpwrd_reservoir_code": "42714", "reading_time": "08:00:00", "this_year_is_stale": true, "this_year_level_observed_date": "2025-09-24"}'::jsonb, now()) ON CONFLICT (dam_id) DO UPDATE SET instrumentation = EXCLUDED.instrumentation, updated_at = now();
INSERT INTO mpwrd_reservoir_levels (source_registry, report_date, reservoir_code, dam_id, basin_office, reservoir_name, reading_time, district, frl_m, live_capacity_at_frl_mcm, this_year_level_m, this_year_live_capacity_mcm, this_year_live_storage_percent, this_year_level_observed_date, this_year_is_stale, gate_count_open, gate_discharge_cumec, last_year_level_m, last_year_live_capacity_mcm, last_year_live_storage_percent, source_url, raw, fetched_at) VALUES ('MPWRD', '2026-05-25', '42714', 'MPWRD-42714', 'Chief Engineer Rajghat Canal Project, Datia', 'Samoha PUW', '08:00:00', 'Shivpuri', 246.50, 18.26, 245.89, 14.73, 80, '2025-09-24', TRUE, NULL, NULL, NULL, NULL, NULL, 'https://eims1.mpwrd.gov.in/fcmreport/control/main', '{"district": "Shivpuri", "frl_m": "246.50", "gate_count_open": "", "gate_discharge_cumec": "", "last_year_level_m": "", "last_year_live_capacity_mcm": "", "last_year_live_storage_percent": "", "live_capacity_at_frl_mcm": "18.26", "reservoir": "Samoha PUW [42714]", "serial": "157.", "this_year_level_m": "245.89*", "this_year_live_capacity_mcm": "14.73", "this_year_live_storage_percent": "80", "time": "08:00:00"}'::jsonb, now()) ON CONFLICT (source_registry, report_date, reservoir_code) DO UPDATE SET dam_id = EXCLUDED.dam_id, basin_office = EXCLUDED.basin_office, reservoir_name = EXCLUDED.reservoir_name, reading_time = EXCLUDED.reading_time, district = EXCLUDED.district, frl_m = EXCLUDED.frl_m, live_capacity_at_frl_mcm = EXCLUDED.live_capacity_at_frl_mcm, this_year_level_m = EXCLUDED.this_year_level_m, this_year_live_capacity_mcm = EXCLUDED.this_year_live_capacity_mcm, this_year_live_storage_percent = EXCLUDED.this_year_live_storage_percent, this_year_level_observed_date = EXCLUDED.this_year_level_observed_date, this_year_is_stale = EXCLUDED.this_year_is_stale, gate_count_open = EXCLUDED.gate_count_open, gate_discharge_cumec = EXCLUDED.gate_discharge_cumec, last_year_level_m = EXCLUDED.last_year_level_m, last_year_live_capacity_mcm = EXCLUDED.last_year_live_capacity_mcm, last_year_live_storage_percent = EXCLUDED.last_year_live_storage_percent, source_url = EXCLUDED.source_url, raw = EXCLUDED.raw, fetched_at = now();
INSERT INTO dams (dam_id, dam_name, state, district, river_basin, owner_agency, status, risk_class, safety_score, source_registry, source_record_id, source_publication_year, source_url, updated_at) VALUES ('MPWRD-32920', 'Aloud Tank', 'Madhya Pradesh', 'Narsingpur', 'Chief Engineer Wainganga Basin, Seoni', 'Madhya Pradesh Water Resources Department', 'operational'::dam_status, 'low'::risk_class, 100.00, 'MPWRD', '32920', 2026, 'https://eims1.mpwrd.gov.in/fcmreport/control/main', now()) ON CONFLICT (dam_id) DO UPDATE SET dam_name = EXCLUDED.dam_name, state = EXCLUDED.state, district = EXCLUDED.district, river_basin = EXCLUDED.river_basin, owner_agency = EXCLUDED.owner_agency, status = EXCLUDED.status, risk_class = EXCLUDED.risk_class, safety_score = EXCLUDED.safety_score, source_registry = EXCLUDED.source_registry, source_record_id = EXCLUDED.source_record_id, source_publication_year = EXCLUDED.source_publication_year, source_url = EXCLUDED.source_url, updated_at = now();
INSERT INTO dam_reservoir (dam_id, reservoir_name, live_storage_mcm, current_storage_mcm, frl_m, updated_at) VALUES ('MPWRD-32920', 'Aloud Tank', 2.77, 2.77, 122.50, now()) ON CONFLICT (dam_id) DO UPDATE SET reservoir_name = EXCLUDED.reservoir_name, live_storage_mcm = EXCLUDED.live_storage_mcm, current_storage_mcm = EXCLUDED.current_storage_mcm, frl_m = EXCLUDED.frl_m, updated_at = now();
INSERT INTO dam_engineering (dam_id, instrumentation, updated_at) VALUES ('MPWRD-32920', '{"basin_office": "Chief Engineer Wainganga Basin, Seoni", "gate_count_open": null, "gate_discharge_cumec": null, "last_year_level_m": null, "last_year_live_capacity_mcm": null, "last_year_live_storage_percent": null, "mpwrd_reservoir_code": "32920", "reading_time": "08:00:00", "this_year_is_stale": true, "this_year_level_observed_date": "2025-09-24"}'::jsonb, now()) ON CONFLICT (dam_id) DO UPDATE SET instrumentation = EXCLUDED.instrumentation, updated_at = now();
INSERT INTO mpwrd_reservoir_levels (source_registry, report_date, reservoir_code, dam_id, basin_office, reservoir_name, reading_time, district, frl_m, live_capacity_at_frl_mcm, this_year_level_m, this_year_live_capacity_mcm, this_year_live_storage_percent, this_year_level_observed_date, this_year_is_stale, gate_count_open, gate_discharge_cumec, last_year_level_m, last_year_live_capacity_mcm, last_year_live_storage_percent, source_url, raw, fetched_at) VALUES ('MPWRD', '2026-05-25', '32920', 'MPWRD-32920', 'Chief Engineer Wainganga Basin, Seoni', 'Aloud Tank', '08:00:00', 'Narsingpur', 122.50, 2.77, 122.50, 2.77, 100, '2025-09-24', TRUE, NULL, NULL, NULL, NULL, NULL, 'https://eims1.mpwrd.gov.in/fcmreport/control/main', '{"district": "Narsingpur", "frl_m": "122.50", "gate_count_open": "", "gate_discharge_cumec": "", "last_year_level_m": "", "last_year_live_capacity_mcm": "", "last_year_live_storage_percent": "", "live_capacity_at_frl_mcm": "2.77", "reservoir": "Aloud Tank [32920]", "serial": "158.", "this_year_level_m": "122.50 *", "this_year_live_capacity_mcm": "2.77", "this_year_live_storage_percent": "100", "time": "08:00:00"}'::jsonb, now()) ON CONFLICT (source_registry, report_date, reservoir_code) DO UPDATE SET dam_id = EXCLUDED.dam_id, basin_office = EXCLUDED.basin_office, reservoir_name = EXCLUDED.reservoir_name, reading_time = EXCLUDED.reading_time, district = EXCLUDED.district, frl_m = EXCLUDED.frl_m, live_capacity_at_frl_mcm = EXCLUDED.live_capacity_at_frl_mcm, this_year_level_m = EXCLUDED.this_year_level_m, this_year_live_capacity_mcm = EXCLUDED.this_year_live_capacity_mcm, this_year_live_storage_percent = EXCLUDED.this_year_live_storage_percent, this_year_level_observed_date = EXCLUDED.this_year_level_observed_date, this_year_is_stale = EXCLUDED.this_year_is_stale, gate_count_open = EXCLUDED.gate_count_open, gate_discharge_cumec = EXCLUDED.gate_discharge_cumec, last_year_level_m = EXCLUDED.last_year_level_m, last_year_live_capacity_mcm = EXCLUDED.last_year_live_capacity_mcm, last_year_live_storage_percent = EXCLUDED.last_year_live_storage_percent, source_url = EXCLUDED.source_url, raw = EXCLUDED.raw, fetched_at = now();
INSERT INTO dams (dam_id, dam_name, state, district, river_basin, owner_agency, status, risk_class, safety_score, source_registry, source_record_id, source_publication_year, source_url, updated_at) VALUES ('MPWRD-10319', 'Amadi Tank', 'Madhya Pradesh', 'Katni', 'Chief Engineer Wainganga Basin, Seoni', 'Madhya Pradesh Water Resources Department', 'operational'::dam_status, 'moderate'::risk_class, 39.00, 'MPWRD', '10319', 2026, 'https://eims1.mpwrd.gov.in/fcmreport/control/main', now()) ON CONFLICT (dam_id) DO UPDATE SET dam_name = EXCLUDED.dam_name, state = EXCLUDED.state, district = EXCLUDED.district, river_basin = EXCLUDED.river_basin, owner_agency = EXCLUDED.owner_agency, status = EXCLUDED.status, risk_class = EXCLUDED.risk_class, safety_score = EXCLUDED.safety_score, source_registry = EXCLUDED.source_registry, source_record_id = EXCLUDED.source_record_id, source_publication_year = EXCLUDED.source_publication_year, source_url = EXCLUDED.source_url, updated_at = now();
INSERT INTO dam_reservoir (dam_id, reservoir_name, live_storage_mcm, current_storage_mcm, frl_m, updated_at) VALUES ('MPWRD-10319', 'Amadi Tank', 6.58, 2.58, 390.75, now()) ON CONFLICT (dam_id) DO UPDATE SET reservoir_name = EXCLUDED.reservoir_name, live_storage_mcm = EXCLUDED.live_storage_mcm, current_storage_mcm = EXCLUDED.current_storage_mcm, frl_m = EXCLUDED.frl_m, updated_at = now();
INSERT INTO dam_engineering (dam_id, instrumentation, updated_at) VALUES ('MPWRD-10319', '{"basin_office": "Chief Engineer Wainganga Basin, Seoni", "gate_count_open": null, "gate_discharge_cumec": null, "last_year_level_m": null, "last_year_live_capacity_mcm": null, "last_year_live_storage_percent": null, "mpwrd_reservoir_code": "10319", "reading_time": "08:00:00", "this_year_is_stale": true, "this_year_level_observed_date": "2025-09-23"}'::jsonb, now()) ON CONFLICT (dam_id) DO UPDATE SET instrumentation = EXCLUDED.instrumentation, updated_at = now();
INSERT INTO mpwrd_reservoir_levels (source_registry, report_date, reservoir_code, dam_id, basin_office, reservoir_name, reading_time, district, frl_m, live_capacity_at_frl_mcm, this_year_level_m, this_year_live_capacity_mcm, this_year_live_storage_percent, this_year_level_observed_date, this_year_is_stale, gate_count_open, gate_discharge_cumec, last_year_level_m, last_year_live_capacity_mcm, last_year_live_storage_percent, source_url, raw, fetched_at) VALUES ('MPWRD', '2026-05-25', '10319', 'MPWRD-10319', 'Chief Engineer Wainganga Basin, Seoni', 'Amadi Tank', '08:00:00', 'Katni', 390.75, 6.58, 388.30, 2.58, 39, '2025-09-23', TRUE, NULL, NULL, NULL, NULL, NULL, 'https://eims1.mpwrd.gov.in/fcmreport/control/main', '{"district": "Katni", "frl_m": "390.75", "gate_count_open": "", "gate_discharge_cumec": "", "last_year_level_m": "", "last_year_live_capacity_mcm": "", "last_year_live_storage_percent": "", "live_capacity_at_frl_mcm": "6.58", "reservoir": "Amadi Tank [10319]", "serial": "159.", "this_year_level_m": "388.30*", "this_year_live_capacity_mcm": "2.58", "this_year_live_storage_percent": "39", "time": "08:00:00"}'::jsonb, now()) ON CONFLICT (source_registry, report_date, reservoir_code) DO UPDATE SET dam_id = EXCLUDED.dam_id, basin_office = EXCLUDED.basin_office, reservoir_name = EXCLUDED.reservoir_name, reading_time = EXCLUDED.reading_time, district = EXCLUDED.district, frl_m = EXCLUDED.frl_m, live_capacity_at_frl_mcm = EXCLUDED.live_capacity_at_frl_mcm, this_year_level_m = EXCLUDED.this_year_level_m, this_year_live_capacity_mcm = EXCLUDED.this_year_live_capacity_mcm, this_year_live_storage_percent = EXCLUDED.this_year_live_storage_percent, this_year_level_observed_date = EXCLUDED.this_year_level_observed_date, this_year_is_stale = EXCLUDED.this_year_is_stale, gate_count_open = EXCLUDED.gate_count_open, gate_discharge_cumec = EXCLUDED.gate_discharge_cumec, last_year_level_m = EXCLUDED.last_year_level_m, last_year_live_capacity_mcm = EXCLUDED.last_year_live_capacity_mcm, last_year_live_storage_percent = EXCLUDED.last_year_live_storage_percent, source_url = EXCLUDED.source_url, raw = EXCLUDED.raw, fetched_at = now();
INSERT INTO dams (dam_id, dam_name, state, district, river_basin, owner_agency, status, risk_class, safety_score, source_registry, source_record_id, source_publication_year, source_url, updated_at) VALUES ('MPWRD-32106', 'Ambakhapa Tank', 'Madhya Pradesh', 'Chindwara', 'Chief Engineer Wainganga Basin, Seoni', 'Madhya Pradesh Water Resources Department', 'operational'::dam_status, 'low'::risk_class, 100.00, 'MPWRD', '32106', 2026, 'https://eims1.mpwrd.gov.in/fcmreport/control/main', now()) ON CONFLICT (dam_id) DO UPDATE SET dam_name = EXCLUDED.dam_name, state = EXCLUDED.state, district = EXCLUDED.district, river_basin = EXCLUDED.river_basin, owner_agency = EXCLUDED.owner_agency, status = EXCLUDED.status, risk_class = EXCLUDED.risk_class, safety_score = EXCLUDED.safety_score, source_registry = EXCLUDED.source_registry, source_record_id = EXCLUDED.source_record_id, source_publication_year = EXCLUDED.source_publication_year, source_url = EXCLUDED.source_url, updated_at = now();
INSERT INTO dam_reservoir (dam_id, reservoir_name, live_storage_mcm, current_storage_mcm, frl_m, updated_at) VALUES ('MPWRD-32106', 'Ambakhapa Tank', 8.20, 8.20, 111.30, now()) ON CONFLICT (dam_id) DO UPDATE SET reservoir_name = EXCLUDED.reservoir_name, live_storage_mcm = EXCLUDED.live_storage_mcm, current_storage_mcm = EXCLUDED.current_storage_mcm, frl_m = EXCLUDED.frl_m, updated_at = now();
INSERT INTO dam_engineering (dam_id, instrumentation, updated_at) VALUES ('MPWRD-32106', '{"basin_office": "Chief Engineer Wainganga Basin, Seoni", "gate_count_open": null, "gate_discharge_cumec": null, "last_year_level_m": null, "last_year_live_capacity_mcm": null, "last_year_live_storage_percent": null, "mpwrd_reservoir_code": "32106", "reading_time": "08:00:00", "this_year_is_stale": true, "this_year_level_observed_date": "2025-09-24"}'::jsonb, now()) ON CONFLICT (dam_id) DO UPDATE SET instrumentation = EXCLUDED.instrumentation, updated_at = now();
INSERT INTO mpwrd_reservoir_levels (source_registry, report_date, reservoir_code, dam_id, basin_office, reservoir_name, reading_time, district, frl_m, live_capacity_at_frl_mcm, this_year_level_m, this_year_live_capacity_mcm, this_year_live_storage_percent, this_year_level_observed_date, this_year_is_stale, gate_count_open, gate_discharge_cumec, last_year_level_m, last_year_live_capacity_mcm, last_year_live_storage_percent, source_url, raw, fetched_at) VALUES ('MPWRD', '2026-05-25', '32106', 'MPWRD-32106', 'Chief Engineer Wainganga Basin, Seoni', 'Ambakhapa Tank', '08:00:00', 'Chindwara', 111.30, 8.20, 111.30, 8.20, 100, '2025-09-24', TRUE, NULL, NULL, NULL, NULL, NULL, 'https://eims1.mpwrd.gov.in/fcmreport/control/main', '{"district": "Chindwara", "frl_m": "111.30", "gate_count_open": "", "gate_discharge_cumec": "", "last_year_level_m": "", "last_year_live_capacity_mcm": "", "last_year_live_storage_percent": "", "live_capacity_at_frl_mcm": "8.20", "reservoir": "Ambakhapa Tank [32106]", "serial": "160.", "this_year_level_m": "111.30 *", "this_year_live_capacity_mcm": "8.20", "this_year_live_storage_percent": "100", "time": "08:00:00"}'::jsonb, now()) ON CONFLICT (source_registry, report_date, reservoir_code) DO UPDATE SET dam_id = EXCLUDED.dam_id, basin_office = EXCLUDED.basin_office, reservoir_name = EXCLUDED.reservoir_name, reading_time = EXCLUDED.reading_time, district = EXCLUDED.district, frl_m = EXCLUDED.frl_m, live_capacity_at_frl_mcm = EXCLUDED.live_capacity_at_frl_mcm, this_year_level_m = EXCLUDED.this_year_level_m, this_year_live_capacity_mcm = EXCLUDED.this_year_live_capacity_mcm, this_year_live_storage_percent = EXCLUDED.this_year_live_storage_percent, this_year_level_observed_date = EXCLUDED.this_year_level_observed_date, this_year_is_stale = EXCLUDED.this_year_is_stale, gate_count_open = EXCLUDED.gate_count_open, gate_discharge_cumec = EXCLUDED.gate_discharge_cumec, last_year_level_m = EXCLUDED.last_year_level_m, last_year_live_capacity_mcm = EXCLUDED.last_year_live_capacity_mcm, last_year_live_storage_percent = EXCLUDED.last_year_live_storage_percent, source_url = EXCLUDED.source_url, raw = EXCLUDED.raw, fetched_at = now();
INSERT INTO dams (dam_id, dam_name, state, district, river_basin, owner_agency, status, risk_class, safety_score, source_registry, source_record_id, source_publication_year, source_url, updated_at) VALUES ('MPWRD-26090', 'Amehata Tank', 'Madhya Pradesh', 'Katni', 'Chief Engineer Wainganga Basin, Seoni', 'Madhya Pradesh Water Resources Department', 'operational'::dam_status, 'low'::risk_class, 100.00, 'MPWRD', '26090', 2026, 'https://eims1.mpwrd.gov.in/fcmreport/control/main', now()) ON CONFLICT (dam_id) DO UPDATE SET dam_name = EXCLUDED.dam_name, state = EXCLUDED.state, district = EXCLUDED.district, river_basin = EXCLUDED.river_basin, owner_agency = EXCLUDED.owner_agency, status = EXCLUDED.status, risk_class = EXCLUDED.risk_class, safety_score = EXCLUDED.safety_score, source_registry = EXCLUDED.source_registry, source_record_id = EXCLUDED.source_record_id, source_publication_year = EXCLUDED.source_publication_year, source_url = EXCLUDED.source_url, updated_at = now();
INSERT INTO dam_reservoir (dam_id, reservoir_name, live_storage_mcm, current_storage_mcm, frl_m, updated_at) VALUES ('MPWRD-26090', 'Amehata Tank', 7.07, 7.19, 175.85, now()) ON CONFLICT (dam_id) DO UPDATE SET reservoir_name = EXCLUDED.reservoir_name, live_storage_mcm = EXCLUDED.live_storage_mcm, current_storage_mcm = EXCLUDED.current_storage_mcm, frl_m = EXCLUDED.frl_m, updated_at = now();
INSERT INTO dam_engineering (dam_id, instrumentation, updated_at) VALUES ('MPWRD-26090', '{"basin_office": "Chief Engineer Wainganga Basin, Seoni", "gate_count_open": null, "gate_discharge_cumec": null, "last_year_level_m": null, "last_year_live_capacity_mcm": null, "last_year_live_storage_percent": null, "mpwrd_reservoir_code": "26090", "reading_time": "08:00:00", "this_year_is_stale": true, "this_year_level_observed_date": "2025-09-15"}'::jsonb, now()) ON CONFLICT (dam_id) DO UPDATE SET instrumentation = EXCLUDED.instrumentation, updated_at = now();
INSERT INTO mpwrd_reservoir_levels (source_registry, report_date, reservoir_code, dam_id, basin_office, reservoir_name, reading_time, district, frl_m, live_capacity_at_frl_mcm, this_year_level_m, this_year_live_capacity_mcm, this_year_live_storage_percent, this_year_level_observed_date, this_year_is_stale, gate_count_open, gate_discharge_cumec, last_year_level_m, last_year_live_capacity_mcm, last_year_live_storage_percent, source_url, raw, fetched_at) VALUES ('MPWRD', '2026-05-25', '26090', 'MPWRD-26090', 'Chief Engineer Wainganga Basin, Seoni', 'Amehata Tank', '08:00:00', 'Katni', 175.85, 7.07, 175.85, 7.19, 100, '2025-09-15', TRUE, NULL, NULL, NULL, NULL, NULL, 'https://eims1.mpwrd.gov.in/fcmreport/control/main', '{"district": "Katni", "frl_m": "175.85", "gate_count_open": "", "gate_discharge_cumec": "", "last_year_level_m": "", "last_year_live_capacity_mcm": "", "last_year_live_storage_percent": "", "live_capacity_at_frl_mcm": "7.07", "reservoir": "Amehata Tank [26090]", "serial": "161.", "this_year_level_m": "175.85 *", "this_year_live_capacity_mcm": "7.19", "this_year_live_storage_percent": "100", "time": "08:00:00"}'::jsonb, now()) ON CONFLICT (source_registry, report_date, reservoir_code) DO UPDATE SET dam_id = EXCLUDED.dam_id, basin_office = EXCLUDED.basin_office, reservoir_name = EXCLUDED.reservoir_name, reading_time = EXCLUDED.reading_time, district = EXCLUDED.district, frl_m = EXCLUDED.frl_m, live_capacity_at_frl_mcm = EXCLUDED.live_capacity_at_frl_mcm, this_year_level_m = EXCLUDED.this_year_level_m, this_year_live_capacity_mcm = EXCLUDED.this_year_live_capacity_mcm, this_year_live_storage_percent = EXCLUDED.this_year_live_storage_percent, this_year_level_observed_date = EXCLUDED.this_year_level_observed_date, this_year_is_stale = EXCLUDED.this_year_is_stale, gate_count_open = EXCLUDED.gate_count_open, gate_discharge_cumec = EXCLUDED.gate_discharge_cumec, last_year_level_m = EXCLUDED.last_year_level_m, last_year_live_capacity_mcm = EXCLUDED.last_year_live_capacity_mcm, last_year_live_storage_percent = EXCLUDED.last_year_live_storage_percent, source_url = EXCLUDED.source_url, raw = EXCLUDED.raw, fetched_at = now();
INSERT INTO dams (dam_id, dam_name, state, district, river_basin, owner_agency, status, risk_class, safety_score, source_registry, source_record_id, source_publication_year, source_url, updated_at) VALUES ('MPWRD-10518', 'Ari Tank', 'Madhya Pradesh', 'Seoni', 'Chief Engineer Wainganga Basin, Seoni', 'Madhya Pradesh Water Resources Department', 'operational'::dam_status, 'low'::risk_class, 100.00, 'MPWRD', '10518', 2026, 'https://eims1.mpwrd.gov.in/fcmreport/control/main', now()) ON CONFLICT (dam_id) DO UPDATE SET dam_name = EXCLUDED.dam_name, state = EXCLUDED.state, district = EXCLUDED.district, river_basin = EXCLUDED.river_basin, owner_agency = EXCLUDED.owner_agency, status = EXCLUDED.status, risk_class = EXCLUDED.risk_class, safety_score = EXCLUDED.safety_score, source_registry = EXCLUDED.source_registry, source_record_id = EXCLUDED.source_record_id, source_publication_year = EXCLUDED.source_publication_year, source_url = EXCLUDED.source_url, updated_at = now();
INSERT INTO dam_reservoir (dam_id, reservoir_name, live_storage_mcm, current_storage_mcm, frl_m, updated_at) VALUES ('MPWRD-10518', 'Ari Tank', 12.89, 13.27, 132.89, now()) ON CONFLICT (dam_id) DO UPDATE SET reservoir_name = EXCLUDED.reservoir_name, live_storage_mcm = EXCLUDED.live_storage_mcm, current_storage_mcm = EXCLUDED.current_storage_mcm, frl_m = EXCLUDED.frl_m, updated_at = now();
INSERT INTO dam_engineering (dam_id, instrumentation, updated_at) VALUES ('MPWRD-10518', '{"basin_office": "Chief Engineer Wainganga Basin, Seoni", "gate_count_open": null, "gate_discharge_cumec": null, "last_year_level_m": null, "last_year_live_capacity_mcm": null, "last_year_live_storage_percent": null, "mpwrd_reservoir_code": "10518", "reading_time": "08:00:00", "this_year_is_stale": true, "this_year_level_observed_date": "2025-09-24"}'::jsonb, now()) ON CONFLICT (dam_id) DO UPDATE SET instrumentation = EXCLUDED.instrumentation, updated_at = now();
INSERT INTO mpwrd_reservoir_levels (source_registry, report_date, reservoir_code, dam_id, basin_office, reservoir_name, reading_time, district, frl_m, live_capacity_at_frl_mcm, this_year_level_m, this_year_live_capacity_mcm, this_year_live_storage_percent, this_year_level_observed_date, this_year_is_stale, gate_count_open, gate_discharge_cumec, last_year_level_m, last_year_live_capacity_mcm, last_year_live_storage_percent, source_url, raw, fetched_at) VALUES ('MPWRD', '2026-05-25', '10518', 'MPWRD-10518', 'Chief Engineer Wainganga Basin, Seoni', 'Ari Tank', '08:00:00', 'Seoni', 132.89, 12.89, 133.01, 13.27, 100, '2025-09-24', TRUE, NULL, NULL, NULL, NULL, NULL, 'https://eims1.mpwrd.gov.in/fcmreport/control/main', '{"district": "Seoni", "frl_m": "132.89", "gate_count_open": "", "gate_discharge_cumec": "", "last_year_level_m": "", "last_year_live_capacity_mcm": "", "last_year_live_storage_percent": "", "live_capacity_at_frl_mcm": "12.89", "reservoir": "Ari Tank [10518]", "serial": "162.", "this_year_level_m": "133.01 *", "this_year_live_capacity_mcm": "13.27", "this_year_live_storage_percent": "100", "time": "08:00:00"}'::jsonb, now()) ON CONFLICT (source_registry, report_date, reservoir_code) DO UPDATE SET dam_id = EXCLUDED.dam_id, basin_office = EXCLUDED.basin_office, reservoir_name = EXCLUDED.reservoir_name, reading_time = EXCLUDED.reading_time, district = EXCLUDED.district, frl_m = EXCLUDED.frl_m, live_capacity_at_frl_mcm = EXCLUDED.live_capacity_at_frl_mcm, this_year_level_m = EXCLUDED.this_year_level_m, this_year_live_capacity_mcm = EXCLUDED.this_year_live_capacity_mcm, this_year_live_storage_percent = EXCLUDED.this_year_live_storage_percent, this_year_level_observed_date = EXCLUDED.this_year_level_observed_date, this_year_is_stale = EXCLUDED.this_year_is_stale, gate_count_open = EXCLUDED.gate_count_open, gate_discharge_cumec = EXCLUDED.gate_discharge_cumec, last_year_level_m = EXCLUDED.last_year_level_m, last_year_live_capacity_mcm = EXCLUDED.last_year_live_capacity_mcm, last_year_live_storage_percent = EXCLUDED.last_year_live_storage_percent, source_url = EXCLUDED.source_url, raw = EXCLUDED.raw, fetched_at = now();
INSERT INTO dams (dam_id, dam_name, state, district, river_basin, owner_agency, status, risk_class, safety_score, source_registry, source_record_id, source_publication_year, source_url, updated_at) VALUES ('MPWRD-10313', 'Bahoriband Tank', 'Madhya Pradesh', 'Katni', 'Chief Engineer Wainganga Basin, Seoni', 'Madhya Pradesh Water Resources Department', 'operational'::dam_status, 'low'::risk_class, 100.00, 'MPWRD', '10313', 2026, 'https://eims1.mpwrd.gov.in/fcmreport/control/main', now()) ON CONFLICT (dam_id) DO UPDATE SET dam_name = EXCLUDED.dam_name, state = EXCLUDED.state, district = EXCLUDED.district, river_basin = EXCLUDED.river_basin, owner_agency = EXCLUDED.owner_agency, status = EXCLUDED.status, risk_class = EXCLUDED.risk_class, safety_score = EXCLUDED.safety_score, source_registry = EXCLUDED.source_registry, source_record_id = EXCLUDED.source_record_id, source_publication_year = EXCLUDED.source_publication_year, source_url = EXCLUDED.source_url, updated_at = now();
INSERT INTO dam_reservoir (dam_id, reservoir_name, live_storage_mcm, current_storage_mcm, frl_m, updated_at) VALUES ('MPWRD-10313', 'Bahoriband Tank', 34.52, 34.52, 158.19, now()) ON CONFLICT (dam_id) DO UPDATE SET reservoir_name = EXCLUDED.reservoir_name, live_storage_mcm = EXCLUDED.live_storage_mcm, current_storage_mcm = EXCLUDED.current_storage_mcm, frl_m = EXCLUDED.frl_m, updated_at = now();
INSERT INTO dam_engineering (dam_id, instrumentation, updated_at) VALUES ('MPWRD-10313', '{"basin_office": "Chief Engineer Wainganga Basin, Seoni", "gate_count_open": null, "gate_discharge_cumec": null, "last_year_level_m": null, "last_year_live_capacity_mcm": null, "last_year_live_storage_percent": null, "mpwrd_reservoir_code": "10313", "reading_time": "08:00:00", "this_year_is_stale": true, "this_year_level_observed_date": "2025-09-24"}'::jsonb, now()) ON CONFLICT (dam_id) DO UPDATE SET instrumentation = EXCLUDED.instrumentation, updated_at = now();
INSERT INTO mpwrd_reservoir_levels (source_registry, report_date, reservoir_code, dam_id, basin_office, reservoir_name, reading_time, district, frl_m, live_capacity_at_frl_mcm, this_year_level_m, this_year_live_capacity_mcm, this_year_live_storage_percent, this_year_level_observed_date, this_year_is_stale, gate_count_open, gate_discharge_cumec, last_year_level_m, last_year_live_capacity_mcm, last_year_live_storage_percent, source_url, raw, fetched_at) VALUES ('MPWRD', '2026-05-25', '10313', 'MPWRD-10313', 'Chief Engineer Wainganga Basin, Seoni', 'Bahoriband Tank', '08:00:00', 'Katni', 158.19, 34.52, 158.19, 34.52, 100, '2025-09-24', TRUE, NULL, NULL, NULL, NULL, NULL, 'https://eims1.mpwrd.gov.in/fcmreport/control/main', '{"district": "Katni", "frl_m": "158.19", "gate_count_open": "", "gate_discharge_cumec": "", "last_year_level_m": "", "last_year_live_capacity_mcm": "", "last_year_live_storage_percent": "", "live_capacity_at_frl_mcm": "34.52", "reservoir": "Bahoriband Tank [10313]", "serial": "163.", "this_year_level_m": "158.19 *", "this_year_live_capacity_mcm": "34.52", "this_year_live_storage_percent": "100", "time": "08:00:00"}'::jsonb, now()) ON CONFLICT (source_registry, report_date, reservoir_code) DO UPDATE SET dam_id = EXCLUDED.dam_id, basin_office = EXCLUDED.basin_office, reservoir_name = EXCLUDED.reservoir_name, reading_time = EXCLUDED.reading_time, district = EXCLUDED.district, frl_m = EXCLUDED.frl_m, live_capacity_at_frl_mcm = EXCLUDED.live_capacity_at_frl_mcm, this_year_level_m = EXCLUDED.this_year_level_m, this_year_live_capacity_mcm = EXCLUDED.this_year_live_capacity_mcm, this_year_live_storage_percent = EXCLUDED.this_year_live_storage_percent, this_year_level_observed_date = EXCLUDED.this_year_level_observed_date, this_year_is_stale = EXCLUDED.this_year_is_stale, gate_count_open = EXCLUDED.gate_count_open, gate_discharge_cumec = EXCLUDED.gate_discharge_cumec, last_year_level_m = EXCLUDED.last_year_level_m, last_year_live_capacity_mcm = EXCLUDED.last_year_live_capacity_mcm, last_year_live_storage_percent = EXCLUDED.last_year_live_storage_percent, source_url = EXCLUDED.source_url, raw = EXCLUDED.raw, fetched_at = now();
INSERT INTO dams (dam_id, dam_name, state, district, river_basin, owner_agency, status, risk_class, safety_score, source_registry, source_record_id, source_publication_year, source_url, updated_at) VALUES ('MPWRD-10617', 'Barnoo Tank', 'Madhya Pradesh', 'Jabalpur', 'Chief Engineer Wainganga Basin, Seoni', 'Madhya Pradesh Water Resources Department', 'operational'::dam_status, 'low'::risk_class, 100.00, 'MPWRD', '10617', 2026, 'https://eims1.mpwrd.gov.in/fcmreport/control/main', now()) ON CONFLICT (dam_id) DO UPDATE SET dam_name = EXCLUDED.dam_name, state = EXCLUDED.state, district = EXCLUDED.district, river_basin = EXCLUDED.river_basin, owner_agency = EXCLUDED.owner_agency, status = EXCLUDED.status, risk_class = EXCLUDED.risk_class, safety_score = EXCLUDED.safety_score, source_registry = EXCLUDED.source_registry, source_record_id = EXCLUDED.source_record_id, source_publication_year = EXCLUDED.source_publication_year, source_url = EXCLUDED.source_url, updated_at = now();
INSERT INTO dam_reservoir (dam_id, reservoir_name, live_storage_mcm, current_storage_mcm, frl_m, updated_at) VALUES ('MPWRD-10617', 'Barnoo Tank', 9.30, 9.80, 417.57, now()) ON CONFLICT (dam_id) DO UPDATE SET reservoir_name = EXCLUDED.reservoir_name, live_storage_mcm = EXCLUDED.live_storage_mcm, current_storage_mcm = EXCLUDED.current_storage_mcm, frl_m = EXCLUDED.frl_m, updated_at = now();
INSERT INTO dam_engineering (dam_id, instrumentation, updated_at) VALUES ('MPWRD-10617', '{"basin_office": "Chief Engineer Wainganga Basin, Seoni", "gate_count_open": null, "gate_discharge_cumec": null, "last_year_level_m": null, "last_year_live_capacity_mcm": null, "last_year_live_storage_percent": null, "mpwrd_reservoir_code": "10617", "reading_time": "08:00:00", "this_year_is_stale": true, "this_year_level_observed_date": "2025-08-28"}'::jsonb, now()) ON CONFLICT (dam_id) DO UPDATE SET instrumentation = EXCLUDED.instrumentation, updated_at = now();
INSERT INTO mpwrd_reservoir_levels (source_registry, report_date, reservoir_code, dam_id, basin_office, reservoir_name, reading_time, district, frl_m, live_capacity_at_frl_mcm, this_year_level_m, this_year_live_capacity_mcm, this_year_live_storage_percent, this_year_level_observed_date, this_year_is_stale, gate_count_open, gate_discharge_cumec, last_year_level_m, last_year_live_capacity_mcm, last_year_live_storage_percent, source_url, raw, fetched_at) VALUES ('MPWRD', '2026-05-25', '10617', 'MPWRD-10617', 'Chief Engineer Wainganga Basin, Seoni', 'Barnoo Tank', '08:00:00', 'Jabalpur', 417.57, 9.30, 417.94, 9.80, 100, '2025-08-28', TRUE, NULL, NULL, NULL, NULL, NULL, 'https://eims1.mpwrd.gov.in/fcmreport/control/main', '{"district": "Jabalpur", "frl_m": "417.57", "gate_count_open": "", "gate_discharge_cumec": "", "last_year_level_m": "", "last_year_live_capacity_mcm": "", "last_year_live_storage_percent": "", "live_capacity_at_frl_mcm": "9.30", "reservoir": "Barnoo Tank [10617]", "serial": "164.", "this_year_level_m": "417.94 *", "this_year_live_capacity_mcm": "9.80", "this_year_live_storage_percent": "100", "time": "08:00:00"}'::jsonb, now()) ON CONFLICT (source_registry, report_date, reservoir_code) DO UPDATE SET dam_id = EXCLUDED.dam_id, basin_office = EXCLUDED.basin_office, reservoir_name = EXCLUDED.reservoir_name, reading_time = EXCLUDED.reading_time, district = EXCLUDED.district, frl_m = EXCLUDED.frl_m, live_capacity_at_frl_mcm = EXCLUDED.live_capacity_at_frl_mcm, this_year_level_m = EXCLUDED.this_year_level_m, this_year_live_capacity_mcm = EXCLUDED.this_year_live_capacity_mcm, this_year_live_storage_percent = EXCLUDED.this_year_live_storage_percent, this_year_level_observed_date = EXCLUDED.this_year_level_observed_date, this_year_is_stale = EXCLUDED.this_year_is_stale, gate_count_open = EXCLUDED.gate_count_open, gate_discharge_cumec = EXCLUDED.gate_discharge_cumec, last_year_level_m = EXCLUDED.last_year_level_m, last_year_live_capacity_mcm = EXCLUDED.last_year_live_capacity_mcm, last_year_live_storage_percent = EXCLUDED.last_year_live_storage_percent, source_url = EXCLUDED.source_url, raw = EXCLUDED.raw, fetched_at = now();
INSERT INTO dams (dam_id, dam_name, state, district, river_basin, owner_agency, status, risk_class, safety_score, source_registry, source_record_id, source_publication_year, source_url, updated_at) VALUES ('MPWRD-10515', 'Bawanthadi (Rajiv Sagar)', 'Madhya Pradesh', 'Balaghat', 'Chief Engineer Wainganga Basin, Seoni', 'Madhya Pradesh Water Resources Department', 'operational'::dam_status, 'low'::risk_class, 97.00, 'MPWRD', '10515', 2026, 'https://eims1.mpwrd.gov.in/fcmreport/control/main', now()) ON CONFLICT (dam_id) DO UPDATE SET dam_name = EXCLUDED.dam_name, state = EXCLUDED.state, district = EXCLUDED.district, river_basin = EXCLUDED.river_basin, owner_agency = EXCLUDED.owner_agency, status = EXCLUDED.status, risk_class = EXCLUDED.risk_class, safety_score = EXCLUDED.safety_score, source_registry = EXCLUDED.source_registry, source_record_id = EXCLUDED.source_record_id, source_publication_year = EXCLUDED.source_publication_year, source_url = EXCLUDED.source_url, updated_at = now();
INSERT INTO dam_reservoir (dam_id, reservoir_name, live_storage_mcm, current_storage_mcm, frl_m, updated_at) VALUES ('MPWRD-10515', 'Bawanthadi (Rajiv Sagar)', 254.68, 249.40, 344.40, now()) ON CONFLICT (dam_id) DO UPDATE SET reservoir_name = EXCLUDED.reservoir_name, live_storage_mcm = EXCLUDED.live_storage_mcm, current_storage_mcm = EXCLUDED.current_storage_mcm, frl_m = EXCLUDED.frl_m, updated_at = now();
INSERT INTO dam_engineering (dam_id, instrumentation, updated_at) VALUES ('MPWRD-10515', '{"basin_office": "Chief Engineer Wainganga Basin, Seoni", "gate_count_open": null, "gate_discharge_cumec": null, "last_year_level_m": null, "last_year_live_capacity_mcm": null, "last_year_live_storage_percent": null, "mpwrd_reservoir_code": "10515", "reading_time": "08:00:00", "this_year_is_stale": true, "this_year_level_observed_date": "2025-09-25"}'::jsonb, now()) ON CONFLICT (dam_id) DO UPDATE SET instrumentation = EXCLUDED.instrumentation, updated_at = now();
INSERT INTO mpwrd_reservoir_levels (source_registry, report_date, reservoir_code, dam_id, basin_office, reservoir_name, reading_time, district, frl_m, live_capacity_at_frl_mcm, this_year_level_m, this_year_live_capacity_mcm, this_year_live_storage_percent, this_year_level_observed_date, this_year_is_stale, gate_count_open, gate_discharge_cumec, last_year_level_m, last_year_live_capacity_mcm, last_year_live_storage_percent, source_url, raw, fetched_at) VALUES ('MPWRD', '2026-05-25', '10515', 'MPWRD-10515', 'Chief Engineer Wainganga Basin, Seoni', 'Bawanthadi (Rajiv Sagar)', '08:00:00', 'Balaghat', 344.40, 254.68, 344.20, 249.40, 97, '2025-09-25', TRUE, NULL, NULL, NULL, NULL, NULL, 'https://eims1.mpwrd.gov.in/fcmreport/control/main', '{"district": "Balaghat", "frl_m": "344.40", "gate_count_open": "", "gate_discharge_cumec": "", "last_year_level_m": "", "last_year_live_capacity_mcm": "", "last_year_live_storage_percent": "", "live_capacity_at_frl_mcm": "254.68", "reservoir": "Bawanthadi (Rajiv Sagar) [10515]", "serial": "165.", "this_year_level_m": "344.20*", "this_year_live_capacity_mcm": "249.40", "this_year_live_storage_percent": "97", "time": "08:00:00"}'::jsonb, now()) ON CONFLICT (source_registry, report_date, reservoir_code) DO UPDATE SET dam_id = EXCLUDED.dam_id, basin_office = EXCLUDED.basin_office, reservoir_name = EXCLUDED.reservoir_name, reading_time = EXCLUDED.reading_time, district = EXCLUDED.district, frl_m = EXCLUDED.frl_m, live_capacity_at_frl_mcm = EXCLUDED.live_capacity_at_frl_mcm, this_year_level_m = EXCLUDED.this_year_level_m, this_year_live_capacity_mcm = EXCLUDED.this_year_live_capacity_mcm, this_year_live_storage_percent = EXCLUDED.this_year_live_storage_percent, this_year_level_observed_date = EXCLUDED.this_year_level_observed_date, this_year_is_stale = EXCLUDED.this_year_is_stale, gate_count_open = EXCLUDED.gate_count_open, gate_discharge_cumec = EXCLUDED.gate_discharge_cumec, last_year_level_m = EXCLUDED.last_year_level_m, last_year_live_capacity_mcm = EXCLUDED.last_year_live_capacity_mcm, last_year_live_storage_percent = EXCLUDED.last_year_live_storage_percent, source_url = EXCLUDED.source_url, raw = EXCLUDED.raw, fetched_at = now();
INSERT INTO dams (dam_id, dam_name, state, district, river_basin, owner_agency, status, risk_class, safety_score, source_registry, source_record_id, source_publication_year, source_url, updated_at) VALUES ('MPWRD-10314', 'Bhitrigarh Tank', 'Madhya Pradesh', 'Katni', 'Chief Engineer Wainganga Basin, Seoni', 'Madhya Pradesh Water Resources Department', 'operational'::dam_status, 'low'::risk_class, 65.00, 'MPWRD', '10314', 2026, 'https://eims1.mpwrd.gov.in/fcmreport/control/main', now()) ON CONFLICT (dam_id) DO UPDATE SET dam_name = EXCLUDED.dam_name, state = EXCLUDED.state, district = EXCLUDED.district, river_basin = EXCLUDED.river_basin, owner_agency = EXCLUDED.owner_agency, status = EXCLUDED.status, risk_class = EXCLUDED.risk_class, safety_score = EXCLUDED.safety_score, source_registry = EXCLUDED.source_registry, source_record_id = EXCLUDED.source_record_id, source_publication_year = EXCLUDED.source_publication_year, source_url = EXCLUDED.source_url, updated_at = now();
INSERT INTO dam_reservoir (dam_id, reservoir_name, live_storage_mcm, current_storage_mcm, frl_m, updated_at) VALUES ('MPWRD-10314', 'Bhitrigarh Tank', 5.25, 3.45, 460.85, now()) ON CONFLICT (dam_id) DO UPDATE SET reservoir_name = EXCLUDED.reservoir_name, live_storage_mcm = EXCLUDED.live_storage_mcm, current_storage_mcm = EXCLUDED.current_storage_mcm, frl_m = EXCLUDED.frl_m, updated_at = now();
INSERT INTO dam_engineering (dam_id, instrumentation, updated_at) VALUES ('MPWRD-10314', '{"basin_office": "Chief Engineer Wainganga Basin, Seoni", "gate_count_open": null, "gate_discharge_cumec": null, "last_year_level_m": null, "last_year_live_capacity_mcm": null, "last_year_live_storage_percent": null, "mpwrd_reservoir_code": "10314", "reading_time": "08:00:00", "this_year_is_stale": true, "this_year_level_observed_date": "2025-09-15"}'::jsonb, now()) ON CONFLICT (dam_id) DO UPDATE SET instrumentation = EXCLUDED.instrumentation, updated_at = now();
INSERT INTO mpwrd_reservoir_levels (source_registry, report_date, reservoir_code, dam_id, basin_office, reservoir_name, reading_time, district, frl_m, live_capacity_at_frl_mcm, this_year_level_m, this_year_live_capacity_mcm, this_year_live_storage_percent, this_year_level_observed_date, this_year_is_stale, gate_count_open, gate_discharge_cumec, last_year_level_m, last_year_live_capacity_mcm, last_year_live_storage_percent, source_url, raw, fetched_at) VALUES ('MPWRD', '2026-05-25', '10314', 'MPWRD-10314', 'Chief Engineer Wainganga Basin, Seoni', 'Bhitrigarh Tank', '08:00:00', 'Katni', 460.85, 5.25, 458.60, 3.45, 65, '2025-09-15', TRUE, NULL, NULL, NULL, NULL, NULL, 'https://eims1.mpwrd.gov.in/fcmreport/control/main', '{"district": "Katni", "frl_m": "460.85", "gate_count_open": "", "gate_discharge_cumec": "", "last_year_level_m": "", "last_year_live_capacity_mcm": "", "last_year_live_storage_percent": "", "live_capacity_at_frl_mcm": "5.25", "reservoir": "Bhitrigarh Tank [10314]", "serial": "166.", "this_year_level_m": "458.60*", "this_year_live_capacity_mcm": "3.45", "this_year_live_storage_percent": "65", "time": "08:00:00"}'::jsonb, now()) ON CONFLICT (source_registry, report_date, reservoir_code) DO UPDATE SET dam_id = EXCLUDED.dam_id, basin_office = EXCLUDED.basin_office, reservoir_name = EXCLUDED.reservoir_name, reading_time = EXCLUDED.reading_time, district = EXCLUDED.district, frl_m = EXCLUDED.frl_m, live_capacity_at_frl_mcm = EXCLUDED.live_capacity_at_frl_mcm, this_year_level_m = EXCLUDED.this_year_level_m, this_year_live_capacity_mcm = EXCLUDED.this_year_live_capacity_mcm, this_year_live_storage_percent = EXCLUDED.this_year_live_storage_percent, this_year_level_observed_date = EXCLUDED.this_year_level_observed_date, this_year_is_stale = EXCLUDED.this_year_is_stale, gate_count_open = EXCLUDED.gate_count_open, gate_discharge_cumec = EXCLUDED.gate_discharge_cumec, last_year_level_m = EXCLUDED.last_year_level_m, last_year_live_capacity_mcm = EXCLUDED.last_year_live_capacity_mcm, last_year_live_storage_percent = EXCLUDED.last_year_live_storage_percent, source_url = EXCLUDED.source_url, raw = EXCLUDED.raw, fetched_at = now();
INSERT INTO dams (dam_id, dam_name, state, district, river_basin, owner_agency, status, risk_class, safety_score, source_registry, source_record_id, source_publication_year, source_url, updated_at) VALUES ('MPWRD-10572', 'Bichhia Dam', 'Madhya Pradesh', 'Mandla', 'Chief Engineer Wainganga Basin, Seoni', 'Madhya Pradesh Water Resources Department', 'operational'::dam_status, 'low'::risk_class, 96.00, 'MPWRD', '10572', 2026, 'https://eims1.mpwrd.gov.in/fcmreport/control/main', now()) ON CONFLICT (dam_id) DO UPDATE SET dam_name = EXCLUDED.dam_name, state = EXCLUDED.state, district = EXCLUDED.district, river_basin = EXCLUDED.river_basin, owner_agency = EXCLUDED.owner_agency, status = EXCLUDED.status, risk_class = EXCLUDED.risk_class, safety_score = EXCLUDED.safety_score, source_registry = EXCLUDED.source_registry, source_record_id = EXCLUDED.source_record_id, source_publication_year = EXCLUDED.source_publication_year, source_url = EXCLUDED.source_url, updated_at = now();
INSERT INTO dam_reservoir (dam_id, reservoir_name, live_storage_mcm, current_storage_mcm, frl_m, updated_at) VALUES ('MPWRD-10572', 'Bichhia Dam', 7.92, 7.67, 632.82, now()) ON CONFLICT (dam_id) DO UPDATE SET reservoir_name = EXCLUDED.reservoir_name, live_storage_mcm = EXCLUDED.live_storage_mcm, current_storage_mcm = EXCLUDED.current_storage_mcm, frl_m = EXCLUDED.frl_m, updated_at = now();
INSERT INTO dam_engineering (dam_id, instrumentation, updated_at) VALUES ('MPWRD-10572', '{"basin_office": "Chief Engineer Wainganga Basin, Seoni", "gate_count_open": null, "gate_discharge_cumec": null, "last_year_level_m": null, "last_year_live_capacity_mcm": null, "last_year_live_storage_percent": null, "mpwrd_reservoir_code": "10572", "reading_time": "08:00:00", "this_year_is_stale": true, "this_year_level_observed_date": "2025-09-24"}'::jsonb, now()) ON CONFLICT (dam_id) DO UPDATE SET instrumentation = EXCLUDED.instrumentation, updated_at = now();
INSERT INTO mpwrd_reservoir_levels (source_registry, report_date, reservoir_code, dam_id, basin_office, reservoir_name, reading_time, district, frl_m, live_capacity_at_frl_mcm, this_year_level_m, this_year_live_capacity_mcm, this_year_live_storage_percent, this_year_level_observed_date, this_year_is_stale, gate_count_open, gate_discharge_cumec, last_year_level_m, last_year_live_capacity_mcm, last_year_live_storage_percent, source_url, raw, fetched_at) VALUES ('MPWRD', '2026-05-25', '10572', 'MPWRD-10572', 'Chief Engineer Wainganga Basin, Seoni', 'Bichhia Dam', '08:00:00', 'Mandla', 632.82, 7.92, 632.66, 7.67, 96, '2025-09-24', TRUE, NULL, NULL, NULL, NULL, NULL, 'https://eims1.mpwrd.gov.in/fcmreport/control/main', '{"district": "Mandla", "frl_m": "632.82", "gate_count_open": "", "gate_discharge_cumec": "", "last_year_level_m": "", "last_year_live_capacity_mcm": "", "last_year_live_storage_percent": "", "live_capacity_at_frl_mcm": "7.92", "reservoir": "Bichhia Dam [10572]", "serial": "167.", "this_year_level_m": "632.66*", "this_year_live_capacity_mcm": "7.67", "this_year_live_storage_percent": "96", "time": "08:00:00"}'::jsonb, now()) ON CONFLICT (source_registry, report_date, reservoir_code) DO UPDATE SET dam_id = EXCLUDED.dam_id, basin_office = EXCLUDED.basin_office, reservoir_name = EXCLUDED.reservoir_name, reading_time = EXCLUDED.reading_time, district = EXCLUDED.district, frl_m = EXCLUDED.frl_m, live_capacity_at_frl_mcm = EXCLUDED.live_capacity_at_frl_mcm, this_year_level_m = EXCLUDED.this_year_level_m, this_year_live_capacity_mcm = EXCLUDED.this_year_live_capacity_mcm, this_year_live_storage_percent = EXCLUDED.this_year_live_storage_percent, this_year_level_observed_date = EXCLUDED.this_year_level_observed_date, this_year_is_stale = EXCLUDED.this_year_is_stale, gate_count_open = EXCLUDED.gate_count_open, gate_discharge_cumec = EXCLUDED.gate_discharge_cumec, last_year_level_m = EXCLUDED.last_year_level_m, last_year_live_capacity_mcm = EXCLUDED.last_year_live_capacity_mcm, last_year_live_storage_percent = EXCLUDED.last_year_live_storage_percent, source_url = EXCLUDED.source_url, raw = EXCLUDED.raw, fetched_at = now();
INSERT INTO dams (dam_id, dam_name, state, district, river_basin, owner_agency, status, risk_class, safety_score, source_registry, source_record_id, source_publication_year, source_url, updated_at) VALUES ('MPWRD-10517', 'Bijna Tank', 'Madhya Pradesh', 'Seoni', 'Chief Engineer Wainganga Basin, Seoni', 'Madhya Pradesh Water Resources Department', 'operational'::dam_status, 'low'::risk_class, 100.00, 'MPWRD', '10517', 2026, 'https://eims1.mpwrd.gov.in/fcmreport/control/main', now()) ON CONFLICT (dam_id) DO UPDATE SET dam_name = EXCLUDED.dam_name, state = EXCLUDED.state, district = EXCLUDED.district, river_basin = EXCLUDED.river_basin, owner_agency = EXCLUDED.owner_agency, status = EXCLUDED.status, risk_class = EXCLUDED.risk_class, safety_score = EXCLUDED.safety_score, source_registry = EXCLUDED.source_registry, source_record_id = EXCLUDED.source_record_id, source_publication_year = EXCLUDED.source_publication_year, source_url = EXCLUDED.source_url, updated_at = now();
INSERT INTO dam_reservoir (dam_id, reservoir_name, live_storage_mcm, current_storage_mcm, frl_m, updated_at) VALUES ('MPWRD-10517', 'Bijna Tank', 8.55, 8.55, 617.82, now()) ON CONFLICT (dam_id) DO UPDATE SET reservoir_name = EXCLUDED.reservoir_name, live_storage_mcm = EXCLUDED.live_storage_mcm, current_storage_mcm = EXCLUDED.current_storage_mcm, frl_m = EXCLUDED.frl_m, updated_at = now();
INSERT INTO dam_engineering (dam_id, instrumentation, updated_at) VALUES ('MPWRD-10517', '{"basin_office": "Chief Engineer Wainganga Basin, Seoni", "gate_count_open": null, "gate_discharge_cumec": null, "last_year_level_m": null, "last_year_live_capacity_mcm": null, "last_year_live_storage_percent": null, "mpwrd_reservoir_code": "10517", "reading_time": "08:00:00", "this_year_is_stale": true, "this_year_level_observed_date": "2025-09-24"}'::jsonb, now()) ON CONFLICT (dam_id) DO UPDATE SET instrumentation = EXCLUDED.instrumentation, updated_at = now();
INSERT INTO mpwrd_reservoir_levels (source_registry, report_date, reservoir_code, dam_id, basin_office, reservoir_name, reading_time, district, frl_m, live_capacity_at_frl_mcm, this_year_level_m, this_year_live_capacity_mcm, this_year_live_storage_percent, this_year_level_observed_date, this_year_is_stale, gate_count_open, gate_discharge_cumec, last_year_level_m, last_year_live_capacity_mcm, last_year_live_storage_percent, source_url, raw, fetched_at) VALUES ('MPWRD', '2026-05-25', '10517', 'MPWRD-10517', 'Chief Engineer Wainganga Basin, Seoni', 'Bijna Tank', '08:00:00', 'Seoni', 617.82, 8.55, 617.82, 8.55, 100, '2025-09-24', TRUE, NULL, NULL, NULL, NULL, NULL, 'https://eims1.mpwrd.gov.in/fcmreport/control/main', '{"district": "Seoni", "frl_m": "617.82", "gate_count_open": "", "gate_discharge_cumec": "", "last_year_level_m": "", "last_year_live_capacity_mcm": "", "last_year_live_storage_percent": "", "live_capacity_at_frl_mcm": "8.55", "reservoir": "Bijna Tank [10517]", "serial": "168.", "this_year_level_m": "617.82 *", "this_year_live_capacity_mcm": "8.55", "this_year_live_storage_percent": "100", "time": "08:00:00"}'::jsonb, now()) ON CONFLICT (source_registry, report_date, reservoir_code) DO UPDATE SET dam_id = EXCLUDED.dam_id, basin_office = EXCLUDED.basin_office, reservoir_name = EXCLUDED.reservoir_name, reading_time = EXCLUDED.reading_time, district = EXCLUDED.district, frl_m = EXCLUDED.frl_m, live_capacity_at_frl_mcm = EXCLUDED.live_capacity_at_frl_mcm, this_year_level_m = EXCLUDED.this_year_level_m, this_year_live_capacity_mcm = EXCLUDED.this_year_live_capacity_mcm, this_year_live_storage_percent = EXCLUDED.this_year_live_storage_percent, this_year_level_observed_date = EXCLUDED.this_year_level_observed_date, this_year_is_stale = EXCLUDED.this_year_is_stale, gate_count_open = EXCLUDED.gate_count_open, gate_discharge_cumec = EXCLUDED.gate_discharge_cumec, last_year_level_m = EXCLUDED.last_year_level_m, last_year_live_capacity_mcm = EXCLUDED.last_year_live_capacity_mcm, last_year_live_storage_percent = EXCLUDED.last_year_live_storage_percent, source_url = EXCLUDED.source_url, raw = EXCLUDED.raw, fetched_at = now();
INSERT INTO dams (dam_id, dam_name, state, district, river_basin, owner_agency, status, risk_class, safety_score, source_registry, source_record_id, source_publication_year, source_url, updated_at) VALUES ('MPWRD-20760', 'Bilgaon Medium Project', 'Madhya Pradesh', 'Dindori', 'Chief Engineer Wainganga Basin, Seoni', 'Madhya Pradesh Water Resources Department', 'operational'::dam_status, 'low'::risk_class, 98.00, 'MPWRD', '20760', 2026, 'https://eims1.mpwrd.gov.in/fcmreport/control/main', now()) ON CONFLICT (dam_id) DO UPDATE SET dam_name = EXCLUDED.dam_name, state = EXCLUDED.state, district = EXCLUDED.district, river_basin = EXCLUDED.river_basin, owner_agency = EXCLUDED.owner_agency, status = EXCLUDED.status, risk_class = EXCLUDED.risk_class, safety_score = EXCLUDED.safety_score, source_registry = EXCLUDED.source_registry, source_record_id = EXCLUDED.source_record_id, source_publication_year = EXCLUDED.source_publication_year, source_url = EXCLUDED.source_url, updated_at = now();
INSERT INTO dam_reservoir (dam_id, reservoir_name, live_storage_mcm, current_storage_mcm, frl_m, updated_at) VALUES ('MPWRD-20760', 'Bilgaon Medium Project', 58.12, 57.47, 701.00, now()) ON CONFLICT (dam_id) DO UPDATE SET reservoir_name = EXCLUDED.reservoir_name, live_storage_mcm = EXCLUDED.live_storage_mcm, current_storage_mcm = EXCLUDED.current_storage_mcm, frl_m = EXCLUDED.frl_m, updated_at = now();
INSERT INTO dam_engineering (dam_id, instrumentation, updated_at) VALUES ('MPWRD-20760', '{"basin_office": "Chief Engineer Wainganga Basin, Seoni", "gate_count_open": null, "gate_discharge_cumec": null, "last_year_level_m": null, "last_year_live_capacity_mcm": null, "last_year_live_storage_percent": null, "mpwrd_reservoir_code": "20760", "reading_time": "08:00:00", "this_year_is_stale": true, "this_year_level_observed_date": "2025-09-25"}'::jsonb, now()) ON CONFLICT (dam_id) DO UPDATE SET instrumentation = EXCLUDED.instrumentation, updated_at = now();
INSERT INTO mpwrd_reservoir_levels (source_registry, report_date, reservoir_code, dam_id, basin_office, reservoir_name, reading_time, district, frl_m, live_capacity_at_frl_mcm, this_year_level_m, this_year_live_capacity_mcm, this_year_live_storage_percent, this_year_level_observed_date, this_year_is_stale, gate_count_open, gate_discharge_cumec, last_year_level_m, last_year_live_capacity_mcm, last_year_live_storage_percent, source_url, raw, fetched_at) VALUES ('MPWRD', '2026-05-25', '20760', 'MPWRD-20760', 'Chief Engineer Wainganga Basin, Seoni', 'Bilgaon Medium Project', '08:00:00', 'Dindori', 701.00, 58.12, 700.90, 57.47, 98, '2025-09-25', TRUE, NULL, NULL, NULL, NULL, NULL, 'https://eims1.mpwrd.gov.in/fcmreport/control/main', '{"district": "Dindori", "frl_m": "701.00", "gate_count_open": "", "gate_discharge_cumec": "", "last_year_level_m": "", "last_year_live_capacity_mcm": "", "last_year_live_storage_percent": "", "live_capacity_at_frl_mcm": "58.12", "reservoir": "Bilgaon Medium Project [20760]", "serial": "169.", "this_year_level_m": "700.90*", "this_year_live_capacity_mcm": "57.47", "this_year_live_storage_percent": "98", "time": "08:00:00"}'::jsonb, now()) ON CONFLICT (source_registry, report_date, reservoir_code) DO UPDATE SET dam_id = EXCLUDED.dam_id, basin_office = EXCLUDED.basin_office, reservoir_name = EXCLUDED.reservoir_name, reading_time = EXCLUDED.reading_time, district = EXCLUDED.district, frl_m = EXCLUDED.frl_m, live_capacity_at_frl_mcm = EXCLUDED.live_capacity_at_frl_mcm, this_year_level_m = EXCLUDED.this_year_level_m, this_year_live_capacity_mcm = EXCLUDED.this_year_live_capacity_mcm, this_year_live_storage_percent = EXCLUDED.this_year_live_storage_percent, this_year_level_observed_date = EXCLUDED.this_year_level_observed_date, this_year_is_stale = EXCLUDED.this_year_is_stale, gate_count_open = EXCLUDED.gate_count_open, gate_discharge_cumec = EXCLUDED.gate_discharge_cumec, last_year_level_m = EXCLUDED.last_year_level_m, last_year_live_capacity_mcm = EXCLUDED.last_year_live_capacity_mcm, last_year_live_storage_percent = EXCLUDED.last_year_live_storage_percent, source_url = EXCLUDED.source_url, raw = EXCLUDED.raw, fetched_at = now();
INSERT INTO dams (dam_id, dam_name, state, district, river_basin, owner_agency, status, risk_class, safety_score, source_registry, source_record_id, source_publication_year, source_url, updated_at) VALUES ('MPWRD-10522', 'Bori Tank', 'Madhya Pradesh', 'Seoni', 'Chief Engineer Wainganga Basin, Seoni', 'Madhya Pradesh Water Resources Department', 'operational'::dam_status, 'low'::risk_class, 100.00, 'MPWRD', '10522', 2026, 'https://eims1.mpwrd.gov.in/fcmreport/control/main', now()) ON CONFLICT (dam_id) DO UPDATE SET dam_name = EXCLUDED.dam_name, state = EXCLUDED.state, district = EXCLUDED.district, river_basin = EXCLUDED.river_basin, owner_agency = EXCLUDED.owner_agency, status = EXCLUDED.status, risk_class = EXCLUDED.risk_class, safety_score = EXCLUDED.safety_score, source_registry = EXCLUDED.source_registry, source_record_id = EXCLUDED.source_record_id, source_publication_year = EXCLUDED.source_publication_year, source_url = EXCLUDED.source_url, updated_at = now();
INSERT INTO dam_reservoir (dam_id, reservoir_name, live_storage_mcm, current_storage_mcm, frl_m, updated_at) VALUES ('MPWRD-10522', 'Bori Tank', 9.98, 9.98, 114.90, now()) ON CONFLICT (dam_id) DO UPDATE SET reservoir_name = EXCLUDED.reservoir_name, live_storage_mcm = EXCLUDED.live_storage_mcm, current_storage_mcm = EXCLUDED.current_storage_mcm, frl_m = EXCLUDED.frl_m, updated_at = now();
INSERT INTO dam_engineering (dam_id, instrumentation, updated_at) VALUES ('MPWRD-10522', '{"basin_office": "Chief Engineer Wainganga Basin, Seoni", "gate_count_open": null, "gate_discharge_cumec": null, "last_year_level_m": null, "last_year_live_capacity_mcm": null, "last_year_live_storage_percent": null, "mpwrd_reservoir_code": "10522", "reading_time": "08:00:00", "this_year_is_stale": true, "this_year_level_observed_date": "2025-09-24"}'::jsonb, now()) ON CONFLICT (dam_id) DO UPDATE SET instrumentation = EXCLUDED.instrumentation, updated_at = now();
INSERT INTO mpwrd_reservoir_levels (source_registry, report_date, reservoir_code, dam_id, basin_office, reservoir_name, reading_time, district, frl_m, live_capacity_at_frl_mcm, this_year_level_m, this_year_live_capacity_mcm, this_year_live_storage_percent, this_year_level_observed_date, this_year_is_stale, gate_count_open, gate_discharge_cumec, last_year_level_m, last_year_live_capacity_mcm, last_year_live_storage_percent, source_url, raw, fetched_at) VALUES ('MPWRD', '2026-05-25', '10522', 'MPWRD-10522', 'Chief Engineer Wainganga Basin, Seoni', 'Bori Tank', '08:00:00', 'Seoni', 114.90, 9.98, 114.90, 9.98, 100, '2025-09-24', TRUE, NULL, NULL, NULL, NULL, NULL, 'https://eims1.mpwrd.gov.in/fcmreport/control/main', '{"district": "Seoni", "frl_m": "114.90", "gate_count_open": "", "gate_discharge_cumec": "", "last_year_level_m": "", "last_year_live_capacity_mcm": "", "last_year_live_storage_percent": "", "live_capacity_at_frl_mcm": "9.98", "reservoir": "Bori Tank [10522]", "serial": "170.", "this_year_level_m": "114.90 *", "this_year_live_capacity_mcm": "9.98", "this_year_live_storage_percent": "100", "time": "08:00:00"}'::jsonb, now()) ON CONFLICT (source_registry, report_date, reservoir_code) DO UPDATE SET dam_id = EXCLUDED.dam_id, basin_office = EXCLUDED.basin_office, reservoir_name = EXCLUDED.reservoir_name, reading_time = EXCLUDED.reading_time, district = EXCLUDED.district, frl_m = EXCLUDED.frl_m, live_capacity_at_frl_mcm = EXCLUDED.live_capacity_at_frl_mcm, this_year_level_m = EXCLUDED.this_year_level_m, this_year_live_capacity_mcm = EXCLUDED.this_year_live_capacity_mcm, this_year_live_storage_percent = EXCLUDED.this_year_live_storage_percent, this_year_level_observed_date = EXCLUDED.this_year_level_observed_date, this_year_is_stale = EXCLUDED.this_year_is_stale, gate_count_open = EXCLUDED.gate_count_open, gate_discharge_cumec = EXCLUDED.gate_discharge_cumec, last_year_level_m = EXCLUDED.last_year_level_m, last_year_live_capacity_mcm = EXCLUDED.last_year_live_capacity_mcm, last_year_live_storage_percent = EXCLUDED.last_year_live_storage_percent, source_url = EXCLUDED.source_url, raw = EXCLUDED.raw, fetched_at = now();
INSERT INTO dams (dam_id, dam_name, state, district, river_basin, owner_agency, status, risk_class, safety_score, source_registry, source_record_id, source_publication_year, source_url, updated_at) VALUES ('MPWRD-10496', 'Chawarpani Dam', 'Madhya Pradesh', 'Balaghat', 'Chief Engineer Wainganga Basin, Seoni', 'Madhya Pradesh Water Resources Department', 'operational'::dam_status, 'low'::risk_class, 100.00, 'MPWRD', '10496', 2026, 'https://eims1.mpwrd.gov.in/fcmreport/control/main', now()) ON CONFLICT (dam_id) DO UPDATE SET dam_name = EXCLUDED.dam_name, state = EXCLUDED.state, district = EXCLUDED.district, river_basin = EXCLUDED.river_basin, owner_agency = EXCLUDED.owner_agency, status = EXCLUDED.status, risk_class = EXCLUDED.risk_class, safety_score = EXCLUDED.safety_score, source_registry = EXCLUDED.source_registry, source_record_id = EXCLUDED.source_record_id, source_publication_year = EXCLUDED.source_publication_year, source_url = EXCLUDED.source_url, updated_at = now();
INSERT INTO dam_reservoir (dam_id, reservoir_name, live_storage_mcm, current_storage_mcm, frl_m, updated_at) VALUES ('MPWRD-10496', 'Chawarpani Dam', 3.60, 3.60, 361.49, now()) ON CONFLICT (dam_id) DO UPDATE SET reservoir_name = EXCLUDED.reservoir_name, live_storage_mcm = EXCLUDED.live_storage_mcm, current_storage_mcm = EXCLUDED.current_storage_mcm, frl_m = EXCLUDED.frl_m, updated_at = now();
INSERT INTO dam_engineering (dam_id, instrumentation, updated_at) VALUES ('MPWRD-10496', '{"basin_office": "Chief Engineer Wainganga Basin, Seoni", "gate_count_open": null, "gate_discharge_cumec": null, "last_year_level_m": null, "last_year_live_capacity_mcm": null, "last_year_live_storage_percent": null, "mpwrd_reservoir_code": "10496", "reading_time": "08:00:00", "this_year_is_stale": true, "this_year_level_observed_date": "2025-09-04"}'::jsonb, now()) ON CONFLICT (dam_id) DO UPDATE SET instrumentation = EXCLUDED.instrumentation, updated_at = now();
INSERT INTO mpwrd_reservoir_levels (source_registry, report_date, reservoir_code, dam_id, basin_office, reservoir_name, reading_time, district, frl_m, live_capacity_at_frl_mcm, this_year_level_m, this_year_live_capacity_mcm, this_year_live_storage_percent, this_year_level_observed_date, this_year_is_stale, gate_count_open, gate_discharge_cumec, last_year_level_m, last_year_live_capacity_mcm, last_year_live_storage_percent, source_url, raw, fetched_at) VALUES ('MPWRD', '2026-05-25', '10496', 'MPWRD-10496', 'Chief Engineer Wainganga Basin, Seoni', 'Chawarpani Dam', '08:00:00', 'Balaghat', 361.49, 3.60, 361.49, 3.60, 100, '2025-09-04', TRUE, NULL, NULL, NULL, NULL, NULL, 'https://eims1.mpwrd.gov.in/fcmreport/control/main', '{"district": "Balaghat", "frl_m": "361.49", "gate_count_open": "", "gate_discharge_cumec": "", "last_year_level_m": "", "last_year_live_capacity_mcm": "", "last_year_live_storage_percent": "", "live_capacity_at_frl_mcm": "3.60", "reservoir": "Chawarpani Dam [10496]", "serial": "171.", "this_year_level_m": "361.49 *", "this_year_live_capacity_mcm": "3.60", "this_year_live_storage_percent": "100", "time": "08:00:00"}'::jsonb, now()) ON CONFLICT (source_registry, report_date, reservoir_code) DO UPDATE SET dam_id = EXCLUDED.dam_id, basin_office = EXCLUDED.basin_office, reservoir_name = EXCLUDED.reservoir_name, reading_time = EXCLUDED.reading_time, district = EXCLUDED.district, frl_m = EXCLUDED.frl_m, live_capacity_at_frl_mcm = EXCLUDED.live_capacity_at_frl_mcm, this_year_level_m = EXCLUDED.this_year_level_m, this_year_live_capacity_mcm = EXCLUDED.this_year_live_capacity_mcm, this_year_live_storage_percent = EXCLUDED.this_year_live_storage_percent, this_year_level_observed_date = EXCLUDED.this_year_level_observed_date, this_year_is_stale = EXCLUDED.this_year_is_stale, gate_count_open = EXCLUDED.gate_count_open, gate_discharge_cumec = EXCLUDED.gate_discharge_cumec, last_year_level_m = EXCLUDED.last_year_level_m, last_year_live_capacity_mcm = EXCLUDED.last_year_live_capacity_mcm, last_year_live_storage_percent = EXCLUDED.last_year_live_storage_percent, source_url = EXCLUDED.source_url, raw = EXCLUDED.raw, fetched_at = now();
INSERT INTO dams (dam_id, dam_name, state, district, river_basin, owner_agency, status, risk_class, safety_score, source_registry, source_record_id, source_publication_year, source_url, updated_at) VALUES ('MPWRD-42516', 'Chhitakhudri Medium Project', 'Madhya Pradesh', 'Jabalpur', 'Chief Engineer Wainganga Basin, Seoni', 'Madhya Pradesh Water Resources Department', 'operational'::dam_status, 'low'::risk_class, 100.00, 'MPWRD', '42516', 2026, 'https://eims1.mpwrd.gov.in/fcmreport/control/main', now()) ON CONFLICT (dam_id) DO UPDATE SET dam_name = EXCLUDED.dam_name, state = EXCLUDED.state, district = EXCLUDED.district, river_basin = EXCLUDED.river_basin, owner_agency = EXCLUDED.owner_agency, status = EXCLUDED.status, risk_class = EXCLUDED.risk_class, safety_score = EXCLUDED.safety_score, source_registry = EXCLUDED.source_registry, source_record_id = EXCLUDED.source_record_id, source_publication_year = EXCLUDED.source_publication_year, source_url = EXCLUDED.source_url, updated_at = now();
INSERT INTO dam_reservoir (dam_id, reservoir_name, live_storage_mcm, current_storage_mcm, frl_m, updated_at) VALUES ('MPWRD-42516', 'Chhitakhudri Medium Project', 74.93, 75.59, 592.00, now()) ON CONFLICT (dam_id) DO UPDATE SET reservoir_name = EXCLUDED.reservoir_name, live_storage_mcm = EXCLUDED.live_storage_mcm, current_storage_mcm = EXCLUDED.current_storage_mcm, frl_m = EXCLUDED.frl_m, updated_at = now();
INSERT INTO dam_engineering (dam_id, instrumentation, updated_at) VALUES ('MPWRD-42516', '{"basin_office": "Chief Engineer Wainganga Basin, Seoni", "gate_count_open": null, "gate_discharge_cumec": null, "last_year_level_m": null, "last_year_live_capacity_mcm": null, "last_year_live_storage_percent": null, "mpwrd_reservoir_code": "42516", "reading_time": "08:00:00", "this_year_is_stale": true, "this_year_level_observed_date": "2025-08-24"}'::jsonb, now()) ON CONFLICT (dam_id) DO UPDATE SET instrumentation = EXCLUDED.instrumentation, updated_at = now();
INSERT INTO mpwrd_reservoir_levels (source_registry, report_date, reservoir_code, dam_id, basin_office, reservoir_name, reading_time, district, frl_m, live_capacity_at_frl_mcm, this_year_level_m, this_year_live_capacity_mcm, this_year_live_storage_percent, this_year_level_observed_date, this_year_is_stale, gate_count_open, gate_discharge_cumec, last_year_level_m, last_year_live_capacity_mcm, last_year_live_storage_percent, source_url, raw, fetched_at) VALUES ('MPWRD', '2026-05-25', '42516', 'MPWRD-42516', 'Chief Engineer Wainganga Basin, Seoni', 'Chhitakhudri Medium Project', '08:00:00', 'Jabalpur', 592.00, 74.93, 592.10, 75.59, 100, '2025-08-24', TRUE, NULL, NULL, NULL, NULL, NULL, 'https://eims1.mpwrd.gov.in/fcmreport/control/main', '{"district": "Jabalpur", "frl_m": "592.00", "gate_count_open": "", "gate_discharge_cumec": "", "last_year_level_m": "", "last_year_live_capacity_mcm": "", "last_year_live_storage_percent": "", "live_capacity_at_frl_mcm": "74.93", "reservoir": "Chhitakhudri Medium Project [42516]", "serial": "172.", "this_year_level_m": "592.10 *", "this_year_live_capacity_mcm": "75.59", "this_year_live_storage_percent": "100", "time": "08:00:00"}'::jsonb, now()) ON CONFLICT (source_registry, report_date, reservoir_code) DO UPDATE SET dam_id = EXCLUDED.dam_id, basin_office = EXCLUDED.basin_office, reservoir_name = EXCLUDED.reservoir_name, reading_time = EXCLUDED.reading_time, district = EXCLUDED.district, frl_m = EXCLUDED.frl_m, live_capacity_at_frl_mcm = EXCLUDED.live_capacity_at_frl_mcm, this_year_level_m = EXCLUDED.this_year_level_m, this_year_live_capacity_mcm = EXCLUDED.this_year_live_capacity_mcm, this_year_live_storage_percent = EXCLUDED.this_year_live_storage_percent, this_year_level_observed_date = EXCLUDED.this_year_level_observed_date, this_year_is_stale = EXCLUDED.this_year_is_stale, gate_count_open = EXCLUDED.gate_count_open, gate_discharge_cumec = EXCLUDED.gate_discharge_cumec, last_year_level_m = EXCLUDED.last_year_level_m, last_year_live_capacity_mcm = EXCLUDED.last_year_live_capacity_mcm, last_year_live_storage_percent = EXCLUDED.last_year_live_storage_percent, source_url = EXCLUDED.source_url, raw = EXCLUDED.raw, fetched_at = now();
INSERT INTO dams (dam_id, dam_name, state, district, river_basin, owner_agency, status, risk_class, safety_score, source_registry, source_record_id, source_publication_year, source_url, updated_at) VALUES ('MPWRD-10521', 'Chichbund Tank', 'Madhya Pradesh', 'Seoni', 'Chief Engineer Wainganga Basin, Seoni', 'Madhya Pradesh Water Resources Department', 'operational'::dam_status, 'low'::risk_class, 100.00, 'MPWRD', '10521', 2026, 'https://eims1.mpwrd.gov.in/fcmreport/control/main', now()) ON CONFLICT (dam_id) DO UPDATE SET dam_name = EXCLUDED.dam_name, state = EXCLUDED.state, district = EXCLUDED.district, river_basin = EXCLUDED.river_basin, owner_agency = EXCLUDED.owner_agency, status = EXCLUDED.status, risk_class = EXCLUDED.risk_class, safety_score = EXCLUDED.safety_score, source_registry = EXCLUDED.source_registry, source_record_id = EXCLUDED.source_record_id, source_publication_year = EXCLUDED.source_publication_year, source_url = EXCLUDED.source_url, updated_at = now();
INSERT INTO dam_reservoir (dam_id, reservoir_name, live_storage_mcm, current_storage_mcm, frl_m, updated_at) VALUES ('MPWRD-10521', 'Chichbund Tank', 6.93, 6.93, 552.60, now()) ON CONFLICT (dam_id) DO UPDATE SET reservoir_name = EXCLUDED.reservoir_name, live_storage_mcm = EXCLUDED.live_storage_mcm, current_storage_mcm = EXCLUDED.current_storage_mcm, frl_m = EXCLUDED.frl_m, updated_at = now();
INSERT INTO dam_engineering (dam_id, instrumentation, updated_at) VALUES ('MPWRD-10521', '{"basin_office": "Chief Engineer Wainganga Basin, Seoni", "gate_count_open": null, "gate_discharge_cumec": null, "last_year_level_m": null, "last_year_live_capacity_mcm": null, "last_year_live_storage_percent": null, "mpwrd_reservoir_code": "10521", "reading_time": "08:00:00", "this_year_is_stale": true, "this_year_level_observed_date": "2025-09-24"}'::jsonb, now()) ON CONFLICT (dam_id) DO UPDATE SET instrumentation = EXCLUDED.instrumentation, updated_at = now();
INSERT INTO mpwrd_reservoir_levels (source_registry, report_date, reservoir_code, dam_id, basin_office, reservoir_name, reading_time, district, frl_m, live_capacity_at_frl_mcm, this_year_level_m, this_year_live_capacity_mcm, this_year_live_storage_percent, this_year_level_observed_date, this_year_is_stale, gate_count_open, gate_discharge_cumec, last_year_level_m, last_year_live_capacity_mcm, last_year_live_storage_percent, source_url, raw, fetched_at) VALUES ('MPWRD', '2026-05-25', '10521', 'MPWRD-10521', 'Chief Engineer Wainganga Basin, Seoni', 'Chichbund Tank', '08:00:00', 'Seoni', 552.60, 6.93, 552.60, 6.93, 100, '2025-09-24', TRUE, NULL, NULL, NULL, NULL, NULL, 'https://eims1.mpwrd.gov.in/fcmreport/control/main', '{"district": "Seoni", "frl_m": "552.60", "gate_count_open": "", "gate_discharge_cumec": "", "last_year_level_m": "", "last_year_live_capacity_mcm": "", "last_year_live_storage_percent": "", "live_capacity_at_frl_mcm": "6.93", "reservoir": "Chichbund Tank [10521]", "serial": "173.", "this_year_level_m": "552.60 *", "this_year_live_capacity_mcm": "6.93", "this_year_live_storage_percent": "100", "time": "08:00:00"}'::jsonb, now()) ON CONFLICT (source_registry, report_date, reservoir_code) DO UPDATE SET dam_id = EXCLUDED.dam_id, basin_office = EXCLUDED.basin_office, reservoir_name = EXCLUDED.reservoir_name, reading_time = EXCLUDED.reading_time, district = EXCLUDED.district, frl_m = EXCLUDED.frl_m, live_capacity_at_frl_mcm = EXCLUDED.live_capacity_at_frl_mcm, this_year_level_m = EXCLUDED.this_year_level_m, this_year_live_capacity_mcm = EXCLUDED.this_year_live_capacity_mcm, this_year_live_storage_percent = EXCLUDED.this_year_live_storage_percent, this_year_level_observed_date = EXCLUDED.this_year_level_observed_date, this_year_is_stale = EXCLUDED.this_year_is_stale, gate_count_open = EXCLUDED.gate_count_open, gate_discharge_cumec = EXCLUDED.gate_discharge_cumec, last_year_level_m = EXCLUDED.last_year_level_m, last_year_live_capacity_mcm = EXCLUDED.last_year_live_capacity_mcm, last_year_live_storage_percent = EXCLUDED.last_year_live_storage_percent, source_url = EXCLUDED.source_url, raw = EXCLUDED.raw, fetched_at = now();
INSERT INTO dams (dam_id, dam_name, state, district, river_basin, owner_agency, status, risk_class, safety_score, source_registry, source_record_id, source_publication_year, source_url, updated_at) VALUES ('MPWRD-28503', 'Dandana Tank', 'Madhya Pradesh', 'Dindori', 'Chief Engineer Wainganga Basin, Seoni', 'Madhya Pradesh Water Resources Department', 'operational'::dam_status, 'low'::risk_class, 100.00, 'MPWRD', '28503', 2026, 'https://eims1.mpwrd.gov.in/fcmreport/control/main', now()) ON CONFLICT (dam_id) DO UPDATE SET dam_name = EXCLUDED.dam_name, state = EXCLUDED.state, district = EXCLUDED.district, river_basin = EXCLUDED.river_basin, owner_agency = EXCLUDED.owner_agency, status = EXCLUDED.status, risk_class = EXCLUDED.risk_class, safety_score = EXCLUDED.safety_score, source_registry = EXCLUDED.source_registry, source_record_id = EXCLUDED.source_record_id, source_publication_year = EXCLUDED.source_publication_year, source_url = EXCLUDED.source_url, updated_at = now();
INSERT INTO dam_reservoir (dam_id, reservoir_name, live_storage_mcm, current_storage_mcm, frl_m, updated_at) VALUES ('MPWRD-28503', 'Dandana Tank', 11.53, 11.53, 674.39, now()) ON CONFLICT (dam_id) DO UPDATE SET reservoir_name = EXCLUDED.reservoir_name, live_storage_mcm = EXCLUDED.live_storage_mcm, current_storage_mcm = EXCLUDED.current_storage_mcm, frl_m = EXCLUDED.frl_m, updated_at = now();
INSERT INTO dam_engineering (dam_id, instrumentation, updated_at) VALUES ('MPWRD-28503', '{"basin_office": "Chief Engineer Wainganga Basin, Seoni", "gate_count_open": null, "gate_discharge_cumec": null, "last_year_level_m": null, "last_year_live_capacity_mcm": null, "last_year_live_storage_percent": null, "mpwrd_reservoir_code": "28503", "reading_time": "08:00:00", "this_year_is_stale": true, "this_year_level_observed_date": "2025-08-13"}'::jsonb, now()) ON CONFLICT (dam_id) DO UPDATE SET instrumentation = EXCLUDED.instrumentation, updated_at = now();
INSERT INTO mpwrd_reservoir_levels (source_registry, report_date, reservoir_code, dam_id, basin_office, reservoir_name, reading_time, district, frl_m, live_capacity_at_frl_mcm, this_year_level_m, this_year_live_capacity_mcm, this_year_live_storage_percent, this_year_level_observed_date, this_year_is_stale, gate_count_open, gate_discharge_cumec, last_year_level_m, last_year_live_capacity_mcm, last_year_live_storage_percent, source_url, raw, fetched_at) VALUES ('MPWRD', '2026-05-25', '28503', 'MPWRD-28503', 'Chief Engineer Wainganga Basin, Seoni', 'Dandana Tank', '08:00:00', 'Dindori', 674.39, 11.53, 674.39, 11.53, 100, '2025-08-13', TRUE, NULL, NULL, NULL, NULL, NULL, 'https://eims1.mpwrd.gov.in/fcmreport/control/main', '{"district": "Dindori", "frl_m": "674.39", "gate_count_open": "", "gate_discharge_cumec": "", "last_year_level_m": "", "last_year_live_capacity_mcm": "", "last_year_live_storage_percent": "", "live_capacity_at_frl_mcm": "11.53", "reservoir": "Dandana Tank [28503]", "serial": "174.", "this_year_level_m": "674.39 *", "this_year_live_capacity_mcm": "11.53", "this_year_live_storage_percent": "100", "time": "08:00:00"}'::jsonb, now()) ON CONFLICT (source_registry, report_date, reservoir_code) DO UPDATE SET dam_id = EXCLUDED.dam_id, basin_office = EXCLUDED.basin_office, reservoir_name = EXCLUDED.reservoir_name, reading_time = EXCLUDED.reading_time, district = EXCLUDED.district, frl_m = EXCLUDED.frl_m, live_capacity_at_frl_mcm = EXCLUDED.live_capacity_at_frl_mcm, this_year_level_m = EXCLUDED.this_year_level_m, this_year_live_capacity_mcm = EXCLUDED.this_year_live_capacity_mcm, this_year_live_storage_percent = EXCLUDED.this_year_live_storage_percent, this_year_level_observed_date = EXCLUDED.this_year_level_observed_date, this_year_is_stale = EXCLUDED.this_year_is_stale, gate_count_open = EXCLUDED.gate_count_open, gate_discharge_cumec = EXCLUDED.gate_discharge_cumec, last_year_level_m = EXCLUDED.last_year_level_m, last_year_live_capacity_mcm = EXCLUDED.last_year_live_capacity_mcm, last_year_live_storage_percent = EXCLUDED.last_year_live_storage_percent, source_url = EXCLUDED.source_url, raw = EXCLUDED.raw, fetched_at = now();
INSERT INTO dams (dam_id, dam_name, state, district, river_basin, owner_agency, status, risk_class, safety_score, source_registry, source_record_id, source_publication_year, source_url, updated_at) VALUES ('MPWRD-40598', 'Dargarh Tank', 'Madhya Pradesh', 'Jabalpur', 'Chief Engineer Wainganga Basin, Seoni', 'Madhya Pradesh Water Resources Department', 'operational'::dam_status, 'low'::risk_class, 100.00, 'MPWRD', '40598', 2026, 'https://eims1.mpwrd.gov.in/fcmreport/control/main', now()) ON CONFLICT (dam_id) DO UPDATE SET dam_name = EXCLUDED.dam_name, state = EXCLUDED.state, district = EXCLUDED.district, river_basin = EXCLUDED.river_basin, owner_agency = EXCLUDED.owner_agency, status = EXCLUDED.status, risk_class = EXCLUDED.risk_class, safety_score = EXCLUDED.safety_score, source_registry = EXCLUDED.source_registry, source_record_id = EXCLUDED.source_record_id, source_publication_year = EXCLUDED.source_publication_year, source_url = EXCLUDED.source_url, updated_at = now();
INSERT INTO dam_reservoir (dam_id, reservoir_name, live_storage_mcm, current_storage_mcm, frl_m, updated_at) VALUES ('MPWRD-40598', 'Dargarh Tank', 13.90, 14.04, 541.30, now()) ON CONFLICT (dam_id) DO UPDATE SET reservoir_name = EXCLUDED.reservoir_name, live_storage_mcm = EXCLUDED.live_storage_mcm, current_storage_mcm = EXCLUDED.current_storage_mcm, frl_m = EXCLUDED.frl_m, updated_at = now();
INSERT INTO dam_engineering (dam_id, instrumentation, updated_at) VALUES ('MPWRD-40598', '{"basin_office": "Chief Engineer Wainganga Basin, Seoni", "gate_count_open": null, "gate_discharge_cumec": null, "last_year_level_m": null, "last_year_live_capacity_mcm": null, "last_year_live_storage_percent": null, "mpwrd_reservoir_code": "40598", "reading_time": "08:00:00", "this_year_is_stale": true, "this_year_level_observed_date": "2025-08-24"}'::jsonb, now()) ON CONFLICT (dam_id) DO UPDATE SET instrumentation = EXCLUDED.instrumentation, updated_at = now();
INSERT INTO mpwrd_reservoir_levels (source_registry, report_date, reservoir_code, dam_id, basin_office, reservoir_name, reading_time, district, frl_m, live_capacity_at_frl_mcm, this_year_level_m, this_year_live_capacity_mcm, this_year_live_storage_percent, this_year_level_observed_date, this_year_is_stale, gate_count_open, gate_discharge_cumec, last_year_level_m, last_year_live_capacity_mcm, last_year_live_storage_percent, source_url, raw, fetched_at) VALUES ('MPWRD', '2026-05-25', '40598', 'MPWRD-40598', 'Chief Engineer Wainganga Basin, Seoni', 'Dargarh Tank', '08:00:00', 'Jabalpur', 541.30, 13.90, 541.40, 14.04, 100, '2025-08-24', TRUE, NULL, NULL, NULL, NULL, NULL, 'https://eims1.mpwrd.gov.in/fcmreport/control/main', '{"district": "Jabalpur", "frl_m": "541.30", "gate_count_open": "", "gate_discharge_cumec": "", "last_year_level_m": "", "last_year_live_capacity_mcm": "", "last_year_live_storage_percent": "", "live_capacity_at_frl_mcm": "13.90", "reservoir": "Dargarh Tank [40598]", "serial": "175.", "this_year_level_m": "541.40 *", "this_year_live_capacity_mcm": "14.04", "this_year_live_storage_percent": "100", "time": "08:00:00"}'::jsonb, now()) ON CONFLICT (source_registry, report_date, reservoir_code) DO UPDATE SET dam_id = EXCLUDED.dam_id, basin_office = EXCLUDED.basin_office, reservoir_name = EXCLUDED.reservoir_name, reading_time = EXCLUDED.reading_time, district = EXCLUDED.district, frl_m = EXCLUDED.frl_m, live_capacity_at_frl_mcm = EXCLUDED.live_capacity_at_frl_mcm, this_year_level_m = EXCLUDED.this_year_level_m, this_year_live_capacity_mcm = EXCLUDED.this_year_live_capacity_mcm, this_year_live_storage_percent = EXCLUDED.this_year_live_storage_percent, this_year_level_observed_date = EXCLUDED.this_year_level_observed_date, this_year_is_stale = EXCLUDED.this_year_is_stale, gate_count_open = EXCLUDED.gate_count_open, gate_discharge_cumec = EXCLUDED.gate_discharge_cumec, last_year_level_m = EXCLUDED.last_year_level_m, last_year_live_capacity_mcm = EXCLUDED.last_year_live_capacity_mcm, last_year_live_storage_percent = EXCLUDED.last_year_live_storage_percent, source_url = EXCLUDED.source_url, raw = EXCLUDED.raw, fetched_at = now();
INSERT INTO dams (dam_id, dam_name, state, district, river_basin, owner_agency, status, risk_class, safety_score, source_registry, source_record_id, source_publication_year, source_url, updated_at) VALUES ('MPWRD-10312', 'Datla Tank', 'Madhya Pradesh', 'Katni', 'Chief Engineer Wainganga Basin, Seoni', 'Madhya Pradesh Water Resources Department', 'operational'::dam_status, 'low'::risk_class, 81.00, 'MPWRD', '10312', 2026, 'https://eims1.mpwrd.gov.in/fcmreport/control/main', now()) ON CONFLICT (dam_id) DO UPDATE SET dam_name = EXCLUDED.dam_name, state = EXCLUDED.state, district = EXCLUDED.district, river_basin = EXCLUDED.river_basin, owner_agency = EXCLUDED.owner_agency, status = EXCLUDED.status, risk_class = EXCLUDED.risk_class, safety_score = EXCLUDED.safety_score, source_registry = EXCLUDED.source_registry, source_record_id = EXCLUDED.source_record_id, source_publication_year = EXCLUDED.source_publication_year, source_url = EXCLUDED.source_url, updated_at = now();
INSERT INTO dam_reservoir (dam_id, reservoir_name, live_storage_mcm, current_storage_mcm, frl_m, updated_at) VALUES ('MPWRD-10312', 'Datla Tank', 7.30, 5.92, 434.95, now()) ON CONFLICT (dam_id) DO UPDATE SET reservoir_name = EXCLUDED.reservoir_name, live_storage_mcm = EXCLUDED.live_storage_mcm, current_storage_mcm = EXCLUDED.current_storage_mcm, frl_m = EXCLUDED.frl_m, updated_at = now();
INSERT INTO dam_engineering (dam_id, instrumentation, updated_at) VALUES ('MPWRD-10312', '{"basin_office": "Chief Engineer Wainganga Basin, Seoni", "gate_count_open": null, "gate_discharge_cumec": null, "last_year_level_m": null, "last_year_live_capacity_mcm": null, "last_year_live_storage_percent": null, "mpwrd_reservoir_code": "10312", "reading_time": "08:00:00", "this_year_is_stale": true, "this_year_level_observed_date": "2025-09-24"}'::jsonb, now()) ON CONFLICT (dam_id) DO UPDATE SET instrumentation = EXCLUDED.instrumentation, updated_at = now();
INSERT INTO mpwrd_reservoir_levels (source_registry, report_date, reservoir_code, dam_id, basin_office, reservoir_name, reading_time, district, frl_m, live_capacity_at_frl_mcm, this_year_level_m, this_year_live_capacity_mcm, this_year_live_storage_percent, this_year_level_observed_date, this_year_is_stale, gate_count_open, gate_discharge_cumec, last_year_level_m, last_year_live_capacity_mcm, last_year_live_storage_percent, source_url, raw, fetched_at) VALUES ('MPWRD', '2026-05-25', '10312', 'MPWRD-10312', 'Chief Engineer Wainganga Basin, Seoni', 'Datla Tank', '08:00:00', 'Katni', 434.95, 7.30, 434.00, 5.92, 81, '2025-09-24', TRUE, NULL, NULL, NULL, NULL, NULL, 'https://eims1.mpwrd.gov.in/fcmreport/control/main', '{"district": "Katni", "frl_m": "434.95", "gate_count_open": "", "gate_discharge_cumec": "", "last_year_level_m": "", "last_year_live_capacity_mcm": "", "last_year_live_storage_percent": "", "live_capacity_at_frl_mcm": "7.30", "reservoir": "Datla Tank [10312]", "serial": "176.", "this_year_level_m": "434.00*", "this_year_live_capacity_mcm": "5.92", "this_year_live_storage_percent": "81", "time": "08:00:00"}'::jsonb, now()) ON CONFLICT (source_registry, report_date, reservoir_code) DO UPDATE SET dam_id = EXCLUDED.dam_id, basin_office = EXCLUDED.basin_office, reservoir_name = EXCLUDED.reservoir_name, reading_time = EXCLUDED.reading_time, district = EXCLUDED.district, frl_m = EXCLUDED.frl_m, live_capacity_at_frl_mcm = EXCLUDED.live_capacity_at_frl_mcm, this_year_level_m = EXCLUDED.this_year_level_m, this_year_live_capacity_mcm = EXCLUDED.this_year_live_capacity_mcm, this_year_live_storage_percent = EXCLUDED.this_year_live_storage_percent, this_year_level_observed_date = EXCLUDED.this_year_level_observed_date, this_year_is_stale = EXCLUDED.this_year_is_stale, gate_count_open = EXCLUDED.gate_count_open, gate_discharge_cumec = EXCLUDED.gate_discharge_cumec, last_year_level_m = EXCLUDED.last_year_level_m, last_year_live_capacity_mcm = EXCLUDED.last_year_live_capacity_mcm, last_year_live_storage_percent = EXCLUDED.last_year_live_storage_percent, source_url = EXCLUDED.source_url, raw = EXCLUDED.raw, fetched_at = now();
INSERT INTO dams (dam_id, dam_name, state, district, river_basin, owner_agency, status, risk_class, safety_score, source_registry, source_record_id, source_publication_year, source_url, updated_at) VALUES ('MPWRD-10580', 'Dhuandhar Tank', 'Madhya Pradesh', 'Mandla', 'Chief Engineer Wainganga Basin, Seoni', 'Madhya Pradesh Water Resources Department', 'operational'::dam_status, 'low'::risk_class, 100.00, 'MPWRD', '10580', 2026, 'https://eims1.mpwrd.gov.in/fcmreport/control/main', now()) ON CONFLICT (dam_id) DO UPDATE SET dam_name = EXCLUDED.dam_name, state = EXCLUDED.state, district = EXCLUDED.district, river_basin = EXCLUDED.river_basin, owner_agency = EXCLUDED.owner_agency, status = EXCLUDED.status, risk_class = EXCLUDED.risk_class, safety_score = EXCLUDED.safety_score, source_registry = EXCLUDED.source_registry, source_record_id = EXCLUDED.source_record_id, source_publication_year = EXCLUDED.source_publication_year, source_url = EXCLUDED.source_url, updated_at = now();
INSERT INTO dam_reservoir (dam_id, reservoir_name, live_storage_mcm, current_storage_mcm, frl_m, updated_at) VALUES ('MPWRD-10580', 'Dhuandhar Tank', 5.10, 5.10, 482.19, now()) ON CONFLICT (dam_id) DO UPDATE SET reservoir_name = EXCLUDED.reservoir_name, live_storage_mcm = EXCLUDED.live_storage_mcm, current_storage_mcm = EXCLUDED.current_storage_mcm, frl_m = EXCLUDED.frl_m, updated_at = now();
INSERT INTO dam_engineering (dam_id, instrumentation, updated_at) VALUES ('MPWRD-10580', '{"basin_office": "Chief Engineer Wainganga Basin, Seoni", "gate_count_open": null, "gate_discharge_cumec": null, "last_year_level_m": null, "last_year_live_capacity_mcm": null, "last_year_live_storage_percent": null, "mpwrd_reservoir_code": "10580", "reading_time": "08:00:00", "this_year_is_stale": true, "this_year_level_observed_date": "2025-09-24"}'::jsonb, now()) ON CONFLICT (dam_id) DO UPDATE SET instrumentation = EXCLUDED.instrumentation, updated_at = now();
INSERT INTO mpwrd_reservoir_levels (source_registry, report_date, reservoir_code, dam_id, basin_office, reservoir_name, reading_time, district, frl_m, live_capacity_at_frl_mcm, this_year_level_m, this_year_live_capacity_mcm, this_year_live_storage_percent, this_year_level_observed_date, this_year_is_stale, gate_count_open, gate_discharge_cumec, last_year_level_m, last_year_live_capacity_mcm, last_year_live_storage_percent, source_url, raw, fetched_at) VALUES ('MPWRD', '2026-05-25', '10580', 'MPWRD-10580', 'Chief Engineer Wainganga Basin, Seoni', 'Dhuandhar Tank', '08:00:00', 'Mandla', 482.19, 5.10, 482.34, 5.10, 100, '2025-09-24', TRUE, NULL, NULL, NULL, NULL, NULL, 'https://eims1.mpwrd.gov.in/fcmreport/control/main', '{"district": "Mandla", "frl_m": "482.19", "gate_count_open": "", "gate_discharge_cumec": "", "last_year_level_m": "", "last_year_live_capacity_mcm": "", "last_year_live_storage_percent": "", "live_capacity_at_frl_mcm": "5.10", "reservoir": "Dhuandhar Tank [10580]", "serial": "177.", "this_year_level_m": "482.34 *", "this_year_live_capacity_mcm": "5.10", "this_year_live_storage_percent": "100", "time": "08:00:00"}'::jsonb, now()) ON CONFLICT (source_registry, report_date, reservoir_code) DO UPDATE SET dam_id = EXCLUDED.dam_id, basin_office = EXCLUDED.basin_office, reservoir_name = EXCLUDED.reservoir_name, reading_time = EXCLUDED.reading_time, district = EXCLUDED.district, frl_m = EXCLUDED.frl_m, live_capacity_at_frl_mcm = EXCLUDED.live_capacity_at_frl_mcm, this_year_level_m = EXCLUDED.this_year_level_m, this_year_live_capacity_mcm = EXCLUDED.this_year_live_capacity_mcm, this_year_live_storage_percent = EXCLUDED.this_year_live_storage_percent, this_year_level_observed_date = EXCLUDED.this_year_level_observed_date, this_year_is_stale = EXCLUDED.this_year_is_stale, gate_count_open = EXCLUDED.gate_count_open, gate_discharge_cumec = EXCLUDED.gate_discharge_cumec, last_year_level_m = EXCLUDED.last_year_level_m, last_year_live_capacity_mcm = EXCLUDED.last_year_live_capacity_mcm, last_year_live_storage_percent = EXCLUDED.last_year_live_storage_percent, source_url = EXCLUDED.source_url, raw = EXCLUDED.raw, fetched_at = now();
INSERT INTO dams (dam_id, dam_name, state, district, river_basin, owner_agency, status, risk_class, safety_score, source_registry, source_record_id, source_publication_year, source_url, updated_at) VALUES ('MPWRD-27866', 'Dokdoh Tank', 'Madhya Pradesh', 'Chindwara', 'Chief Engineer Wainganga Basin, Seoni', 'Madhya Pradesh Water Resources Department', 'operational'::dam_status, 'low'::risk_class, 100.00, 'MPWRD', '27866', 2026, 'https://eims1.mpwrd.gov.in/fcmreport/control/main', now()) ON CONFLICT (dam_id) DO UPDATE SET dam_name = EXCLUDED.dam_name, state = EXCLUDED.state, district = EXCLUDED.district, river_basin = EXCLUDED.river_basin, owner_agency = EXCLUDED.owner_agency, status = EXCLUDED.status, risk_class = EXCLUDED.risk_class, safety_score = EXCLUDED.safety_score, source_registry = EXCLUDED.source_registry, source_record_id = EXCLUDED.source_record_id, source_publication_year = EXCLUDED.source_publication_year, source_url = EXCLUDED.source_url, updated_at = now();
INSERT INTO dam_reservoir (dam_id, reservoir_name, live_storage_mcm, current_storage_mcm, frl_m, updated_at) VALUES ('MPWRD-27866', 'Dokdoh Tank', 5.95, 5.95, 421.00, now()) ON CONFLICT (dam_id) DO UPDATE SET reservoir_name = EXCLUDED.reservoir_name, live_storage_mcm = EXCLUDED.live_storage_mcm, current_storage_mcm = EXCLUDED.current_storage_mcm, frl_m = EXCLUDED.frl_m, updated_at = now();
INSERT INTO dam_engineering (dam_id, instrumentation, updated_at) VALUES ('MPWRD-27866', '{"basin_office": "Chief Engineer Wainganga Basin, Seoni", "gate_count_open": null, "gate_discharge_cumec": null, "last_year_level_m": null, "last_year_live_capacity_mcm": null, "last_year_live_storage_percent": null, "mpwrd_reservoir_code": "27866", "reading_time": "08:00:00", "this_year_is_stale": true, "this_year_level_observed_date": "2025-09-24"}'::jsonb, now()) ON CONFLICT (dam_id) DO UPDATE SET instrumentation = EXCLUDED.instrumentation, updated_at = now();
INSERT INTO mpwrd_reservoir_levels (source_registry, report_date, reservoir_code, dam_id, basin_office, reservoir_name, reading_time, district, frl_m, live_capacity_at_frl_mcm, this_year_level_m, this_year_live_capacity_mcm, this_year_live_storage_percent, this_year_level_observed_date, this_year_is_stale, gate_count_open, gate_discharge_cumec, last_year_level_m, last_year_live_capacity_mcm, last_year_live_storage_percent, source_url, raw, fetched_at) VALUES ('MPWRD', '2026-05-25', '27866', 'MPWRD-27866', 'Chief Engineer Wainganga Basin, Seoni', 'Dokdoh Tank', '08:00:00', 'Chindwara', 421.00, 5.95, 421.00, 5.95, 100, '2025-09-24', TRUE, NULL, NULL, NULL, NULL, NULL, 'https://eims1.mpwrd.gov.in/fcmreport/control/main', '{"district": "Chindwara", "frl_m": "421.00", "gate_count_open": "", "gate_discharge_cumec": "", "last_year_level_m": "", "last_year_live_capacity_mcm": "", "last_year_live_storage_percent": "", "live_capacity_at_frl_mcm": "5.95", "reservoir": "Dokdoh Tank [27866]", "serial": "178.", "this_year_level_m": "421.00 *", "this_year_live_capacity_mcm": "5.95", "this_year_live_storage_percent": "100", "time": "08:00:00"}'::jsonb, now()) ON CONFLICT (source_registry, report_date, reservoir_code) DO UPDATE SET dam_id = EXCLUDED.dam_id, basin_office = EXCLUDED.basin_office, reservoir_name = EXCLUDED.reservoir_name, reading_time = EXCLUDED.reading_time, district = EXCLUDED.district, frl_m = EXCLUDED.frl_m, live_capacity_at_frl_mcm = EXCLUDED.live_capacity_at_frl_mcm, this_year_level_m = EXCLUDED.this_year_level_m, this_year_live_capacity_mcm = EXCLUDED.this_year_live_capacity_mcm, this_year_live_storage_percent = EXCLUDED.this_year_live_storage_percent, this_year_level_observed_date = EXCLUDED.this_year_level_observed_date, this_year_is_stale = EXCLUDED.this_year_is_stale, gate_count_open = EXCLUDED.gate_count_open, gate_discharge_cumec = EXCLUDED.gate_discharge_cumec, last_year_level_m = EXCLUDED.last_year_level_m, last_year_live_capacity_mcm = EXCLUDED.last_year_live_capacity_mcm, last_year_live_storage_percent = EXCLUDED.last_year_live_storage_percent, source_url = EXCLUDED.source_url, raw = EXCLUDED.raw, fetched_at = now();
INSERT INTO dams (dam_id, dam_name, state, district, river_basin, owner_agency, status, risk_class, safety_score, source_registry, source_record_id, source_publication_year, source_url, updated_at) VALUES ('MPWRD-30690', 'Gangulpara Dam', 'Madhya Pradesh', 'Balaghat', 'Chief Engineer Wainganga Basin, Seoni', 'Madhya Pradesh Water Resources Department', 'operational'::dam_status, 'low'::risk_class, 96.00, 'MPWRD', '30690', 2026, 'https://eims1.mpwrd.gov.in/fcmreport/control/main', now()) ON CONFLICT (dam_id) DO UPDATE SET dam_name = EXCLUDED.dam_name, state = EXCLUDED.state, district = EXCLUDED.district, river_basin = EXCLUDED.river_basin, owner_agency = EXCLUDED.owner_agency, status = EXCLUDED.status, risk_class = EXCLUDED.risk_class, safety_score = EXCLUDED.safety_score, source_registry = EXCLUDED.source_registry, source_record_id = EXCLUDED.source_record_id, source_publication_year = EXCLUDED.source_publication_year, source_url = EXCLUDED.source_url, updated_at = now();
INSERT INTO dam_reservoir (dam_id, reservoir_name, live_storage_mcm, current_storage_mcm, frl_m, updated_at) VALUES ('MPWRD-30690', 'Gangulpara Dam', 10.81, 10.39, 325.52, now()) ON CONFLICT (dam_id) DO UPDATE SET reservoir_name = EXCLUDED.reservoir_name, live_storage_mcm = EXCLUDED.live_storage_mcm, current_storage_mcm = EXCLUDED.current_storage_mcm, frl_m = EXCLUDED.frl_m, updated_at = now();
INSERT INTO dam_engineering (dam_id, instrumentation, updated_at) VALUES ('MPWRD-30690', '{"basin_office": "Chief Engineer Wainganga Basin, Seoni", "gate_count_open": null, "gate_discharge_cumec": null, "last_year_level_m": null, "last_year_live_capacity_mcm": null, "last_year_live_storage_percent": null, "mpwrd_reservoir_code": "30690", "reading_time": "08:00:00", "this_year_is_stale": true, "this_year_level_observed_date": "2025-09-24"}'::jsonb, now()) ON CONFLICT (dam_id) DO UPDATE SET instrumentation = EXCLUDED.instrumentation, updated_at = now();
INSERT INTO mpwrd_reservoir_levels (source_registry, report_date, reservoir_code, dam_id, basin_office, reservoir_name, reading_time, district, frl_m, live_capacity_at_frl_mcm, this_year_level_m, this_year_live_capacity_mcm, this_year_live_storage_percent, this_year_level_observed_date, this_year_is_stale, gate_count_open, gate_discharge_cumec, last_year_level_m, last_year_live_capacity_mcm, last_year_live_storage_percent, source_url, raw, fetched_at) VALUES ('MPWRD', '2026-05-25', '30690', 'MPWRD-30690', 'Chief Engineer Wainganga Basin, Seoni', 'Gangulpara Dam', '08:00:00', 'Balaghat', 325.52, 10.81, 325.09, 10.39, 96, '2025-09-24', TRUE, NULL, NULL, NULL, NULL, NULL, 'https://eims1.mpwrd.gov.in/fcmreport/control/main', '{"district": "Balaghat", "frl_m": "325.52", "gate_count_open": "", "gate_discharge_cumec": "", "last_year_level_m": "", "last_year_live_capacity_mcm": "", "last_year_live_storage_percent": "", "live_capacity_at_frl_mcm": "10.81", "reservoir": "Gangulpara Dam [30690]", "serial": "179.", "this_year_level_m": "325.09*", "this_year_live_capacity_mcm": "10.39", "this_year_live_storage_percent": "96", "time": "08:00:00"}'::jsonb, now()) ON CONFLICT (source_registry, report_date, reservoir_code) DO UPDATE SET dam_id = EXCLUDED.dam_id, basin_office = EXCLUDED.basin_office, reservoir_name = EXCLUDED.reservoir_name, reading_time = EXCLUDED.reading_time, district = EXCLUDED.district, frl_m = EXCLUDED.frl_m, live_capacity_at_frl_mcm = EXCLUDED.live_capacity_at_frl_mcm, this_year_level_m = EXCLUDED.this_year_level_m, this_year_live_capacity_mcm = EXCLUDED.this_year_live_capacity_mcm, this_year_live_storage_percent = EXCLUDED.this_year_live_storage_percent, this_year_level_observed_date = EXCLUDED.this_year_level_observed_date, this_year_is_stale = EXCLUDED.this_year_is_stale, gate_count_open = EXCLUDED.gate_count_open, gate_discharge_cumec = EXCLUDED.gate_discharge_cumec, last_year_level_m = EXCLUDED.last_year_level_m, last_year_live_capacity_mcm = EXCLUDED.last_year_live_capacity_mcm, last_year_live_storage_percent = EXCLUDED.last_year_live_storage_percent, source_url = EXCLUDED.source_url, raw = EXCLUDED.raw, fetched_at = now();
INSERT INTO dams (dam_id, dam_name, state, district, river_basin, owner_agency, status, risk_class, safety_score, source_registry, source_record_id, source_publication_year, source_url, updated_at) VALUES ('MPWRD-32133', 'Gorakhpur Tank', 'Madhya Pradesh', 'Dindori', 'Chief Engineer Wainganga Basin, Seoni', 'Madhya Pradesh Water Resources Department', 'operational'::dam_status, 'low'::risk_class, 100.00, 'MPWRD', '32133', 2026, 'https://eims1.mpwrd.gov.in/fcmreport/control/main', now()) ON CONFLICT (dam_id) DO UPDATE SET dam_name = EXCLUDED.dam_name, state = EXCLUDED.state, district = EXCLUDED.district, river_basin = EXCLUDED.river_basin, owner_agency = EXCLUDED.owner_agency, status = EXCLUDED.status, risk_class = EXCLUDED.risk_class, safety_score = EXCLUDED.safety_score, source_registry = EXCLUDED.source_registry, source_record_id = EXCLUDED.source_record_id, source_publication_year = EXCLUDED.source_publication_year, source_url = EXCLUDED.source_url, updated_at = now();
INSERT INTO dam_reservoir (dam_id, reservoir_name, live_storage_mcm, current_storage_mcm, frl_m, updated_at) VALUES ('MPWRD-32133', 'Gorakhpur Tank', 5.67, 5.67, 768.70, now()) ON CONFLICT (dam_id) DO UPDATE SET reservoir_name = EXCLUDED.reservoir_name, live_storage_mcm = EXCLUDED.live_storage_mcm, current_storage_mcm = EXCLUDED.current_storage_mcm, frl_m = EXCLUDED.frl_m, updated_at = now();
INSERT INTO dam_engineering (dam_id, instrumentation, updated_at) VALUES ('MPWRD-32133', '{"basin_office": "Chief Engineer Wainganga Basin, Seoni", "gate_count_open": null, "gate_discharge_cumec": null, "last_year_level_m": null, "last_year_live_capacity_mcm": null, "last_year_live_storage_percent": null, "mpwrd_reservoir_code": "32133", "reading_time": "08:00:00", "this_year_is_stale": true, "this_year_level_observed_date": "2025-09-24"}'::jsonb, now()) ON CONFLICT (dam_id) DO UPDATE SET instrumentation = EXCLUDED.instrumentation, updated_at = now();
INSERT INTO mpwrd_reservoir_levels (source_registry, report_date, reservoir_code, dam_id, basin_office, reservoir_name, reading_time, district, frl_m, live_capacity_at_frl_mcm, this_year_level_m, this_year_live_capacity_mcm, this_year_live_storage_percent, this_year_level_observed_date, this_year_is_stale, gate_count_open, gate_discharge_cumec, last_year_level_m, last_year_live_capacity_mcm, last_year_live_storage_percent, source_url, raw, fetched_at) VALUES ('MPWRD', '2026-05-25', '32133', 'MPWRD-32133', 'Chief Engineer Wainganga Basin, Seoni', 'Gorakhpur Tank', '08:00:00', 'Dindori', 768.70, 5.67, 768.70, 5.67, 100, '2025-09-24', TRUE, NULL, NULL, NULL, NULL, NULL, 'https://eims1.mpwrd.gov.in/fcmreport/control/main', '{"district": "Dindori", "frl_m": "768.70", "gate_count_open": "", "gate_discharge_cumec": "", "last_year_level_m": "", "last_year_live_capacity_mcm": "", "last_year_live_storage_percent": "", "live_capacity_at_frl_mcm": "5.67", "reservoir": "Gorakhpur Tank [32133]", "serial": "180.", "this_year_level_m": "768.70 *", "this_year_live_capacity_mcm": "5.67", "this_year_live_storage_percent": "100", "time": "08:00:00"}'::jsonb, now()) ON CONFLICT (source_registry, report_date, reservoir_code) DO UPDATE SET dam_id = EXCLUDED.dam_id, basin_office = EXCLUDED.basin_office, reservoir_name = EXCLUDED.reservoir_name, reading_time = EXCLUDED.reading_time, district = EXCLUDED.district, frl_m = EXCLUDED.frl_m, live_capacity_at_frl_mcm = EXCLUDED.live_capacity_at_frl_mcm, this_year_level_m = EXCLUDED.this_year_level_m, this_year_live_capacity_mcm = EXCLUDED.this_year_live_capacity_mcm, this_year_live_storage_percent = EXCLUDED.this_year_live_storage_percent, this_year_level_observed_date = EXCLUDED.this_year_level_observed_date, this_year_is_stale = EXCLUDED.this_year_is_stale, gate_count_open = EXCLUDED.gate_count_open, gate_discharge_cumec = EXCLUDED.gate_discharge_cumec, last_year_level_m = EXCLUDED.last_year_level_m, last_year_live_capacity_mcm = EXCLUDED.last_year_live_capacity_mcm, last_year_live_storage_percent = EXCLUDED.last_year_live_storage_percent, source_url = EXCLUDED.source_url, raw = EXCLUDED.raw, fetched_at = now();
INSERT INTO dams (dam_id, dam_name, state, district, river_basin, owner_agency, status, risk_class, safety_score, source_registry, source_record_id, source_publication_year, source_url, updated_at) VALUES ('MPWRD-32068', 'HALLON TANK PROJECT', 'Madhya Pradesh', 'Seoni', 'Chief Engineer Wainganga Basin, Seoni', 'Madhya Pradesh Water Resources Department', 'operational'::dam_status, 'low'::risk_class, 100.00, 'MPWRD', '32068', 2026, 'https://eims1.mpwrd.gov.in/fcmreport/control/main', now()) ON CONFLICT (dam_id) DO UPDATE SET dam_name = EXCLUDED.dam_name, state = EXCLUDED.state, district = EXCLUDED.district, river_basin = EXCLUDED.river_basin, owner_agency = EXCLUDED.owner_agency, status = EXCLUDED.status, risk_class = EXCLUDED.risk_class, safety_score = EXCLUDED.safety_score, source_registry = EXCLUDED.source_registry, source_record_id = EXCLUDED.source_record_id, source_publication_year = EXCLUDED.source_publication_year, source_url = EXCLUDED.source_url, updated_at = now();
INSERT INTO dam_reservoir (dam_id, reservoir_name, live_storage_mcm, current_storage_mcm, frl_m, updated_at) VALUES ('MPWRD-32068', 'HALLON TANK PROJECT', 16.25, 16.28, 563.80, now()) ON CONFLICT (dam_id) DO UPDATE SET reservoir_name = EXCLUDED.reservoir_name, live_storage_mcm = EXCLUDED.live_storage_mcm, current_storage_mcm = EXCLUDED.current_storage_mcm, frl_m = EXCLUDED.frl_m, updated_at = now();
INSERT INTO dam_engineering (dam_id, instrumentation, updated_at) VALUES ('MPWRD-32068', '{"basin_office": "Chief Engineer Wainganga Basin, Seoni", "gate_count_open": null, "gate_discharge_cumec": null, "last_year_level_m": null, "last_year_live_capacity_mcm": null, "last_year_live_storage_percent": null, "mpwrd_reservoir_code": "32068", "reading_time": "08:00:00", "this_year_is_stale": true, "this_year_level_observed_date": "2025-09-24"}'::jsonb, now()) ON CONFLICT (dam_id) DO UPDATE SET instrumentation = EXCLUDED.instrumentation, updated_at = now();
INSERT INTO mpwrd_reservoir_levels (source_registry, report_date, reservoir_code, dam_id, basin_office, reservoir_name, reading_time, district, frl_m, live_capacity_at_frl_mcm, this_year_level_m, this_year_live_capacity_mcm, this_year_live_storage_percent, this_year_level_observed_date, this_year_is_stale, gate_count_open, gate_discharge_cumec, last_year_level_m, last_year_live_capacity_mcm, last_year_live_storage_percent, source_url, raw, fetched_at) VALUES ('MPWRD', '2026-05-25', '32068', 'MPWRD-32068', 'Chief Engineer Wainganga Basin, Seoni', 'HALLON TANK PROJECT', '08:00:00', 'Seoni', 563.80, 16.25, 563.80, 16.28, 100, '2025-09-24', TRUE, NULL, NULL, NULL, NULL, NULL, 'https://eims1.mpwrd.gov.in/fcmreport/control/main', '{"district": "Seoni", "frl_m": "563.80", "gate_count_open": "", "gate_discharge_cumec": "", "last_year_level_m": "", "last_year_live_capacity_mcm": "", "last_year_live_storage_percent": "", "live_capacity_at_frl_mcm": "16.25", "reservoir": "HALLON TANK PROJECT [32068]", "serial": "181.", "this_year_level_m": "563.80 *", "this_year_live_capacity_mcm": "16.28", "this_year_live_storage_percent": "100", "time": "08:00:00"}'::jsonb, now()) ON CONFLICT (source_registry, report_date, reservoir_code) DO UPDATE SET dam_id = EXCLUDED.dam_id, basin_office = EXCLUDED.basin_office, reservoir_name = EXCLUDED.reservoir_name, reading_time = EXCLUDED.reading_time, district = EXCLUDED.district, frl_m = EXCLUDED.frl_m, live_capacity_at_frl_mcm = EXCLUDED.live_capacity_at_frl_mcm, this_year_level_m = EXCLUDED.this_year_level_m, this_year_live_capacity_mcm = EXCLUDED.this_year_live_capacity_mcm, this_year_live_storage_percent = EXCLUDED.this_year_live_storage_percent, this_year_level_observed_date = EXCLUDED.this_year_level_observed_date, this_year_is_stale = EXCLUDED.this_year_is_stale, gate_count_open = EXCLUDED.gate_count_open, gate_discharge_cumec = EXCLUDED.gate_discharge_cumec, last_year_level_m = EXCLUDED.last_year_level_m, last_year_live_capacity_mcm = EXCLUDED.last_year_live_capacity_mcm, last_year_live_storage_percent = EXCLUDED.last_year_live_storage_percent, source_url = EXCLUDED.source_url, raw = EXCLUDED.raw, fetched_at = now();
INSERT INTO dams (dam_id, dam_name, state, district, river_basin, owner_agency, status, risk_class, safety_score, source_registry, source_record_id, source_publication_year, source_url, updated_at) VALUES ('MPWRD-41510', 'Hiran Medium Project', 'Madhya Pradesh', 'Jabalpur', 'Chief Engineer Wainganga Basin, Seoni', 'Madhya Pradesh Water Resources Department', 'operational'::dam_status, 'moderate'::risk_class, 25.00, 'MPWRD', '41510', 2026, 'https://eims1.mpwrd.gov.in/fcmreport/control/main', now()) ON CONFLICT (dam_id) DO UPDATE SET dam_name = EXCLUDED.dam_name, state = EXCLUDED.state, district = EXCLUDED.district, river_basin = EXCLUDED.river_basin, owner_agency = EXCLUDED.owner_agency, status = EXCLUDED.status, risk_class = EXCLUDED.risk_class, safety_score = EXCLUDED.safety_score, source_registry = EXCLUDED.source_registry, source_record_id = EXCLUDED.source_record_id, source_publication_year = EXCLUDED.source_publication_year, source_url = EXCLUDED.source_url, updated_at = now();
INSERT INTO dam_reservoir (dam_id, reservoir_name, live_storage_mcm, current_storage_mcm, frl_m, updated_at) VALUES ('MPWRD-41510', 'Hiran Medium Project', 34.06, 8.65, 477.50, now()) ON CONFLICT (dam_id) DO UPDATE SET reservoir_name = EXCLUDED.reservoir_name, live_storage_mcm = EXCLUDED.live_storage_mcm, current_storage_mcm = EXCLUDED.current_storage_mcm, frl_m = EXCLUDED.frl_m, updated_at = now();
INSERT INTO dam_engineering (dam_id, instrumentation, updated_at) VALUES ('MPWRD-41510', '{"basin_office": "Chief Engineer Wainganga Basin, Seoni", "gate_count_open": null, "gate_discharge_cumec": null, "last_year_level_m": null, "last_year_live_capacity_mcm": null, "last_year_live_storage_percent": null, "mpwrd_reservoir_code": "41510", "reading_time": "08:00:00", "this_year_is_stale": true, "this_year_level_observed_date": "2025-10-12"}'::jsonb, now()) ON CONFLICT (dam_id) DO UPDATE SET instrumentation = EXCLUDED.instrumentation, updated_at = now();
INSERT INTO mpwrd_reservoir_levels (source_registry, report_date, reservoir_code, dam_id, basin_office, reservoir_name, reading_time, district, frl_m, live_capacity_at_frl_mcm, this_year_level_m, this_year_live_capacity_mcm, this_year_live_storage_percent, this_year_level_observed_date, this_year_is_stale, gate_count_open, gate_discharge_cumec, last_year_level_m, last_year_live_capacity_mcm, last_year_live_storage_percent, source_url, raw, fetched_at) VALUES ('MPWRD', '2026-05-25', '41510', 'MPWRD-41510', 'Chief Engineer Wainganga Basin, Seoni', 'Hiran Medium Project', '08:00:00', 'Jabalpur', 477.50, 34.06, 463.00, 8.65, 25, '2025-10-12', TRUE, NULL, NULL, NULL, NULL, NULL, 'https://eims1.mpwrd.gov.in/fcmreport/control/main', '{"district": "Jabalpur", "frl_m": "477.50", "gate_count_open": "", "gate_discharge_cumec": "", "last_year_level_m": "", "last_year_live_capacity_mcm": "", "last_year_live_storage_percent": "", "live_capacity_at_frl_mcm": "34.06", "reservoir": "Hiran Medium Project [41510]", "serial": "182.", "this_year_level_m": "463.00*", "this_year_live_capacity_mcm": "8.65", "this_year_live_storage_percent": "25", "time": "08:00:00"}'::jsonb, now()) ON CONFLICT (source_registry, report_date, reservoir_code) DO UPDATE SET dam_id = EXCLUDED.dam_id, basin_office = EXCLUDED.basin_office, reservoir_name = EXCLUDED.reservoir_name, reading_time = EXCLUDED.reading_time, district = EXCLUDED.district, frl_m = EXCLUDED.frl_m, live_capacity_at_frl_mcm = EXCLUDED.live_capacity_at_frl_mcm, this_year_level_m = EXCLUDED.this_year_level_m, this_year_live_capacity_mcm = EXCLUDED.this_year_live_capacity_mcm, this_year_live_storage_percent = EXCLUDED.this_year_live_storage_percent, this_year_level_observed_date = EXCLUDED.this_year_level_observed_date, this_year_is_stale = EXCLUDED.this_year_is_stale, gate_count_open = EXCLUDED.gate_count_open, gate_discharge_cumec = EXCLUDED.gate_discharge_cumec, last_year_level_m = EXCLUDED.last_year_level_m, last_year_live_capacity_mcm = EXCLUDED.last_year_live_capacity_mcm, last_year_live_storage_percent = EXCLUDED.last_year_live_storage_percent, source_url = EXCLUDED.source_url, raw = EXCLUDED.raw, fetched_at = now();
INSERT INTO dams (dam_id, dam_name, state, district, river_basin, owner_agency, status, risk_class, safety_score, source_registry, source_record_id, source_publication_year, source_url, updated_at) VALUES ('MPWRD-14710', 'Jamuniya Tank', 'Madhya Pradesh', 'Balaghat', 'Chief Engineer Wainganga Basin, Seoni', 'Madhya Pradesh Water Resources Department', 'operational'::dam_status, 'low'::risk_class, 100.00, 'MPWRD', '14710', 2026, 'https://eims1.mpwrd.gov.in/fcmreport/control/main', now()) ON CONFLICT (dam_id) DO UPDATE SET dam_name = EXCLUDED.dam_name, state = EXCLUDED.state, district = EXCLUDED.district, river_basin = EXCLUDED.river_basin, owner_agency = EXCLUDED.owner_agency, status = EXCLUDED.status, risk_class = EXCLUDED.risk_class, safety_score = EXCLUDED.safety_score, source_registry = EXCLUDED.source_registry, source_record_id = EXCLUDED.source_record_id, source_publication_year = EXCLUDED.source_publication_year, source_url = EXCLUDED.source_url, updated_at = now();
INSERT INTO dam_reservoir (dam_id, reservoir_name, live_storage_mcm, current_storage_mcm, frl_m, updated_at) VALUES ('MPWRD-14710', 'Jamuniya Tank', 9.18, 9.18, 363.32, now()) ON CONFLICT (dam_id) DO UPDATE SET reservoir_name = EXCLUDED.reservoir_name, live_storage_mcm = EXCLUDED.live_storage_mcm, current_storage_mcm = EXCLUDED.current_storage_mcm, frl_m = EXCLUDED.frl_m, updated_at = now();
INSERT INTO dam_engineering (dam_id, instrumentation, updated_at) VALUES ('MPWRD-14710', '{"basin_office": "Chief Engineer Wainganga Basin, Seoni", "gate_count_open": null, "gate_discharge_cumec": null, "last_year_level_m": null, "last_year_live_capacity_mcm": null, "last_year_live_storage_percent": null, "mpwrd_reservoir_code": "14710", "reading_time": "08:00:00", "this_year_is_stale": true, "this_year_level_observed_date": "2025-09-24"}'::jsonb, now()) ON CONFLICT (dam_id) DO UPDATE SET instrumentation = EXCLUDED.instrumentation, updated_at = now();
INSERT INTO mpwrd_reservoir_levels (source_registry, report_date, reservoir_code, dam_id, basin_office, reservoir_name, reading_time, district, frl_m, live_capacity_at_frl_mcm, this_year_level_m, this_year_live_capacity_mcm, this_year_live_storage_percent, this_year_level_observed_date, this_year_is_stale, gate_count_open, gate_discharge_cumec, last_year_level_m, last_year_live_capacity_mcm, last_year_live_storage_percent, source_url, raw, fetched_at) VALUES ('MPWRD', '2026-05-25', '14710', 'MPWRD-14710', 'Chief Engineer Wainganga Basin, Seoni', 'Jamuniya Tank', '08:00:00', 'Balaghat', 363.32, 9.18, 363.32, 9.18, 100, '2025-09-24', TRUE, NULL, NULL, NULL, NULL, NULL, 'https://eims1.mpwrd.gov.in/fcmreport/control/main', '{"district": "Balaghat", "frl_m": "363.32", "gate_count_open": "", "gate_discharge_cumec": "", "last_year_level_m": "", "last_year_live_capacity_mcm": "", "last_year_live_storage_percent": "", "live_capacity_at_frl_mcm": "9.18", "reservoir": "Jamuniya Tank [14710]", "serial": "183.", "this_year_level_m": "363.32 *", "this_year_live_capacity_mcm": "9.18", "this_year_live_storage_percent": "100", "time": "08:00:00"}'::jsonb, now()) ON CONFLICT (source_registry, report_date, reservoir_code) DO UPDATE SET dam_id = EXCLUDED.dam_id, basin_office = EXCLUDED.basin_office, reservoir_name = EXCLUDED.reservoir_name, reading_time = EXCLUDED.reading_time, district = EXCLUDED.district, frl_m = EXCLUDED.frl_m, live_capacity_at_frl_mcm = EXCLUDED.live_capacity_at_frl_mcm, this_year_level_m = EXCLUDED.this_year_level_m, this_year_live_capacity_mcm = EXCLUDED.this_year_live_capacity_mcm, this_year_live_storage_percent = EXCLUDED.this_year_live_storage_percent, this_year_level_observed_date = EXCLUDED.this_year_level_observed_date, this_year_is_stale = EXCLUDED.this_year_is_stale, gate_count_open = EXCLUDED.gate_count_open, gate_discharge_cumec = EXCLUDED.gate_discharge_cumec, last_year_level_m = EXCLUDED.last_year_level_m, last_year_live_capacity_mcm = EXCLUDED.last_year_live_capacity_mcm, last_year_live_storage_percent = EXCLUDED.last_year_live_storage_percent, source_url = EXCLUDED.source_url, raw = EXCLUDED.raw, fetched_at = now();
INSERT INTO dams (dam_id, dam_name, state, district, river_basin, owner_agency, status, risk_class, safety_score, source_registry, source_record_id, source_publication_year, source_url, updated_at) VALUES ('MPWRD-32069', 'Kanchna Mandi Tank', 'Madhya Pradesh', 'Seoni', 'Chief Engineer Wainganga Basin, Seoni', 'Madhya Pradesh Water Resources Department', 'operational'::dam_status, 'low'::risk_class, 100.00, 'MPWRD', '32069', 2026, 'https://eims1.mpwrd.gov.in/fcmreport/control/main', now()) ON CONFLICT (dam_id) DO UPDATE SET dam_name = EXCLUDED.dam_name, state = EXCLUDED.state, district = EXCLUDED.district, river_basin = EXCLUDED.river_basin, owner_agency = EXCLUDED.owner_agency, status = EXCLUDED.status, risk_class = EXCLUDED.risk_class, safety_score = EXCLUDED.safety_score, source_registry = EXCLUDED.source_registry, source_record_id = EXCLUDED.source_record_id, source_publication_year = EXCLUDED.source_publication_year, source_url = EXCLUDED.source_url, updated_at = now();
INSERT INTO dam_reservoir (dam_id, reservoir_name, live_storage_mcm, current_storage_mcm, frl_m, updated_at) VALUES ('MPWRD-32069', 'Kanchna Mandi Tank', 10.76, 10.76, 518.50, now()) ON CONFLICT (dam_id) DO UPDATE SET reservoir_name = EXCLUDED.reservoir_name, live_storage_mcm = EXCLUDED.live_storage_mcm, current_storage_mcm = EXCLUDED.current_storage_mcm, frl_m = EXCLUDED.frl_m, updated_at = now();
INSERT INTO dam_engineering (dam_id, instrumentation, updated_at) VALUES ('MPWRD-32069', '{"basin_office": "Chief Engineer Wainganga Basin, Seoni", "gate_count_open": null, "gate_discharge_cumec": null, "last_year_level_m": null, "last_year_live_capacity_mcm": null, "last_year_live_storage_percent": null, "mpwrd_reservoir_code": "32069", "reading_time": "08:00:00", "this_year_is_stale": true, "this_year_level_observed_date": "2025-09-24"}'::jsonb, now()) ON CONFLICT (dam_id) DO UPDATE SET instrumentation = EXCLUDED.instrumentation, updated_at = now();
INSERT INTO mpwrd_reservoir_levels (source_registry, report_date, reservoir_code, dam_id, basin_office, reservoir_name, reading_time, district, frl_m, live_capacity_at_frl_mcm, this_year_level_m, this_year_live_capacity_mcm, this_year_live_storage_percent, this_year_level_observed_date, this_year_is_stale, gate_count_open, gate_discharge_cumec, last_year_level_m, last_year_live_capacity_mcm, last_year_live_storage_percent, source_url, raw, fetched_at) VALUES ('MPWRD', '2026-05-25', '32069', 'MPWRD-32069', 'Chief Engineer Wainganga Basin, Seoni', 'Kanchna Mandi Tank', '08:00:00', 'Seoni', 518.50, 10.76, 518.50, 10.76, 100, '2025-09-24', TRUE, NULL, NULL, NULL, NULL, NULL, 'https://eims1.mpwrd.gov.in/fcmreport/control/main', '{"district": "Seoni", "frl_m": "518.50", "gate_count_open": "", "gate_discharge_cumec": "", "last_year_level_m": "", "last_year_live_capacity_mcm": "", "last_year_live_storage_percent": "", "live_capacity_at_frl_mcm": "10.76", "reservoir": "Kanchna Mandi Tank [32069]", "serial": "184.", "this_year_level_m": "518.50 *", "this_year_live_capacity_mcm": "10.76", "this_year_live_storage_percent": "100", "time": "08:00:00"}'::jsonb, now()) ON CONFLICT (source_registry, report_date, reservoir_code) DO UPDATE SET dam_id = EXCLUDED.dam_id, basin_office = EXCLUDED.basin_office, reservoir_name = EXCLUDED.reservoir_name, reading_time = EXCLUDED.reading_time, district = EXCLUDED.district, frl_m = EXCLUDED.frl_m, live_capacity_at_frl_mcm = EXCLUDED.live_capacity_at_frl_mcm, this_year_level_m = EXCLUDED.this_year_level_m, this_year_live_capacity_mcm = EXCLUDED.this_year_live_capacity_mcm, this_year_live_storage_percent = EXCLUDED.this_year_live_storage_percent, this_year_level_observed_date = EXCLUDED.this_year_level_observed_date, this_year_is_stale = EXCLUDED.this_year_is_stale, gate_count_open = EXCLUDED.gate_count_open, gate_discharge_cumec = EXCLUDED.gate_discharge_cumec, last_year_level_m = EXCLUDED.last_year_level_m, last_year_live_capacity_mcm = EXCLUDED.last_year_live_capacity_mcm, last_year_live_storage_percent = EXCLUDED.last_year_live_storage_percent, source_url = EXCLUDED.source_url, raw = EXCLUDED.raw, fetched_at = now();
INSERT INTO dams (dam_id, dam_name, state, district, river_basin, owner_agency, status, risk_class, safety_score, source_registry, source_record_id, source_publication_year, source_url, updated_at) VALUES ('MPWRD-10529', 'Kanhargoa Tank', 'Madhya Pradesh', 'Chindwara', 'Chief Engineer Wainganga Basin, Seoni', 'Madhya Pradesh Water Resources Department', 'operational'::dam_status, 'low'::risk_class, 91.00, 'MPWRD', '10529', 2026, 'https://eims1.mpwrd.gov.in/fcmreport/control/main', now()) ON CONFLICT (dam_id) DO UPDATE SET dam_name = EXCLUDED.dam_name, state = EXCLUDED.state, district = EXCLUDED.district, river_basin = EXCLUDED.river_basin, owner_agency = EXCLUDED.owner_agency, status = EXCLUDED.status, risk_class = EXCLUDED.risk_class, safety_score = EXCLUDED.safety_score, source_registry = EXCLUDED.source_registry, source_record_id = EXCLUDED.source_record_id, source_publication_year = EXCLUDED.source_publication_year, source_url = EXCLUDED.source_url, updated_at = now();
INSERT INTO dam_reservoir (dam_id, reservoir_name, live_storage_mcm, current_storage_mcm, frl_m, updated_at) VALUES ('MPWRD-10529', 'Kanhargoa Tank', 23.06, 21.21, 713.80, now()) ON CONFLICT (dam_id) DO UPDATE SET reservoir_name = EXCLUDED.reservoir_name, live_storage_mcm = EXCLUDED.live_storage_mcm, current_storage_mcm = EXCLUDED.current_storage_mcm, frl_m = EXCLUDED.frl_m, updated_at = now();
INSERT INTO dam_engineering (dam_id, instrumentation, updated_at) VALUES ('MPWRD-10529', '{"basin_office": "Chief Engineer Wainganga Basin, Seoni", "gate_count_open": null, "gate_discharge_cumec": null, "last_year_level_m": null, "last_year_live_capacity_mcm": null, "last_year_live_storage_percent": null, "mpwrd_reservoir_code": "10529", "reading_time": "08:00:00", "this_year_is_stale": true, "this_year_level_observed_date": "2025-09-24"}'::jsonb, now()) ON CONFLICT (dam_id) DO UPDATE SET instrumentation = EXCLUDED.instrumentation, updated_at = now();
INSERT INTO mpwrd_reservoir_levels (source_registry, report_date, reservoir_code, dam_id, basin_office, reservoir_name, reading_time, district, frl_m, live_capacity_at_frl_mcm, this_year_level_m, this_year_live_capacity_mcm, this_year_live_storage_percent, this_year_level_observed_date, this_year_is_stale, gate_count_open, gate_discharge_cumec, last_year_level_m, last_year_live_capacity_mcm, last_year_live_storage_percent, source_url, raw, fetched_at) VALUES ('MPWRD', '2026-05-25', '10529', 'MPWRD-10529', 'Chief Engineer Wainganga Basin, Seoni', 'Kanhargoa Tank', '08:00:00', 'Chindwara', 713.80, 23.06, 713.40, 21.21, 91, '2025-09-24', TRUE, NULL, NULL, NULL, NULL, NULL, 'https://eims1.mpwrd.gov.in/fcmreport/control/main', '{"district": "Chindwara", "frl_m": "713.80", "gate_count_open": "", "gate_discharge_cumec": "", "last_year_level_m": "", "last_year_live_capacity_mcm": "", "last_year_live_storage_percent": "", "live_capacity_at_frl_mcm": "23.06", "reservoir": "Kanhargoa Tank [10529]", "serial": "185.", "this_year_level_m": "713.40*", "this_year_live_capacity_mcm": "21.21", "this_year_live_storage_percent": "91", "time": "08:00:00"}'::jsonb, now()) ON CONFLICT (source_registry, report_date, reservoir_code) DO UPDATE SET dam_id = EXCLUDED.dam_id, basin_office = EXCLUDED.basin_office, reservoir_name = EXCLUDED.reservoir_name, reading_time = EXCLUDED.reading_time, district = EXCLUDED.district, frl_m = EXCLUDED.frl_m, live_capacity_at_frl_mcm = EXCLUDED.live_capacity_at_frl_mcm, this_year_level_m = EXCLUDED.this_year_level_m, this_year_live_capacity_mcm = EXCLUDED.this_year_live_capacity_mcm, this_year_live_storage_percent = EXCLUDED.this_year_live_storage_percent, this_year_level_observed_date = EXCLUDED.this_year_level_observed_date, this_year_is_stale = EXCLUDED.this_year_is_stale, gate_count_open = EXCLUDED.gate_count_open, gate_discharge_cumec = EXCLUDED.gate_discharge_cumec, last_year_level_m = EXCLUDED.last_year_level_m, last_year_live_capacity_mcm = EXCLUDED.last_year_live_capacity_mcm, last_year_live_storage_percent = EXCLUDED.last_year_live_storage_percent, source_url = EXCLUDED.source_url, raw = EXCLUDED.raw, fetched_at = now();
INSERT INTO dams (dam_id, dam_name, state, district, river_basin, owner_agency, status, risk_class, safety_score, source_registry, source_record_id, source_publication_year, source_url, updated_at) VALUES ('MPWRD-10492', 'Kharadi Dam', 'Madhya Pradesh', 'Balaghat', 'Chief Engineer Wainganga Basin, Seoni', 'Madhya Pradesh Water Resources Department', 'operational'::dam_status, 'low'::risk_class, 99.00, 'MPWRD', '10492', 2026, 'https://eims1.mpwrd.gov.in/fcmreport/control/main', now()) ON CONFLICT (dam_id) DO UPDATE SET dam_name = EXCLUDED.dam_name, state = EXCLUDED.state, district = EXCLUDED.district, river_basin = EXCLUDED.river_basin, owner_agency = EXCLUDED.owner_agency, status = EXCLUDED.status, risk_class = EXCLUDED.risk_class, safety_score = EXCLUDED.safety_score, source_registry = EXCLUDED.source_registry, source_record_id = EXCLUDED.source_record_id, source_publication_year = EXCLUDED.source_publication_year, source_url = EXCLUDED.source_url, updated_at = now();
INSERT INTO dam_reservoir (dam_id, reservoir_name, live_storage_mcm, current_storage_mcm, frl_m, updated_at) VALUES ('MPWRD-10492', 'Kharadi Dam', 14.56, 14.54, 321.86, now()) ON CONFLICT (dam_id) DO UPDATE SET reservoir_name = EXCLUDED.reservoir_name, live_storage_mcm = EXCLUDED.live_storage_mcm, current_storage_mcm = EXCLUDED.current_storage_mcm, frl_m = EXCLUDED.frl_m, updated_at = now();
INSERT INTO dam_engineering (dam_id, instrumentation, updated_at) VALUES ('MPWRD-10492', '{"basin_office": "Chief Engineer Wainganga Basin, Seoni", "gate_count_open": null, "gate_discharge_cumec": null, "last_year_level_m": null, "last_year_live_capacity_mcm": null, "last_year_live_storage_percent": null, "mpwrd_reservoir_code": "10492", "reading_time": "08:00:00", "this_year_is_stale": true, "this_year_level_observed_date": "2025-09-04"}'::jsonb, now()) ON CONFLICT (dam_id) DO UPDATE SET instrumentation = EXCLUDED.instrumentation, updated_at = now();
INSERT INTO mpwrd_reservoir_levels (source_registry, report_date, reservoir_code, dam_id, basin_office, reservoir_name, reading_time, district, frl_m, live_capacity_at_frl_mcm, this_year_level_m, this_year_live_capacity_mcm, this_year_live_storage_percent, this_year_level_observed_date, this_year_is_stale, gate_count_open, gate_discharge_cumec, last_year_level_m, last_year_live_capacity_mcm, last_year_live_storage_percent, source_url, raw, fetched_at) VALUES ('MPWRD', '2026-05-25', '10492', 'MPWRD-10492', 'Chief Engineer Wainganga Basin, Seoni', 'Kharadi Dam', '08:00:00', 'Balaghat', 321.86, 14.56, 321.86, 14.54, 99, '2025-09-04', TRUE, NULL, NULL, NULL, NULL, NULL, 'https://eims1.mpwrd.gov.in/fcmreport/control/main', '{"district": "Balaghat", "frl_m": "321.86", "gate_count_open": "", "gate_discharge_cumec": "", "last_year_level_m": "", "last_year_live_capacity_mcm": "", "last_year_live_storage_percent": "", "live_capacity_at_frl_mcm": "14.56", "reservoir": "Kharadi Dam [10492]", "serial": "186.", "this_year_level_m": "321.86 *", "this_year_live_capacity_mcm": "14.54", "this_year_live_storage_percent": "99", "time": "08:00:00"}'::jsonb, now()) ON CONFLICT (source_registry, report_date, reservoir_code) DO UPDATE SET dam_id = EXCLUDED.dam_id, basin_office = EXCLUDED.basin_office, reservoir_name = EXCLUDED.reservoir_name, reading_time = EXCLUDED.reading_time, district = EXCLUDED.district, frl_m = EXCLUDED.frl_m, live_capacity_at_frl_mcm = EXCLUDED.live_capacity_at_frl_mcm, this_year_level_m = EXCLUDED.this_year_level_m, this_year_live_capacity_mcm = EXCLUDED.this_year_live_capacity_mcm, this_year_live_storage_percent = EXCLUDED.this_year_live_storage_percent, this_year_level_observed_date = EXCLUDED.this_year_level_observed_date, this_year_is_stale = EXCLUDED.this_year_is_stale, gate_count_open = EXCLUDED.gate_count_open, gate_discharge_cumec = EXCLUDED.gate_discharge_cumec, last_year_level_m = EXCLUDED.last_year_level_m, last_year_live_capacity_mcm = EXCLUDED.last_year_live_capacity_mcm, last_year_live_storage_percent = EXCLUDED.last_year_live_storage_percent, source_url = EXCLUDED.source_url, raw = EXCLUDED.raw, fetched_at = now();
INSERT INTO dams (dam_id, dam_name, state, district, river_basin, owner_agency, status, risk_class, safety_score, source_registry, source_record_id, source_publication_year, source_url, updated_at) VALUES ('MPWRD-10618', 'Madai Tank', 'Madhya Pradesh', 'Jabalpur', 'Chief Engineer Wainganga Basin, Seoni', 'Madhya Pradesh Water Resources Department', 'operational'::dam_status, 'low'::risk_class, 100.00, 'MPWRD', '10618', 2026, 'https://eims1.mpwrd.gov.in/fcmreport/control/main', now()) ON CONFLICT (dam_id) DO UPDATE SET dam_name = EXCLUDED.dam_name, state = EXCLUDED.state, district = EXCLUDED.district, river_basin = EXCLUDED.river_basin, owner_agency = EXCLUDED.owner_agency, status = EXCLUDED.status, risk_class = EXCLUDED.risk_class, safety_score = EXCLUDED.safety_score, source_registry = EXCLUDED.source_registry, source_record_id = EXCLUDED.source_record_id, source_publication_year = EXCLUDED.source_publication_year, source_url = EXCLUDED.source_url, updated_at = now();
INSERT INTO dam_reservoir (dam_id, reservoir_name, live_storage_mcm, current_storage_mcm, frl_m, updated_at) VALUES ('MPWRD-10618', 'Madai Tank', 8.21, 8.33, 409.50, now()) ON CONFLICT (dam_id) DO UPDATE SET reservoir_name = EXCLUDED.reservoir_name, live_storage_mcm = EXCLUDED.live_storage_mcm, current_storage_mcm = EXCLUDED.current_storage_mcm, frl_m = EXCLUDED.frl_m, updated_at = now();
INSERT INTO dam_engineering (dam_id, instrumentation, updated_at) VALUES ('MPWRD-10618', '{"basin_office": "Chief Engineer Wainganga Basin, Seoni", "gate_count_open": null, "gate_discharge_cumec": null, "last_year_level_m": null, "last_year_live_capacity_mcm": null, "last_year_live_storage_percent": null, "mpwrd_reservoir_code": "10618", "reading_time": "08:00:00", "this_year_is_stale": true, "this_year_level_observed_date": "2025-08-28"}'::jsonb, now()) ON CONFLICT (dam_id) DO UPDATE SET instrumentation = EXCLUDED.instrumentation, updated_at = now();
INSERT INTO mpwrd_reservoir_levels (source_registry, report_date, reservoir_code, dam_id, basin_office, reservoir_name, reading_time, district, frl_m, live_capacity_at_frl_mcm, this_year_level_m, this_year_live_capacity_mcm, this_year_live_storage_percent, this_year_level_observed_date, this_year_is_stale, gate_count_open, gate_discharge_cumec, last_year_level_m, last_year_live_capacity_mcm, last_year_live_storage_percent, source_url, raw, fetched_at) VALUES ('MPWRD', '2026-05-25', '10618', 'MPWRD-10618', 'Chief Engineer Wainganga Basin, Seoni', 'Madai Tank', '08:00:00', 'Jabalpur', 409.50, 8.21, 409.52, 8.33, 100, '2025-08-28', TRUE, NULL, NULL, NULL, NULL, NULL, 'https://eims1.mpwrd.gov.in/fcmreport/control/main', '{"district": "Jabalpur", "frl_m": "409.50", "gate_count_open": "", "gate_discharge_cumec": "", "last_year_level_m": "", "last_year_live_capacity_mcm": "", "last_year_live_storage_percent": "", "live_capacity_at_frl_mcm": "8.21", "reservoir": "Madai Tank [10618]", "serial": "187.", "this_year_level_m": "409.52 *", "this_year_live_capacity_mcm": "8.33", "this_year_live_storage_percent": "100", "time": "08:00:00"}'::jsonb, now()) ON CONFLICT (source_registry, report_date, reservoir_code) DO UPDATE SET dam_id = EXCLUDED.dam_id, basin_office = EXCLUDED.basin_office, reservoir_name = EXCLUDED.reservoir_name, reading_time = EXCLUDED.reading_time, district = EXCLUDED.district, frl_m = EXCLUDED.frl_m, live_capacity_at_frl_mcm = EXCLUDED.live_capacity_at_frl_mcm, this_year_level_m = EXCLUDED.this_year_level_m, this_year_live_capacity_mcm = EXCLUDED.this_year_live_capacity_mcm, this_year_live_storage_percent = EXCLUDED.this_year_live_storage_percent, this_year_level_observed_date = EXCLUDED.this_year_level_observed_date, this_year_is_stale = EXCLUDED.this_year_is_stale, gate_count_open = EXCLUDED.gate_count_open, gate_discharge_cumec = EXCLUDED.gate_discharge_cumec, last_year_level_m = EXCLUDED.last_year_level_m, last_year_live_capacity_mcm = EXCLUDED.last_year_live_capacity_mcm, last_year_live_storage_percent = EXCLUDED.last_year_live_storage_percent, source_url = EXCLUDED.source_url, raw = EXCLUDED.raw, fetched_at = now();
INSERT INTO dams (dam_id, dam_name, state, district, river_basin, owner_agency, status, risk_class, safety_score, source_registry, source_record_id, source_publication_year, source_url, updated_at) VALUES ('MPWRD-10581', 'Majhgaon Tank', 'Madhya Pradesh', 'Mandla', 'Chief Engineer Wainganga Basin, Seoni', 'Madhya Pradesh Water Resources Department', 'operational'::dam_status, 'low'::risk_class, 100.00, 'MPWRD', '10581', 2026, 'https://eims1.mpwrd.gov.in/fcmreport/control/main', now()) ON CONFLICT (dam_id) DO UPDATE SET dam_name = EXCLUDED.dam_name, state = EXCLUDED.state, district = EXCLUDED.district, river_basin = EXCLUDED.river_basin, owner_agency = EXCLUDED.owner_agency, status = EXCLUDED.status, risk_class = EXCLUDED.risk_class, safety_score = EXCLUDED.safety_score, source_registry = EXCLUDED.source_registry, source_record_id = EXCLUDED.source_record_id, source_publication_year = EXCLUDED.source_publication_year, source_url = EXCLUDED.source_url, updated_at = now();
INSERT INTO dam_reservoir (dam_id, reservoir_name, live_storage_mcm, current_storage_mcm, frl_m, updated_at) VALUES ('MPWRD-10581', 'Majhgaon Tank', 8.20, 8.20, 664.15, now()) ON CONFLICT (dam_id) DO UPDATE SET reservoir_name = EXCLUDED.reservoir_name, live_storage_mcm = EXCLUDED.live_storage_mcm, current_storage_mcm = EXCLUDED.current_storage_mcm, frl_m = EXCLUDED.frl_m, updated_at = now();
INSERT INTO dam_engineering (dam_id, instrumentation, updated_at) VALUES ('MPWRD-10581', '{"basin_office": "Chief Engineer Wainganga Basin, Seoni", "gate_count_open": null, "gate_discharge_cumec": null, "last_year_level_m": null, "last_year_live_capacity_mcm": null, "last_year_live_storage_percent": null, "mpwrd_reservoir_code": "10581", "reading_time": "08:00:00", "this_year_is_stale": true, "this_year_level_observed_date": "2025-09-24"}'::jsonb, now()) ON CONFLICT (dam_id) DO UPDATE SET instrumentation = EXCLUDED.instrumentation, updated_at = now();
INSERT INTO mpwrd_reservoir_levels (source_registry, report_date, reservoir_code, dam_id, basin_office, reservoir_name, reading_time, district, frl_m, live_capacity_at_frl_mcm, this_year_level_m, this_year_live_capacity_mcm, this_year_live_storage_percent, this_year_level_observed_date, this_year_is_stale, gate_count_open, gate_discharge_cumec, last_year_level_m, last_year_live_capacity_mcm, last_year_live_storage_percent, source_url, raw, fetched_at) VALUES ('MPWRD', '2026-05-25', '10581', 'MPWRD-10581', 'Chief Engineer Wainganga Basin, Seoni', 'Majhgaon Tank', '08:00:00', 'Mandla', 664.15, 8.20, 664.15, 8.20, 100, '2025-09-24', TRUE, NULL, NULL, NULL, NULL, NULL, 'https://eims1.mpwrd.gov.in/fcmreport/control/main', '{"district": "Mandla", "frl_m": "664.15", "gate_count_open": "", "gate_discharge_cumec": "", "last_year_level_m": "", "last_year_live_capacity_mcm": "", "last_year_live_storage_percent": "", "live_capacity_at_frl_mcm": "8.20", "reservoir": "Majhgaon Tank [10581]", "serial": "188.", "this_year_level_m": "664.15 *", "this_year_live_capacity_mcm": "8.20", "this_year_live_storage_percent": "100", "time": "08:00:00"}'::jsonb, now()) ON CONFLICT (source_registry, report_date, reservoir_code) DO UPDATE SET dam_id = EXCLUDED.dam_id, basin_office = EXCLUDED.basin_office, reservoir_name = EXCLUDED.reservoir_name, reading_time = EXCLUDED.reading_time, district = EXCLUDED.district, frl_m = EXCLUDED.frl_m, live_capacity_at_frl_mcm = EXCLUDED.live_capacity_at_frl_mcm, this_year_level_m = EXCLUDED.this_year_level_m, this_year_live_capacity_mcm = EXCLUDED.this_year_live_capacity_mcm, this_year_live_storage_percent = EXCLUDED.this_year_live_storage_percent, this_year_level_observed_date = EXCLUDED.this_year_level_observed_date, this_year_is_stale = EXCLUDED.this_year_is_stale, gate_count_open = EXCLUDED.gate_count_open, gate_discharge_cumec = EXCLUDED.gate_discharge_cumec, last_year_level_m = EXCLUDED.last_year_level_m, last_year_live_capacity_mcm = EXCLUDED.last_year_live_capacity_mcm, last_year_live_storage_percent = EXCLUDED.last_year_live_storage_percent, source_url = EXCLUDED.source_url, raw = EXCLUDED.raw, fetched_at = now();
INSERT INTO dams (dam_id, dam_name, state, district, river_basin, owner_agency, status, risk_class, safety_score, source_registry, source_record_id, source_publication_year, source_url, updated_at) VALUES ('MPWRD-10571', 'Matiyari Dam', 'Madhya Pradesh', 'Mandla', 'Chief Engineer Wainganga Basin, Seoni', 'Madhya Pradesh Water Resources Department', 'operational'::dam_status, 'low'::risk_class, 100.00, 'MPWRD', '10571', 2026, 'https://eims1.mpwrd.gov.in/fcmreport/control/main', now()) ON CONFLICT (dam_id) DO UPDATE SET dam_name = EXCLUDED.dam_name, state = EXCLUDED.state, district = EXCLUDED.district, river_basin = EXCLUDED.river_basin, owner_agency = EXCLUDED.owner_agency, status = EXCLUDED.status, risk_class = EXCLUDED.risk_class, safety_score = EXCLUDED.safety_score, source_registry = EXCLUDED.source_registry, source_record_id = EXCLUDED.source_record_id, source_publication_year = EXCLUDED.source_publication_year, source_url = EXCLUDED.source_url, updated_at = now();
INSERT INTO dam_reservoir (dam_id, reservoir_name, live_storage_mcm, current_storage_mcm, frl_m, updated_at) VALUES ('MPWRD-10571', 'Matiyari Dam', 51.09, 51.09, 497.43, now()) ON CONFLICT (dam_id) DO UPDATE SET reservoir_name = EXCLUDED.reservoir_name, live_storage_mcm = EXCLUDED.live_storage_mcm, current_storage_mcm = EXCLUDED.current_storage_mcm, frl_m = EXCLUDED.frl_m, updated_at = now();
INSERT INTO dam_engineering (dam_id, instrumentation, updated_at) VALUES ('MPWRD-10571', '{"basin_office": "Chief Engineer Wainganga Basin, Seoni", "gate_count_open": null, "gate_discharge_cumec": null, "last_year_level_m": null, "last_year_live_capacity_mcm": null, "last_year_live_storage_percent": null, "mpwrd_reservoir_code": "10571", "reading_time": "08:00:00", "this_year_is_stale": true, "this_year_level_observed_date": "2025-10-16"}'::jsonb, now()) ON CONFLICT (dam_id) DO UPDATE SET instrumentation = EXCLUDED.instrumentation, updated_at = now();
INSERT INTO mpwrd_reservoir_levels (source_registry, report_date, reservoir_code, dam_id, basin_office, reservoir_name, reading_time, district, frl_m, live_capacity_at_frl_mcm, this_year_level_m, this_year_live_capacity_mcm, this_year_live_storage_percent, this_year_level_observed_date, this_year_is_stale, gate_count_open, gate_discharge_cumec, last_year_level_m, last_year_live_capacity_mcm, last_year_live_storage_percent, source_url, raw, fetched_at) VALUES ('MPWRD', '2026-05-25', '10571', 'MPWRD-10571', 'Chief Engineer Wainganga Basin, Seoni', 'Matiyari Dam', '08:00:00', 'Mandla', 497.43, 51.09, 497.43, 51.09, 100, '2025-10-16', TRUE, NULL, NULL, NULL, NULL, NULL, 'https://eims1.mpwrd.gov.in/fcmreport/control/main', '{"district": "Mandla", "frl_m": "497.43", "gate_count_open": "", "gate_discharge_cumec": "", "last_year_level_m": "", "last_year_live_capacity_mcm": "", "last_year_live_storage_percent": "", "live_capacity_at_frl_mcm": "51.09", "reservoir": "Matiyari Dam [10571]", "serial": "189.", "this_year_level_m": "497.43 *", "this_year_live_capacity_mcm": "51.09", "this_year_live_storage_percent": "100", "time": "08:00:00"}'::jsonb, now()) ON CONFLICT (source_registry, report_date, reservoir_code) DO UPDATE SET dam_id = EXCLUDED.dam_id, basin_office = EXCLUDED.basin_office, reservoir_name = EXCLUDED.reservoir_name, reading_time = EXCLUDED.reading_time, district = EXCLUDED.district, frl_m = EXCLUDED.frl_m, live_capacity_at_frl_mcm = EXCLUDED.live_capacity_at_frl_mcm, this_year_level_m = EXCLUDED.this_year_level_m, this_year_live_capacity_mcm = EXCLUDED.this_year_live_capacity_mcm, this_year_live_storage_percent = EXCLUDED.this_year_live_storage_percent, this_year_level_observed_date = EXCLUDED.this_year_level_observed_date, this_year_is_stale = EXCLUDED.this_year_is_stale, gate_count_open = EXCLUDED.gate_count_open, gate_discharge_cumec = EXCLUDED.gate_discharge_cumec, last_year_level_m = EXCLUDED.last_year_level_m, last_year_live_capacity_mcm = EXCLUDED.last_year_live_capacity_mcm, last_year_live_storage_percent = EXCLUDED.last_year_live_storage_percent, source_url = EXCLUDED.source_url, raw = EXCLUDED.raw, fetched_at = now();
INSERT INTO dams (dam_id, dam_name, state, district, river_basin, owner_agency, status, risk_class, safety_score, source_registry, source_record_id, source_publication_year, source_url, updated_at) VALUES ('MPWRD-10620', 'Mehgaon Tola Tank', 'Madhya Pradesh', 'Jabalpur', 'Chief Engineer Wainganga Basin, Seoni', 'Madhya Pradesh Water Resources Department', 'operational'::dam_status, 'low'::risk_class, 100.00, 'MPWRD', '10620', 2026, 'https://eims1.mpwrd.gov.in/fcmreport/control/main', now()) ON CONFLICT (dam_id) DO UPDATE SET dam_name = EXCLUDED.dam_name, state = EXCLUDED.state, district = EXCLUDED.district, river_basin = EXCLUDED.river_basin, owner_agency = EXCLUDED.owner_agency, status = EXCLUDED.status, risk_class = EXCLUDED.risk_class, safety_score = EXCLUDED.safety_score, source_registry = EXCLUDED.source_registry, source_record_id = EXCLUDED.source_record_id, source_publication_year = EXCLUDED.source_publication_year, source_url = EXCLUDED.source_url, updated_at = now();
INSERT INTO dam_reservoir (dam_id, reservoir_name, live_storage_mcm, current_storage_mcm, frl_m, updated_at) VALUES ('MPWRD-10620', 'Mehgaon Tola Tank', 10.53, 10.53, 465.12, now()) ON CONFLICT (dam_id) DO UPDATE SET reservoir_name = EXCLUDED.reservoir_name, live_storage_mcm = EXCLUDED.live_storage_mcm, current_storage_mcm = EXCLUDED.current_storage_mcm, frl_m = EXCLUDED.frl_m, updated_at = now();
INSERT INTO dam_engineering (dam_id, instrumentation, updated_at) VALUES ('MPWRD-10620', '{"basin_office": "Chief Engineer Wainganga Basin, Seoni", "gate_count_open": null, "gate_discharge_cumec": null, "last_year_level_m": null, "last_year_live_capacity_mcm": null, "last_year_live_storage_percent": null, "mpwrd_reservoir_code": "10620", "reading_time": "08:00:00", "this_year_is_stale": true, "this_year_level_observed_date": "2025-08-14"}'::jsonb, now()) ON CONFLICT (dam_id) DO UPDATE SET instrumentation = EXCLUDED.instrumentation, updated_at = now();
INSERT INTO mpwrd_reservoir_levels (source_registry, report_date, reservoir_code, dam_id, basin_office, reservoir_name, reading_time, district, frl_m, live_capacity_at_frl_mcm, this_year_level_m, this_year_live_capacity_mcm, this_year_live_storage_percent, this_year_level_observed_date, this_year_is_stale, gate_count_open, gate_discharge_cumec, last_year_level_m, last_year_live_capacity_mcm, last_year_live_storage_percent, source_url, raw, fetched_at) VALUES ('MPWRD', '2026-05-25', '10620', 'MPWRD-10620', 'Chief Engineer Wainganga Basin, Seoni', 'Mehgaon Tola Tank', '08:00:00', 'Jabalpur', 465.12, 10.53, 465.12, 10.53, 100, '2025-08-14', TRUE, NULL, NULL, NULL, NULL, NULL, 'https://eims1.mpwrd.gov.in/fcmreport/control/main', '{"district": "Jabalpur", "frl_m": "465.12", "gate_count_open": "", "gate_discharge_cumec": "", "last_year_level_m": "", "last_year_live_capacity_mcm": "", "last_year_live_storage_percent": "", "live_capacity_at_frl_mcm": "10.53", "reservoir": "Mehgaon Tola Tank [10620]", "serial": "190.", "this_year_level_m": "465.12 *", "this_year_live_capacity_mcm": "10.53", "this_year_live_storage_percent": "100", "time": "08:00:00"}'::jsonb, now()) ON CONFLICT (source_registry, report_date, reservoir_code) DO UPDATE SET dam_id = EXCLUDED.dam_id, basin_office = EXCLUDED.basin_office, reservoir_name = EXCLUDED.reservoir_name, reading_time = EXCLUDED.reading_time, district = EXCLUDED.district, frl_m = EXCLUDED.frl_m, live_capacity_at_frl_mcm = EXCLUDED.live_capacity_at_frl_mcm, this_year_level_m = EXCLUDED.this_year_level_m, this_year_live_capacity_mcm = EXCLUDED.this_year_live_capacity_mcm, this_year_live_storage_percent = EXCLUDED.this_year_live_storage_percent, this_year_level_observed_date = EXCLUDED.this_year_level_observed_date, this_year_is_stale = EXCLUDED.this_year_is_stale, gate_count_open = EXCLUDED.gate_count_open, gate_discharge_cumec = EXCLUDED.gate_discharge_cumec, last_year_level_m = EXCLUDED.last_year_level_m, last_year_live_capacity_mcm = EXCLUDED.last_year_live_capacity_mcm, last_year_live_storage_percent = EXCLUDED.last_year_live_storage_percent, source_url = EXCLUDED.source_url, raw = EXCLUDED.raw, fetched_at = now();
INSERT INTO dams (dam_id, dam_name, state, district, river_basin, owner_agency, status, risk_class, safety_score, source_registry, source_record_id, source_publication_year, source_url, updated_at) VALUES ('MPWRD-31543', 'Mohgaon Tank', 'Madhya Pradesh', 'Chindwara', 'Chief Engineer Wainganga Basin, Seoni', 'Madhya Pradesh Water Resources Department', 'operational'::dam_status, 'high'::risk_class, 20.00, 'MPWRD', '31543', 2026, 'https://eims1.mpwrd.gov.in/fcmreport/control/main', now()) ON CONFLICT (dam_id) DO UPDATE SET dam_name = EXCLUDED.dam_name, state = EXCLUDED.state, district = EXCLUDED.district, river_basin = EXCLUDED.river_basin, owner_agency = EXCLUDED.owner_agency, status = EXCLUDED.status, risk_class = EXCLUDED.risk_class, safety_score = EXCLUDED.safety_score, source_registry = EXCLUDED.source_registry, source_record_id = EXCLUDED.source_record_id, source_publication_year = EXCLUDED.source_publication_year, source_url = EXCLUDED.source_url, updated_at = now();
INSERT INTO dam_reservoir (dam_id, reservoir_name, live_storage_mcm, current_storage_mcm, frl_m, updated_at) VALUES ('MPWRD-31543', 'Mohgaon Tank', 20.28, 4.11, 411.50, now()) ON CONFLICT (dam_id) DO UPDATE SET reservoir_name = EXCLUDED.reservoir_name, live_storage_mcm = EXCLUDED.live_storage_mcm, current_storage_mcm = EXCLUDED.current_storage_mcm, frl_m = EXCLUDED.frl_m, updated_at = now();
INSERT INTO dam_engineering (dam_id, instrumentation, updated_at) VALUES ('MPWRD-31543', '{"basin_office": "Chief Engineer Wainganga Basin, Seoni", "gate_count_open": null, "gate_discharge_cumec": null, "last_year_level_m": null, "last_year_live_capacity_mcm": null, "last_year_live_storage_percent": null, "mpwrd_reservoir_code": "31543", "reading_time": "08:00:00", "this_year_is_stale": true, "this_year_level_observed_date": "2025-09-24"}'::jsonb, now()) ON CONFLICT (dam_id) DO UPDATE SET instrumentation = EXCLUDED.instrumentation, updated_at = now();
INSERT INTO mpwrd_reservoir_levels (source_registry, report_date, reservoir_code, dam_id, basin_office, reservoir_name, reading_time, district, frl_m, live_capacity_at_frl_mcm, this_year_level_m, this_year_live_capacity_mcm, this_year_live_storage_percent, this_year_level_observed_date, this_year_is_stale, gate_count_open, gate_discharge_cumec, last_year_level_m, last_year_live_capacity_mcm, last_year_live_storage_percent, source_url, raw, fetched_at) VALUES ('MPWRD', '2026-05-25', '31543', 'MPWRD-31543', 'Chief Engineer Wainganga Basin, Seoni', 'Mohgaon Tank', '08:00:00', 'Chindwara', 411.50, 20.28, 404.50, 4.11, 20, '2025-09-24', TRUE, NULL, NULL, NULL, NULL, NULL, 'https://eims1.mpwrd.gov.in/fcmreport/control/main', '{"district": "Chindwara", "frl_m": "411.50", "gate_count_open": "", "gate_discharge_cumec": "", "last_year_level_m": "", "last_year_live_capacity_mcm": "", "last_year_live_storage_percent": "", "live_capacity_at_frl_mcm": "20.28", "reservoir": "Mohgaon Tank [31543]", "serial": "191.", "this_year_level_m": "404.50*", "this_year_live_capacity_mcm": "4.11", "this_year_live_storage_percent": "20", "time": "08:00:00"}'::jsonb, now()) ON CONFLICT (source_registry, report_date, reservoir_code) DO UPDATE SET dam_id = EXCLUDED.dam_id, basin_office = EXCLUDED.basin_office, reservoir_name = EXCLUDED.reservoir_name, reading_time = EXCLUDED.reading_time, district = EXCLUDED.district, frl_m = EXCLUDED.frl_m, live_capacity_at_frl_mcm = EXCLUDED.live_capacity_at_frl_mcm, this_year_level_m = EXCLUDED.this_year_level_m, this_year_live_capacity_mcm = EXCLUDED.this_year_live_capacity_mcm, this_year_live_storage_percent = EXCLUDED.this_year_live_storage_percent, this_year_level_observed_date = EXCLUDED.this_year_level_observed_date, this_year_is_stale = EXCLUDED.this_year_is_stale, gate_count_open = EXCLUDED.gate_count_open, gate_discharge_cumec = EXCLUDED.gate_discharge_cumec, last_year_level_m = EXCLUDED.last_year_level_m, last_year_live_capacity_mcm = EXCLUDED.last_year_live_capacity_mcm, last_year_live_storage_percent = EXCLUDED.last_year_live_storage_percent, source_url = EXCLUDED.source_url, raw = EXCLUDED.raw, fetched_at = now();
INSERT INTO dams (dam_id, dam_name, state, district, river_basin, owner_agency, status, risk_class, safety_score, source_registry, source_record_id, source_publication_year, source_url, updated_at) VALUES ('MPWRD-10485', 'Moorum Nalla Dam', 'Madhya Pradesh', 'Balaghat', 'Chief Engineer Wainganga Basin, Seoni', 'Madhya Pradesh Water Resources Department', 'operational'::dam_status, 'low'::risk_class, 100.00, 'MPWRD', '10485', 2026, 'https://eims1.mpwrd.gov.in/fcmreport/control/main', now()) ON CONFLICT (dam_id) DO UPDATE SET dam_name = EXCLUDED.dam_name, state = EXCLUDED.state, district = EXCLUDED.district, river_basin = EXCLUDED.river_basin, owner_agency = EXCLUDED.owner_agency, status = EXCLUDED.status, risk_class = EXCLUDED.risk_class, safety_score = EXCLUDED.safety_score, source_registry = EXCLUDED.source_registry, source_record_id = EXCLUDED.source_record_id, source_publication_year = EXCLUDED.source_publication_year, source_url = EXCLUDED.source_url, updated_at = now();
INSERT INTO dam_reservoir (dam_id, reservoir_name, live_storage_mcm, current_storage_mcm, frl_m, updated_at) VALUES ('MPWRD-10485', 'Moorum Nalla Dam', 5.50, 5.50, 376.73, now()) ON CONFLICT (dam_id) DO UPDATE SET reservoir_name = EXCLUDED.reservoir_name, live_storage_mcm = EXCLUDED.live_storage_mcm, current_storage_mcm = EXCLUDED.current_storage_mcm, frl_m = EXCLUDED.frl_m, updated_at = now();
INSERT INTO dam_engineering (dam_id, instrumentation, updated_at) VALUES ('MPWRD-10485', '{"basin_office": "Chief Engineer Wainganga Basin, Seoni", "gate_count_open": null, "gate_discharge_cumec": null, "last_year_level_m": null, "last_year_live_capacity_mcm": null, "last_year_live_storage_percent": null, "mpwrd_reservoir_code": "10485", "reading_time": "08:00:00", "this_year_is_stale": true, "this_year_level_observed_date": "2025-09-04"}'::jsonb, now()) ON CONFLICT (dam_id) DO UPDATE SET instrumentation = EXCLUDED.instrumentation, updated_at = now();
INSERT INTO mpwrd_reservoir_levels (source_registry, report_date, reservoir_code, dam_id, basin_office, reservoir_name, reading_time, district, frl_m, live_capacity_at_frl_mcm, this_year_level_m, this_year_live_capacity_mcm, this_year_live_storage_percent, this_year_level_observed_date, this_year_is_stale, gate_count_open, gate_discharge_cumec, last_year_level_m, last_year_live_capacity_mcm, last_year_live_storage_percent, source_url, raw, fetched_at) VALUES ('MPWRD', '2026-05-25', '10485', 'MPWRD-10485', 'Chief Engineer Wainganga Basin, Seoni', 'Moorum Nalla Dam', '08:00:00', 'Balaghat', 376.73, 5.50, 376.73, 5.50, 100, '2025-09-04', TRUE, NULL, NULL, NULL, NULL, NULL, 'https://eims1.mpwrd.gov.in/fcmreport/control/main', '{"district": "Balaghat", "frl_m": "376.73", "gate_count_open": "", "gate_discharge_cumec": "", "last_year_level_m": "", "last_year_live_capacity_mcm": "", "last_year_live_storage_percent": "", "live_capacity_at_frl_mcm": "5.50", "reservoir": "Moorum Nalla Dam [10485]", "serial": "192.", "this_year_level_m": "376.73 *", "this_year_live_capacity_mcm": "5.50", "this_year_live_storage_percent": "100", "time": "08:00:00"}'::jsonb, now()) ON CONFLICT (source_registry, report_date, reservoir_code) DO UPDATE SET dam_id = EXCLUDED.dam_id, basin_office = EXCLUDED.basin_office, reservoir_name = EXCLUDED.reservoir_name, reading_time = EXCLUDED.reading_time, district = EXCLUDED.district, frl_m = EXCLUDED.frl_m, live_capacity_at_frl_mcm = EXCLUDED.live_capacity_at_frl_mcm, this_year_level_m = EXCLUDED.this_year_level_m, this_year_live_capacity_mcm = EXCLUDED.this_year_live_capacity_mcm, this_year_live_storage_percent = EXCLUDED.this_year_live_storage_percent, this_year_level_observed_date = EXCLUDED.this_year_level_observed_date, this_year_is_stale = EXCLUDED.this_year_is_stale, gate_count_open = EXCLUDED.gate_count_open, gate_discharge_cumec = EXCLUDED.gate_discharge_cumec, last_year_level_m = EXCLUDED.last_year_level_m, last_year_live_capacity_mcm = EXCLUDED.last_year_live_capacity_mcm, last_year_live_storage_percent = EXCLUDED.last_year_live_storage_percent, source_url = EXCLUDED.source_url, raw = EXCLUDED.raw, fetched_at = now();
INSERT INTO dams (dam_id, dam_name, state, district, river_basin, owner_agency, status, risk_class, safety_score, source_registry, source_record_id, source_publication_year, source_url, updated_at) VALUES ('MPWRD-10484', 'Nahlesara Tank', 'Madhya Pradesh', 'Balaghat', 'Chief Engineer Wainganga Basin, Seoni', 'Madhya Pradesh Water Resources Department', 'operational'::dam_status, 'low'::risk_class, 100.00, 'MPWRD', '10484', 2026, 'https://eims1.mpwrd.gov.in/fcmreport/control/main', now()) ON CONFLICT (dam_id) DO UPDATE SET dam_name = EXCLUDED.dam_name, state = EXCLUDED.state, district = EXCLUDED.district, river_basin = EXCLUDED.river_basin, owner_agency = EXCLUDED.owner_agency, status = EXCLUDED.status, risk_class = EXCLUDED.risk_class, safety_score = EXCLUDED.safety_score, source_registry = EXCLUDED.source_registry, source_record_id = EXCLUDED.source_record_id, source_publication_year = EXCLUDED.source_publication_year, source_url = EXCLUDED.source_url, updated_at = now();
INSERT INTO dam_reservoir (dam_id, reservoir_name, live_storage_mcm, current_storage_mcm, frl_m, updated_at) VALUES ('MPWRD-10484', 'Nahlesara Tank', 14.52, 14.52, 78.33, now()) ON CONFLICT (dam_id) DO UPDATE SET reservoir_name = EXCLUDED.reservoir_name, live_storage_mcm = EXCLUDED.live_storage_mcm, current_storage_mcm = EXCLUDED.current_storage_mcm, frl_m = EXCLUDED.frl_m, updated_at = now();
INSERT INTO dam_engineering (dam_id, instrumentation, updated_at) VALUES ('MPWRD-10484', '{"basin_office": "Chief Engineer Wainganga Basin, Seoni", "gate_count_open": null, "gate_discharge_cumec": null, "last_year_level_m": null, "last_year_live_capacity_mcm": null, "last_year_live_storage_percent": null, "mpwrd_reservoir_code": "10484", "reading_time": "08:00:00", "this_year_is_stale": true, "this_year_level_observed_date": "2025-09-24"}'::jsonb, now()) ON CONFLICT (dam_id) DO UPDATE SET instrumentation = EXCLUDED.instrumentation, updated_at = now();
INSERT INTO mpwrd_reservoir_levels (source_registry, report_date, reservoir_code, dam_id, basin_office, reservoir_name, reading_time, district, frl_m, live_capacity_at_frl_mcm, this_year_level_m, this_year_live_capacity_mcm, this_year_live_storage_percent, this_year_level_observed_date, this_year_is_stale, gate_count_open, gate_discharge_cumec, last_year_level_m, last_year_live_capacity_mcm, last_year_live_storage_percent, source_url, raw, fetched_at) VALUES ('MPWRD', '2026-05-25', '10484', 'MPWRD-10484', 'Chief Engineer Wainganga Basin, Seoni', 'Nahlesara Tank', '08:00:00', 'Balaghat', 78.33, 14.52, 78.33, 14.52, 100, '2025-09-24', TRUE, NULL, NULL, NULL, NULL, NULL, 'https://eims1.mpwrd.gov.in/fcmreport/control/main', '{"district": "Balaghat", "frl_m": "78.33", "gate_count_open": "", "gate_discharge_cumec": "", "last_year_level_m": "", "last_year_live_capacity_mcm": "", "last_year_live_storage_percent": "", "live_capacity_at_frl_mcm": "14.52", "reservoir": "Nahlesara Tank [10484]", "serial": "193.", "this_year_level_m": "78.33 *", "this_year_live_capacity_mcm": "14.52", "this_year_live_storage_percent": "100", "time": "08:00:00"}'::jsonb, now()) ON CONFLICT (source_registry, report_date, reservoir_code) DO UPDATE SET dam_id = EXCLUDED.dam_id, basin_office = EXCLUDED.basin_office, reservoir_name = EXCLUDED.reservoir_name, reading_time = EXCLUDED.reading_time, district = EXCLUDED.district, frl_m = EXCLUDED.frl_m, live_capacity_at_frl_mcm = EXCLUDED.live_capacity_at_frl_mcm, this_year_level_m = EXCLUDED.this_year_level_m, this_year_live_capacity_mcm = EXCLUDED.this_year_live_capacity_mcm, this_year_live_storage_percent = EXCLUDED.this_year_live_storage_percent, this_year_level_observed_date = EXCLUDED.this_year_level_observed_date, this_year_is_stale = EXCLUDED.this_year_is_stale, gate_count_open = EXCLUDED.gate_count_open, gate_discharge_cumec = EXCLUDED.gate_discharge_cumec, last_year_level_m = EXCLUDED.last_year_level_m, last_year_live_capacity_mcm = EXCLUDED.last_year_live_capacity_mcm, last_year_live_storage_percent = EXCLUDED.last_year_live_storage_percent, source_url = EXCLUDED.source_url, raw = EXCLUDED.raw, fetched_at = now();
INSERT INTO dams (dam_id, dam_name, state, district, river_basin, owner_agency, status, risk_class, safety_score, source_registry, source_record_id, source_publication_year, source_url, updated_at) VALUES ('MPWRD-20761', 'Pench Diversion', 'Madhya Pradesh', 'Chindwara', 'Chief Engineer Wainganga Basin, Seoni', 'Madhya Pradesh Water Resources Department', 'operational'::dam_status, 'low'::risk_class, 97.00, 'MPWRD', '20761', 2026, 'https://eims1.mpwrd.gov.in/fcmreport/control/main', now()) ON CONFLICT (dam_id) DO UPDATE SET dam_name = EXCLUDED.dam_name, state = EXCLUDED.state, district = EXCLUDED.district, river_basin = EXCLUDED.river_basin, owner_agency = EXCLUDED.owner_agency, status = EXCLUDED.status, risk_class = EXCLUDED.risk_class, safety_score = EXCLUDED.safety_score, source_registry = EXCLUDED.source_registry, source_record_id = EXCLUDED.source_record_id, source_publication_year = EXCLUDED.source_publication_year, source_url = EXCLUDED.source_url, updated_at = now();
INSERT INTO dam_reservoir (dam_id, reservoir_name, live_storage_mcm, current_storage_mcm, frl_m, updated_at) VALUES ('MPWRD-20761', 'Pench Diversion', 421.20, 410.87, 625.75, now()) ON CONFLICT (dam_id) DO UPDATE SET reservoir_name = EXCLUDED.reservoir_name, live_storage_mcm = EXCLUDED.live_storage_mcm, current_storage_mcm = EXCLUDED.current_storage_mcm, frl_m = EXCLUDED.frl_m, updated_at = now();
INSERT INTO dam_engineering (dam_id, instrumentation, updated_at) VALUES ('MPWRD-20761', '{"basin_office": "Chief Engineer Wainganga Basin, Seoni", "gate_count_open": null, "gate_discharge_cumec": null, "last_year_level_m": null, "last_year_live_capacity_mcm": null, "last_year_live_storage_percent": null, "mpwrd_reservoir_code": "20761", "reading_time": "08:00:00", "this_year_is_stale": true, "this_year_level_observed_date": "2025-09-25"}'::jsonb, now()) ON CONFLICT (dam_id) DO UPDATE SET instrumentation = EXCLUDED.instrumentation, updated_at = now();
INSERT INTO mpwrd_reservoir_levels (source_registry, report_date, reservoir_code, dam_id, basin_office, reservoir_name, reading_time, district, frl_m, live_capacity_at_frl_mcm, this_year_level_m, this_year_live_capacity_mcm, this_year_live_storage_percent, this_year_level_observed_date, this_year_is_stale, gate_count_open, gate_discharge_cumec, last_year_level_m, last_year_live_capacity_mcm, last_year_live_storage_percent, source_url, raw, fetched_at) VALUES ('MPWRD', '2026-05-25', '20761', 'MPWRD-20761', 'Chief Engineer Wainganga Basin, Seoni', 'Pench Diversion', '08:00:00', 'Chindwara', 625.75, 421.20, 625.51, 410.87, 97, '2025-09-25', TRUE, NULL, NULL, NULL, NULL, NULL, 'https://eims1.mpwrd.gov.in/fcmreport/control/main', '{"district": "Chindwara", "frl_m": "625.75", "gate_count_open": "", "gate_discharge_cumec": "", "last_year_level_m": "", "last_year_live_capacity_mcm": "", "last_year_live_storage_percent": "", "live_capacity_at_frl_mcm": "421.20", "reservoir": "Pench Diversion [20761]", "serial": "194.", "this_year_level_m": "625.51*", "this_year_live_capacity_mcm": "410.87", "this_year_live_storage_percent": "97", "time": "08:00:00"}'::jsonb, now()) ON CONFLICT (source_registry, report_date, reservoir_code) DO UPDATE SET dam_id = EXCLUDED.dam_id, basin_office = EXCLUDED.basin_office, reservoir_name = EXCLUDED.reservoir_name, reading_time = EXCLUDED.reading_time, district = EXCLUDED.district, frl_m = EXCLUDED.frl_m, live_capacity_at_frl_mcm = EXCLUDED.live_capacity_at_frl_mcm, this_year_level_m = EXCLUDED.this_year_level_m, this_year_live_capacity_mcm = EXCLUDED.this_year_live_capacity_mcm, this_year_live_storage_percent = EXCLUDED.this_year_live_storage_percent, this_year_level_observed_date = EXCLUDED.this_year_level_observed_date, this_year_is_stale = EXCLUDED.this_year_is_stale, gate_count_open = EXCLUDED.gate_count_open, gate_discharge_cumec = EXCLUDED.gate_discharge_cumec, last_year_level_m = EXCLUDED.last_year_level_m, last_year_live_capacity_mcm = EXCLUDED.last_year_live_capacity_mcm, last_year_live_storage_percent = EXCLUDED.last_year_live_storage_percent, source_url = EXCLUDED.source_url, raw = EXCLUDED.raw, fetched_at = now();
INSERT INTO dams (dam_id, dam_name, state, district, river_basin, owner_agency, status, risk_class, safety_score, source_registry, source_record_id, source_publication_year, source_url, updated_at) VALUES ('MPWRD-10502', 'Ramgarhi PUW', 'Madhya Pradesh', 'Balaghat', 'Chief Engineer Wainganga Basin, Seoni', 'Madhya Pradesh Water Resources Department', 'operational'::dam_status, 'low'::risk_class, 100.00, 'MPWRD', '10502', 2026, 'https://eims1.mpwrd.gov.in/fcmreport/control/main', now()) ON CONFLICT (dam_id) DO UPDATE SET dam_name = EXCLUDED.dam_name, state = EXCLUDED.state, district = EXCLUDED.district, river_basin = EXCLUDED.river_basin, owner_agency = EXCLUDED.owner_agency, status = EXCLUDED.status, risk_class = EXCLUDED.risk_class, safety_score = EXCLUDED.safety_score, source_registry = EXCLUDED.source_registry, source_record_id = EXCLUDED.source_record_id, source_publication_year = EXCLUDED.source_publication_year, source_url = EXCLUDED.source_url, updated_at = now();
INSERT INTO dam_reservoir (dam_id, reservoir_name, live_storage_mcm, current_storage_mcm, frl_m, updated_at) VALUES ('MPWRD-10502', 'Ramgarhi PUW', 0.30, 0.32, 566.93, now()) ON CONFLICT (dam_id) DO UPDATE SET reservoir_name = EXCLUDED.reservoir_name, live_storage_mcm = EXCLUDED.live_storage_mcm, current_storage_mcm = EXCLUDED.current_storage_mcm, frl_m = EXCLUDED.frl_m, updated_at = now();
INSERT INTO dam_engineering (dam_id, instrumentation, updated_at) VALUES ('MPWRD-10502', '{"basin_office": "Chief Engineer Wainganga Basin, Seoni", "gate_count_open": null, "gate_discharge_cumec": null, "last_year_level_m": null, "last_year_live_capacity_mcm": null, "last_year_live_storage_percent": null, "mpwrd_reservoir_code": "10502", "reading_time": "08:00:00", "this_year_is_stale": true, "this_year_level_observed_date": "2025-07-29"}'::jsonb, now()) ON CONFLICT (dam_id) DO UPDATE SET instrumentation = EXCLUDED.instrumentation, updated_at = now();
INSERT INTO mpwrd_reservoir_levels (source_registry, report_date, reservoir_code, dam_id, basin_office, reservoir_name, reading_time, district, frl_m, live_capacity_at_frl_mcm, this_year_level_m, this_year_live_capacity_mcm, this_year_live_storage_percent, this_year_level_observed_date, this_year_is_stale, gate_count_open, gate_discharge_cumec, last_year_level_m, last_year_live_capacity_mcm, last_year_live_storage_percent, source_url, raw, fetched_at) VALUES ('MPWRD', '2026-05-25', '10502', 'MPWRD-10502', 'Chief Engineer Wainganga Basin, Seoni', 'Ramgarhi PUW', '08:00:00', 'Balaghat', 566.93, 0.30, 567.91, 0.32, 100, '2025-07-29', TRUE, NULL, NULL, NULL, NULL, NULL, 'https://eims1.mpwrd.gov.in/fcmreport/control/main', '{"district": "Balaghat", "frl_m": "566.93", "gate_count_open": "", "gate_discharge_cumec": "", "last_year_level_m": "", "last_year_live_capacity_mcm": "", "last_year_live_storage_percent": "", "live_capacity_at_frl_mcm": "0.30", "reservoir": "Ramgarhi PUW [10502]", "serial": "195.", "this_year_level_m": "567.91 *", "this_year_live_capacity_mcm": "0.32", "this_year_live_storage_percent": "100", "time": "08:00:00"}'::jsonb, now()) ON CONFLICT (source_registry, report_date, reservoir_code) DO UPDATE SET dam_id = EXCLUDED.dam_id, basin_office = EXCLUDED.basin_office, reservoir_name = EXCLUDED.reservoir_name, reading_time = EXCLUDED.reading_time, district = EXCLUDED.district, frl_m = EXCLUDED.frl_m, live_capacity_at_frl_mcm = EXCLUDED.live_capacity_at_frl_mcm, this_year_level_m = EXCLUDED.this_year_level_m, this_year_live_capacity_mcm = EXCLUDED.this_year_live_capacity_mcm, this_year_live_storage_percent = EXCLUDED.this_year_live_storage_percent, this_year_level_observed_date = EXCLUDED.this_year_level_observed_date, this_year_is_stale = EXCLUDED.this_year_is_stale, gate_count_open = EXCLUDED.gate_count_open, gate_discharge_cumec = EXCLUDED.gate_discharge_cumec, last_year_level_m = EXCLUDED.last_year_level_m, last_year_live_capacity_mcm = EXCLUDED.last_year_live_capacity_mcm, last_year_live_storage_percent = EXCLUDED.last_year_live_storage_percent, source_url = EXCLUDED.source_url, raw = EXCLUDED.raw, fetched_at = now();
INSERT INTO dams (dam_id, dam_name, state, district, river_basin, owner_agency, status, risk_class, safety_score, source_registry, source_record_id, source_publication_year, source_url, updated_at) VALUES ('MPWRD-28004', 'Richhai Tank', 'Madhya Pradesh', 'Narsingpur', 'Chief Engineer Wainganga Basin, Seoni', 'Madhya Pradesh Water Resources Department', 'operational'::dam_status, 'low'::risk_class, 100.00, 'MPWRD', '28004', 2026, 'https://eims1.mpwrd.gov.in/fcmreport/control/main', now()) ON CONFLICT (dam_id) DO UPDATE SET dam_name = EXCLUDED.dam_name, state = EXCLUDED.state, district = EXCLUDED.district, river_basin = EXCLUDED.river_basin, owner_agency = EXCLUDED.owner_agency, status = EXCLUDED.status, risk_class = EXCLUDED.risk_class, safety_score = EXCLUDED.safety_score, source_registry = EXCLUDED.source_registry, source_record_id = EXCLUDED.source_record_id, source_publication_year = EXCLUDED.source_publication_year, source_url = EXCLUDED.source_url, updated_at = now();
INSERT INTO dam_reservoir (dam_id, reservoir_name, live_storage_mcm, current_storage_mcm, frl_m, updated_at) VALUES ('MPWRD-28004', 'Richhai Tank', 2.84, 2.84, 379.76, now()) ON CONFLICT (dam_id) DO UPDATE SET reservoir_name = EXCLUDED.reservoir_name, live_storage_mcm = EXCLUDED.live_storage_mcm, current_storage_mcm = EXCLUDED.current_storage_mcm, frl_m = EXCLUDED.frl_m, updated_at = now();
INSERT INTO dam_engineering (dam_id, instrumentation, updated_at) VALUES ('MPWRD-28004', '{"basin_office": "Chief Engineer Wainganga Basin, Seoni", "gate_count_open": null, "gate_discharge_cumec": null, "last_year_level_m": null, "last_year_live_capacity_mcm": null, "last_year_live_storage_percent": null, "mpwrd_reservoir_code": "28004", "reading_time": "08:00:00", "this_year_is_stale": true, "this_year_level_observed_date": "2025-09-24"}'::jsonb, now()) ON CONFLICT (dam_id) DO UPDATE SET instrumentation = EXCLUDED.instrumentation, updated_at = now();
INSERT INTO mpwrd_reservoir_levels (source_registry, report_date, reservoir_code, dam_id, basin_office, reservoir_name, reading_time, district, frl_m, live_capacity_at_frl_mcm, this_year_level_m, this_year_live_capacity_mcm, this_year_live_storage_percent, this_year_level_observed_date, this_year_is_stale, gate_count_open, gate_discharge_cumec, last_year_level_m, last_year_live_capacity_mcm, last_year_live_storage_percent, source_url, raw, fetched_at) VALUES ('MPWRD', '2026-05-25', '28004', 'MPWRD-28004', 'Chief Engineer Wainganga Basin, Seoni', 'Richhai Tank', '08:00:00', 'Narsingpur', 379.76, 2.84, 379.76, 2.84, 100, '2025-09-24', TRUE, NULL, NULL, NULL, NULL, NULL, 'https://eims1.mpwrd.gov.in/fcmreport/control/main', '{"district": "Narsingpur", "frl_m": "379.76", "gate_count_open": "", "gate_discharge_cumec": "", "last_year_level_m": "", "last_year_live_capacity_mcm": "", "last_year_live_storage_percent": "", "live_capacity_at_frl_mcm": "2.84", "reservoir": "Richhai Tank [28004]", "serial": "196.", "this_year_level_m": "379.76 *", "this_year_live_capacity_mcm": "2.84", "this_year_live_storage_percent": "100", "time": "08:00:00"}'::jsonb, now()) ON CONFLICT (source_registry, report_date, reservoir_code) DO UPDATE SET dam_id = EXCLUDED.dam_id, basin_office = EXCLUDED.basin_office, reservoir_name = EXCLUDED.reservoir_name, reading_time = EXCLUDED.reading_time, district = EXCLUDED.district, frl_m = EXCLUDED.frl_m, live_capacity_at_frl_mcm = EXCLUDED.live_capacity_at_frl_mcm, this_year_level_m = EXCLUDED.this_year_level_m, this_year_live_capacity_mcm = EXCLUDED.this_year_live_capacity_mcm, this_year_live_storage_percent = EXCLUDED.this_year_live_storage_percent, this_year_level_observed_date = EXCLUDED.this_year_level_observed_date, this_year_is_stale = EXCLUDED.this_year_is_stale, gate_count_open = EXCLUDED.gate_count_open, gate_discharge_cumec = EXCLUDED.gate_discharge_cumec, last_year_level_m = EXCLUDED.last_year_level_m, last_year_live_capacity_mcm = EXCLUDED.last_year_live_capacity_mcm, last_year_live_storage_percent = EXCLUDED.last_year_live_storage_percent, source_url = EXCLUDED.source_url, raw = EXCLUDED.raw, fetched_at = now();
INSERT INTO dams (dam_id, dam_name, state, district, river_basin, owner_agency, status, risk_class, safety_score, source_registry, source_record_id, source_publication_year, source_url, updated_at) VALUES ('MPWRD-10520', 'Roomal Dam', 'Madhya Pradesh', 'Seoni', 'Chief Engineer Wainganga Basin, Seoni', 'Madhya Pradesh Water Resources Department', 'operational'::dam_status, 'low'::risk_class, 81.00, 'MPWRD', '10520', 2026, 'https://eims1.mpwrd.gov.in/fcmreport/control/main', now()) ON CONFLICT (dam_id) DO UPDATE SET dam_name = EXCLUDED.dam_name, state = EXCLUDED.state, district = EXCLUDED.district, river_basin = EXCLUDED.river_basin, owner_agency = EXCLUDED.owner_agency, status = EXCLUDED.status, risk_class = EXCLUDED.risk_class, safety_score = EXCLUDED.safety_score, source_registry = EXCLUDED.source_registry, source_record_id = EXCLUDED.source_record_id, source_publication_year = EXCLUDED.source_publication_year, source_url = EXCLUDED.source_url, updated_at = now();
INSERT INTO dam_reservoir (dam_id, reservoir_name, live_storage_mcm, current_storage_mcm, frl_m, updated_at) VALUES ('MPWRD-10520', 'Roomal Dam', 6.40, 5.24, 371.96, now()) ON CONFLICT (dam_id) DO UPDATE SET reservoir_name = EXCLUDED.reservoir_name, live_storage_mcm = EXCLUDED.live_storage_mcm, current_storage_mcm = EXCLUDED.current_storage_mcm, frl_m = EXCLUDED.frl_m, updated_at = now();
INSERT INTO dam_engineering (dam_id, instrumentation, updated_at) VALUES ('MPWRD-10520', '{"basin_office": "Chief Engineer Wainganga Basin, Seoni", "gate_count_open": null, "gate_discharge_cumec": null, "last_year_level_m": null, "last_year_live_capacity_mcm": null, "last_year_live_storage_percent": null, "mpwrd_reservoir_code": "10520", "reading_time": "08:00:00", "this_year_is_stale": true, "this_year_level_observed_date": "2025-09-24"}'::jsonb, now()) ON CONFLICT (dam_id) DO UPDATE SET instrumentation = EXCLUDED.instrumentation, updated_at = now();
INSERT INTO mpwrd_reservoir_levels (source_registry, report_date, reservoir_code, dam_id, basin_office, reservoir_name, reading_time, district, frl_m, live_capacity_at_frl_mcm, this_year_level_m, this_year_live_capacity_mcm, this_year_live_storage_percent, this_year_level_observed_date, this_year_is_stale, gate_count_open, gate_discharge_cumec, last_year_level_m, last_year_live_capacity_mcm, last_year_live_storage_percent, source_url, raw, fetched_at) VALUES ('MPWRD', '2026-05-25', '10520', 'MPWRD-10520', 'Chief Engineer Wainganga Basin, Seoni', 'Roomal Dam', '08:00:00', 'Seoni', 371.96, 6.40, 371.00, 5.24, 81, '2025-09-24', TRUE, NULL, NULL, NULL, NULL, NULL, 'https://eims1.mpwrd.gov.in/fcmreport/control/main', '{"district": "Seoni", "frl_m": "371.96", "gate_count_open": "", "gate_discharge_cumec": "", "last_year_level_m": "", "last_year_live_capacity_mcm": "", "last_year_live_storage_percent": "", "live_capacity_at_frl_mcm": "6.40", "reservoir": "Roomal Dam [10520]", "serial": "197.", "this_year_level_m": "371.00*", "this_year_live_capacity_mcm": "5.24", "this_year_live_storage_percent": "81", "time": "08:00:00"}'::jsonb, now()) ON CONFLICT (source_registry, report_date, reservoir_code) DO UPDATE SET dam_id = EXCLUDED.dam_id, basin_office = EXCLUDED.basin_office, reservoir_name = EXCLUDED.reservoir_name, reading_time = EXCLUDED.reading_time, district = EXCLUDED.district, frl_m = EXCLUDED.frl_m, live_capacity_at_frl_mcm = EXCLUDED.live_capacity_at_frl_mcm, this_year_level_m = EXCLUDED.this_year_level_m, this_year_live_capacity_mcm = EXCLUDED.this_year_live_capacity_mcm, this_year_live_storage_percent = EXCLUDED.this_year_live_storage_percent, this_year_level_observed_date = EXCLUDED.this_year_level_observed_date, this_year_is_stale = EXCLUDED.this_year_is_stale, gate_count_open = EXCLUDED.gate_count_open, gate_discharge_cumec = EXCLUDED.gate_discharge_cumec, last_year_level_m = EXCLUDED.last_year_level_m, last_year_live_capacity_mcm = EXCLUDED.last_year_live_capacity_mcm, last_year_live_storage_percent = EXCLUDED.last_year_live_storage_percent, source_url = EXCLUDED.source_url, raw = EXCLUDED.raw, fetched_at = now();
INSERT INTO dams (dam_id, dam_name, state, district, river_basin, owner_agency, status, risk_class, safety_score, source_registry, source_record_id, source_publication_year, source_url, updated_at) VALUES ('MPWRD-10519', 'Sagar Nadi Tank', 'Madhya Pradesh', 'Seoni', 'Chief Engineer Wainganga Basin, Seoni', 'Madhya Pradesh Water Resources Department', 'operational'::dam_status, 'low'::risk_class, 96.00, 'MPWRD', '10519', 2026, 'https://eims1.mpwrd.gov.in/fcmreport/control/main', now()) ON CONFLICT (dam_id) DO UPDATE SET dam_name = EXCLUDED.dam_name, state = EXCLUDED.state, district = EXCLUDED.district, river_basin = EXCLUDED.river_basin, owner_agency = EXCLUDED.owner_agency, status = EXCLUDED.status, risk_class = EXCLUDED.risk_class, safety_score = EXCLUDED.safety_score, source_registry = EXCLUDED.source_registry, source_record_id = EXCLUDED.source_record_id, source_publication_year = EXCLUDED.source_publication_year, source_url = EXCLUDED.source_url, updated_at = now();
INSERT INTO dam_reservoir (dam_id, reservoir_name, live_storage_mcm, current_storage_mcm, frl_m, updated_at) VALUES ('MPWRD-10519', 'Sagar Nadi Tank', 5.10, 4.92, 552.14, now()) ON CONFLICT (dam_id) DO UPDATE SET reservoir_name = EXCLUDED.reservoir_name, live_storage_mcm = EXCLUDED.live_storage_mcm, current_storage_mcm = EXCLUDED.current_storage_mcm, frl_m = EXCLUDED.frl_m, updated_at = now();
INSERT INTO dam_engineering (dam_id, instrumentation, updated_at) VALUES ('MPWRD-10519', '{"basin_office": "Chief Engineer Wainganga Basin, Seoni", "gate_count_open": null, "gate_discharge_cumec": null, "last_year_level_m": null, "last_year_live_capacity_mcm": null, "last_year_live_storage_percent": null, "mpwrd_reservoir_code": "10519", "reading_time": "08:00:00", "this_year_is_stale": true, "this_year_level_observed_date": "2025-09-24"}'::jsonb, now()) ON CONFLICT (dam_id) DO UPDATE SET instrumentation = EXCLUDED.instrumentation, updated_at = now();
INSERT INTO mpwrd_reservoir_levels (source_registry, report_date, reservoir_code, dam_id, basin_office, reservoir_name, reading_time, district, frl_m, live_capacity_at_frl_mcm, this_year_level_m, this_year_live_capacity_mcm, this_year_live_storage_percent, this_year_level_observed_date, this_year_is_stale, gate_count_open, gate_discharge_cumec, last_year_level_m, last_year_live_capacity_mcm, last_year_live_storage_percent, source_url, raw, fetched_at) VALUES ('MPWRD', '2026-05-25', '10519', 'MPWRD-10519', 'Chief Engineer Wainganga Basin, Seoni', 'Sagar Nadi Tank', '08:00:00', 'Seoni', 552.14, 5.10, 551.99, 4.92, 96, '2025-09-24', TRUE, NULL, NULL, NULL, NULL, NULL, 'https://eims1.mpwrd.gov.in/fcmreport/control/main', '{"district": "Seoni", "frl_m": "552.14", "gate_count_open": "", "gate_discharge_cumec": "", "last_year_level_m": "", "last_year_live_capacity_mcm": "", "last_year_live_storage_percent": "", "live_capacity_at_frl_mcm": "5.10", "reservoir": "Sagar Nadi Tank [10519]", "serial": "198.", "this_year_level_m": "551.99*", "this_year_live_capacity_mcm": "4.92", "this_year_live_storage_percent": "96", "time": "08:00:00"}'::jsonb, now()) ON CONFLICT (source_registry, report_date, reservoir_code) DO UPDATE SET dam_id = EXCLUDED.dam_id, basin_office = EXCLUDED.basin_office, reservoir_name = EXCLUDED.reservoir_name, reading_time = EXCLUDED.reading_time, district = EXCLUDED.district, frl_m = EXCLUDED.frl_m, live_capacity_at_frl_mcm = EXCLUDED.live_capacity_at_frl_mcm, this_year_level_m = EXCLUDED.this_year_level_m, this_year_live_capacity_mcm = EXCLUDED.this_year_live_capacity_mcm, this_year_live_storage_percent = EXCLUDED.this_year_live_storage_percent, this_year_level_observed_date = EXCLUDED.this_year_level_observed_date, this_year_is_stale = EXCLUDED.this_year_is_stale, gate_count_open = EXCLUDED.gate_count_open, gate_discharge_cumec = EXCLUDED.gate_discharge_cumec, last_year_level_m = EXCLUDED.last_year_level_m, last_year_live_capacity_mcm = EXCLUDED.last_year_live_capacity_mcm, last_year_live_storage_percent = EXCLUDED.last_year_live_storage_percent, source_url = EXCLUDED.source_url, raw = EXCLUDED.raw, fetched_at = now();
INSERT INTO dams (dam_id, dam_name, state, district, river_basin, owner_agency, status, risk_class, safety_score, source_registry, source_record_id, source_publication_year, source_url, updated_at) VALUES ('MPWRD-23398', 'Sagona Tank', 'Madhya Pradesh', 'Katni', 'Chief Engineer Wainganga Basin, Seoni', 'Madhya Pradesh Water Resources Department', 'operational'::dam_status, 'low'::risk_class, 100.00, 'MPWRD', '23398', 2026, 'https://eims1.mpwrd.gov.in/fcmreport/control/main', now()) ON CONFLICT (dam_id) DO UPDATE SET dam_name = EXCLUDED.dam_name, state = EXCLUDED.state, district = EXCLUDED.district, river_basin = EXCLUDED.river_basin, owner_agency = EXCLUDED.owner_agency, status = EXCLUDED.status, risk_class = EXCLUDED.risk_class, safety_score = EXCLUDED.safety_score, source_registry = EXCLUDED.source_registry, source_record_id = EXCLUDED.source_record_id, source_publication_year = EXCLUDED.source_publication_year, source_url = EXCLUDED.source_url, updated_at = now();
INSERT INTO dam_reservoir (dam_id, reservoir_name, live_storage_mcm, current_storage_mcm, frl_m, updated_at) VALUES ('MPWRD-23398', 'Sagona Tank', 7.98, 7.98, 454.20, now()) ON CONFLICT (dam_id) DO UPDATE SET reservoir_name = EXCLUDED.reservoir_name, live_storage_mcm = EXCLUDED.live_storage_mcm, current_storage_mcm = EXCLUDED.current_storage_mcm, frl_m = EXCLUDED.frl_m, updated_at = now();
INSERT INTO dam_engineering (dam_id, instrumentation, updated_at) VALUES ('MPWRD-23398', '{"basin_office": "Chief Engineer Wainganga Basin, Seoni", "gate_count_open": null, "gate_discharge_cumec": null, "last_year_level_m": null, "last_year_live_capacity_mcm": null, "last_year_live_storage_percent": null, "mpwrd_reservoir_code": "23398", "reading_time": "08:00:00", "this_year_is_stale": true, "this_year_level_observed_date": "2025-09-15"}'::jsonb, now()) ON CONFLICT (dam_id) DO UPDATE SET instrumentation = EXCLUDED.instrumentation, updated_at = now();
INSERT INTO mpwrd_reservoir_levels (source_registry, report_date, reservoir_code, dam_id, basin_office, reservoir_name, reading_time, district, frl_m, live_capacity_at_frl_mcm, this_year_level_m, this_year_live_capacity_mcm, this_year_live_storage_percent, this_year_level_observed_date, this_year_is_stale, gate_count_open, gate_discharge_cumec, last_year_level_m, last_year_live_capacity_mcm, last_year_live_storage_percent, source_url, raw, fetched_at) VALUES ('MPWRD', '2026-05-25', '23398', 'MPWRD-23398', 'Chief Engineer Wainganga Basin, Seoni', 'Sagona Tank', '08:00:00', 'Katni', 454.20, 7.98, 454.20, 7.98, 100, '2025-09-15', TRUE, NULL, NULL, NULL, NULL, NULL, 'https://eims1.mpwrd.gov.in/fcmreport/control/main', '{"district": "Katni", "frl_m": "454.20", "gate_count_open": "", "gate_discharge_cumec": "", "last_year_level_m": "", "last_year_live_capacity_mcm": "", "last_year_live_storage_percent": "", "live_capacity_at_frl_mcm": "7.98", "reservoir": "Sagona Tank [23398]", "serial": "199.", "this_year_level_m": "454.20 *", "this_year_live_capacity_mcm": "7.98", "this_year_live_storage_percent": "100", "time": "08:00:00"}'::jsonb, now()) ON CONFLICT (source_registry, report_date, reservoir_code) DO UPDATE SET dam_id = EXCLUDED.dam_id, basin_office = EXCLUDED.basin_office, reservoir_name = EXCLUDED.reservoir_name, reading_time = EXCLUDED.reading_time, district = EXCLUDED.district, frl_m = EXCLUDED.frl_m, live_capacity_at_frl_mcm = EXCLUDED.live_capacity_at_frl_mcm, this_year_level_m = EXCLUDED.this_year_level_m, this_year_live_capacity_mcm = EXCLUDED.this_year_live_capacity_mcm, this_year_live_storage_percent = EXCLUDED.this_year_live_storage_percent, this_year_level_observed_date = EXCLUDED.this_year_level_observed_date, this_year_is_stale = EXCLUDED.this_year_is_stale, gate_count_open = EXCLUDED.gate_count_open, gate_discharge_cumec = EXCLUDED.gate_discharge_cumec, last_year_level_m = EXCLUDED.last_year_level_m, last_year_live_capacity_mcm = EXCLUDED.last_year_live_capacity_mcm, last_year_live_storage_percent = EXCLUDED.last_year_live_storage_percent, source_url = EXCLUDED.source_url, raw = EXCLUDED.raw, fetched_at = now();
INSERT INTO dams (dam_id, dam_name, state, district, river_basin, owner_agency, status, risk_class, safety_score, source_registry, source_record_id, source_publication_year, source_url, updated_at) VALUES ('MPWRD-40271', 'Sarasdoli Tank', 'Madhya Pradesh', 'Dindori', 'Chief Engineer Wainganga Basin, Seoni', 'Madhya Pradesh Water Resources Department', 'operational'::dam_status, 'low'::risk_class, 100.00, 'MPWRD', '40271', 2026, 'https://eims1.mpwrd.gov.in/fcmreport/control/main', now()) ON CONFLICT (dam_id) DO UPDATE SET dam_name = EXCLUDED.dam_name, state = EXCLUDED.state, district = EXCLUDED.district, river_basin = EXCLUDED.river_basin, owner_agency = EXCLUDED.owner_agency, status = EXCLUDED.status, risk_class = EXCLUDED.risk_class, safety_score = EXCLUDED.safety_score, source_registry = EXCLUDED.source_registry, source_record_id = EXCLUDED.source_record_id, source_publication_year = EXCLUDED.source_publication_year, source_url = EXCLUDED.source_url, updated_at = now();
INSERT INTO dam_reservoir (dam_id, reservoir_name, live_storage_mcm, current_storage_mcm, frl_m, updated_at) VALUES ('MPWRD-40271', 'Sarasdoli Tank', 8.43, 8.43, 600.80, now()) ON CONFLICT (dam_id) DO UPDATE SET reservoir_name = EXCLUDED.reservoir_name, live_storage_mcm = EXCLUDED.live_storage_mcm, current_storage_mcm = EXCLUDED.current_storage_mcm, frl_m = EXCLUDED.frl_m, updated_at = now();
INSERT INTO dam_engineering (dam_id, instrumentation, updated_at) VALUES ('MPWRD-40271', '{"basin_office": "Chief Engineer Wainganga Basin, Seoni", "gate_count_open": null, "gate_discharge_cumec": null, "last_year_level_m": null, "last_year_live_capacity_mcm": null, "last_year_live_storage_percent": null, "mpwrd_reservoir_code": "40271", "reading_time": "08:00:00", "this_year_is_stale": true, "this_year_level_observed_date": "2025-08-29"}'::jsonb, now()) ON CONFLICT (dam_id) DO UPDATE SET instrumentation = EXCLUDED.instrumentation, updated_at = now();
INSERT INTO mpwrd_reservoir_levels (source_registry, report_date, reservoir_code, dam_id, basin_office, reservoir_name, reading_time, district, frl_m, live_capacity_at_frl_mcm, this_year_level_m, this_year_live_capacity_mcm, this_year_live_storage_percent, this_year_level_observed_date, this_year_is_stale, gate_count_open, gate_discharge_cumec, last_year_level_m, last_year_live_capacity_mcm, last_year_live_storage_percent, source_url, raw, fetched_at) VALUES ('MPWRD', '2026-05-25', '40271', 'MPWRD-40271', 'Chief Engineer Wainganga Basin, Seoni', 'Sarasdoli Tank', '08:00:00', 'Dindori', 600.80, 8.43, 600.80, 8.43, 100, '2025-08-29', TRUE, NULL, NULL, NULL, NULL, NULL, 'https://eims1.mpwrd.gov.in/fcmreport/control/main', '{"district": "Dindori", "frl_m": "600.80", "gate_count_open": "", "gate_discharge_cumec": "", "last_year_level_m": "", "last_year_live_capacity_mcm": "", "last_year_live_storage_percent": "", "live_capacity_at_frl_mcm": "8.43", "reservoir": "Sarasdoli Tank [40271]", "serial": "200.", "this_year_level_m": "600.80 *", "this_year_live_capacity_mcm": "8.43", "this_year_live_storage_percent": "100", "time": "08:00:00"}'::jsonb, now()) ON CONFLICT (source_registry, report_date, reservoir_code) DO UPDATE SET dam_id = EXCLUDED.dam_id, basin_office = EXCLUDED.basin_office, reservoir_name = EXCLUDED.reservoir_name, reading_time = EXCLUDED.reading_time, district = EXCLUDED.district, frl_m = EXCLUDED.frl_m, live_capacity_at_frl_mcm = EXCLUDED.live_capacity_at_frl_mcm, this_year_level_m = EXCLUDED.this_year_level_m, this_year_live_capacity_mcm = EXCLUDED.this_year_live_capacity_mcm, this_year_live_storage_percent = EXCLUDED.this_year_live_storage_percent, this_year_level_observed_date = EXCLUDED.this_year_level_observed_date, this_year_is_stale = EXCLUDED.this_year_is_stale, gate_count_open = EXCLUDED.gate_count_open, gate_discharge_cumec = EXCLUDED.gate_discharge_cumec, last_year_level_m = EXCLUDED.last_year_level_m, last_year_live_capacity_mcm = EXCLUDED.last_year_live_capacity_mcm, last_year_live_storage_percent = EXCLUDED.last_year_live_storage_percent, source_url = EXCLUDED.source_url, raw = EXCLUDED.raw, fetched_at = now();
INSERT INTO dams (dam_id, dam_name, state, district, river_basin, owner_agency, status, risk_class, safety_score, source_registry, source_record_id, source_publication_year, source_url, updated_at) VALUES ('MPWRD-10486', 'Sarathi Dam', 'Madhya Pradesh', 'Balaghat', 'Chief Engineer Wainganga Basin, Seoni', 'Madhya Pradesh Water Resources Department', 'operational'::dam_status, 'low'::risk_class, 93.00, 'MPWRD', '10486', 2026, 'https://eims1.mpwrd.gov.in/fcmreport/control/main', now()) ON CONFLICT (dam_id) DO UPDATE SET dam_name = EXCLUDED.dam_name, state = EXCLUDED.state, district = EXCLUDED.district, river_basin = EXCLUDED.river_basin, owner_agency = EXCLUDED.owner_agency, status = EXCLUDED.status, risk_class = EXCLUDED.risk_class, safety_score = EXCLUDED.safety_score, source_registry = EXCLUDED.source_registry, source_record_id = EXCLUDED.source_record_id, source_publication_year = EXCLUDED.source_publication_year, source_url = EXCLUDED.source_url, updated_at = now();
INSERT INTO dam_reservoir (dam_id, reservoir_name, live_storage_mcm, current_storage_mcm, frl_m, updated_at) VALUES ('MPWRD-10486', 'Sarathi Dam', 16.17, 15.09, 358.44, now()) ON CONFLICT (dam_id) DO UPDATE SET reservoir_name = EXCLUDED.reservoir_name, live_storage_mcm = EXCLUDED.live_storage_mcm, current_storage_mcm = EXCLUDED.current_storage_mcm, frl_m = EXCLUDED.frl_m, updated_at = now();
INSERT INTO dam_engineering (dam_id, instrumentation, updated_at) VALUES ('MPWRD-10486', '{"basin_office": "Chief Engineer Wainganga Basin, Seoni", "gate_count_open": null, "gate_discharge_cumec": null, "last_year_level_m": null, "last_year_live_capacity_mcm": null, "last_year_live_storage_percent": null, "mpwrd_reservoir_code": "10486", "reading_time": "08:00:00", "this_year_is_stale": true, "this_year_level_observed_date": "2025-08-01"}'::jsonb, now()) ON CONFLICT (dam_id) DO UPDATE SET instrumentation = EXCLUDED.instrumentation, updated_at = now();
INSERT INTO mpwrd_reservoir_levels (source_registry, report_date, reservoir_code, dam_id, basin_office, reservoir_name, reading_time, district, frl_m, live_capacity_at_frl_mcm, this_year_level_m, this_year_live_capacity_mcm, this_year_live_storage_percent, this_year_level_observed_date, this_year_is_stale, gate_count_open, gate_discharge_cumec, last_year_level_m, last_year_live_capacity_mcm, last_year_live_storage_percent, source_url, raw, fetched_at) VALUES ('MPWRD', '2026-05-25', '10486', 'MPWRD-10486', 'Chief Engineer Wainganga Basin, Seoni', 'Sarathi Dam', '08:00:00', 'Balaghat', 358.44, 16.17, 358.10, 15.09, 93, '2025-08-01', TRUE, NULL, NULL, NULL, NULL, NULL, 'https://eims1.mpwrd.gov.in/fcmreport/control/main', '{"district": "Balaghat", "frl_m": "358.44", "gate_count_open": "", "gate_discharge_cumec": "", "last_year_level_m": "", "last_year_live_capacity_mcm": "", "last_year_live_storage_percent": "", "live_capacity_at_frl_mcm": "16.17", "reservoir": "Sarathi Dam [10486]", "serial": "201.", "this_year_level_m": "358.10*", "this_year_live_capacity_mcm": "15.09", "this_year_live_storage_percent": "93", "time": "08:00:00"}'::jsonb, now()) ON CONFLICT (source_registry, report_date, reservoir_code) DO UPDATE SET dam_id = EXCLUDED.dam_id, basin_office = EXCLUDED.basin_office, reservoir_name = EXCLUDED.reservoir_name, reading_time = EXCLUDED.reading_time, district = EXCLUDED.district, frl_m = EXCLUDED.frl_m, live_capacity_at_frl_mcm = EXCLUDED.live_capacity_at_frl_mcm, this_year_level_m = EXCLUDED.this_year_level_m, this_year_live_capacity_mcm = EXCLUDED.this_year_live_capacity_mcm, this_year_live_storage_percent = EXCLUDED.this_year_live_storage_percent, this_year_level_observed_date = EXCLUDED.this_year_level_observed_date, this_year_is_stale = EXCLUDED.this_year_is_stale, gate_count_open = EXCLUDED.gate_count_open, gate_discharge_cumec = EXCLUDED.gate_discharge_cumec, last_year_level_m = EXCLUDED.last_year_level_m, last_year_live_capacity_mcm = EXCLUDED.last_year_live_capacity_mcm, last_year_live_storage_percent = EXCLUDED.last_year_live_storage_percent, source_url = EXCLUDED.source_url, raw = EXCLUDED.raw, fetched_at = now();
INSERT INTO dams (dam_id, dam_name, state, district, river_basin, owner_agency, status, risk_class, safety_score, source_registry, source_record_id, source_publication_year, source_url, updated_at) VALUES ('MPWRD-27090', 'Saroth Tank', 'Madhya Pradesh', 'Chindwara', 'Chief Engineer Wainganga Basin, Seoni', 'Madhya Pradesh Water Resources Department', 'operational'::dam_status, 'low'::risk_class, 84.00, 'MPWRD', '27090', 2026, 'https://eims1.mpwrd.gov.in/fcmreport/control/main', now()) ON CONFLICT (dam_id) DO UPDATE SET dam_name = EXCLUDED.dam_name, state = EXCLUDED.state, district = EXCLUDED.district, river_basin = EXCLUDED.river_basin, owner_agency = EXCLUDED.owner_agency, status = EXCLUDED.status, risk_class = EXCLUDED.risk_class, safety_score = EXCLUDED.safety_score, source_registry = EXCLUDED.source_registry, source_record_id = EXCLUDED.source_record_id, source_publication_year = EXCLUDED.source_publication_year, source_url = EXCLUDED.source_url, updated_at = now();
INSERT INTO dam_reservoir (dam_id, reservoir_name, live_storage_mcm, current_storage_mcm, frl_m, updated_at) VALUES ('MPWRD-27090', 'Saroth Tank', 6.68, 5.66, 682.60, now()) ON CONFLICT (dam_id) DO UPDATE SET reservoir_name = EXCLUDED.reservoir_name, live_storage_mcm = EXCLUDED.live_storage_mcm, current_storage_mcm = EXCLUDED.current_storage_mcm, frl_m = EXCLUDED.frl_m, updated_at = now();
INSERT INTO dam_engineering (dam_id, instrumentation, updated_at) VALUES ('MPWRD-27090', '{"basin_office": "Chief Engineer Wainganga Basin, Seoni", "gate_count_open": null, "gate_discharge_cumec": null, "last_year_level_m": null, "last_year_live_capacity_mcm": null, "last_year_live_storage_percent": null, "mpwrd_reservoir_code": "27090", "reading_time": "08:00:00", "this_year_is_stale": true, "this_year_level_observed_date": "2025-09-24"}'::jsonb, now()) ON CONFLICT (dam_id) DO UPDATE SET instrumentation = EXCLUDED.instrumentation, updated_at = now();
INSERT INTO mpwrd_reservoir_levels (source_registry, report_date, reservoir_code, dam_id, basin_office, reservoir_name, reading_time, district, frl_m, live_capacity_at_frl_mcm, this_year_level_m, this_year_live_capacity_mcm, this_year_live_storage_percent, this_year_level_observed_date, this_year_is_stale, gate_count_open, gate_discharge_cumec, last_year_level_m, last_year_live_capacity_mcm, last_year_live_storage_percent, source_url, raw, fetched_at) VALUES ('MPWRD', '2026-05-25', '27090', 'MPWRD-27090', 'Chief Engineer Wainganga Basin, Seoni', 'Saroth Tank', '08:00:00', 'Chindwara', 682.60, 6.68, 682.00, 5.66, 84, '2025-09-24', TRUE, NULL, NULL, NULL, NULL, NULL, 'https://eims1.mpwrd.gov.in/fcmreport/control/main', '{"district": "Chindwara", "frl_m": "682.60", "gate_count_open": "", "gate_discharge_cumec": "", "last_year_level_m": "", "last_year_live_capacity_mcm": "", "last_year_live_storage_percent": "", "live_capacity_at_frl_mcm": "6.68", "reservoir": "Saroth Tank [27090]", "serial": "202.", "this_year_level_m": "682.00*", "this_year_live_capacity_mcm": "5.66", "this_year_live_storage_percent": "84", "time": "08:00:00"}'::jsonb, now()) ON CONFLICT (source_registry, report_date, reservoir_code) DO UPDATE SET dam_id = EXCLUDED.dam_id, basin_office = EXCLUDED.basin_office, reservoir_name = EXCLUDED.reservoir_name, reading_time = EXCLUDED.reading_time, district = EXCLUDED.district, frl_m = EXCLUDED.frl_m, live_capacity_at_frl_mcm = EXCLUDED.live_capacity_at_frl_mcm, this_year_level_m = EXCLUDED.this_year_level_m, this_year_live_capacity_mcm = EXCLUDED.this_year_live_capacity_mcm, this_year_live_storage_percent = EXCLUDED.this_year_live_storage_percent, this_year_level_observed_date = EXCLUDED.this_year_level_observed_date, this_year_is_stale = EXCLUDED.this_year_is_stale, gate_count_open = EXCLUDED.gate_count_open, gate_discharge_cumec = EXCLUDED.gate_discharge_cumec, last_year_level_m = EXCLUDED.last_year_level_m, last_year_live_capacity_mcm = EXCLUDED.last_year_live_capacity_mcm, last_year_live_storage_percent = EXCLUDED.last_year_live_storage_percent, source_url = EXCLUDED.source_url, raw = EXCLUDED.raw, fetched_at = now();
INSERT INTO dams (dam_id, dam_name, state, district, river_basin, owner_agency, status, risk_class, safety_score, source_registry, source_record_id, source_publication_year, source_url, updated_at) VALUES ('MPWRD-10315', 'Simrar Tank', 'Madhya Pradesh', 'Katni', 'Chief Engineer Wainganga Basin, Seoni', 'Madhya Pradesh Water Resources Department', 'operational'::dam_status, 'low'::risk_class, 100.00, 'MPWRD', '10315', 2026, 'https://eims1.mpwrd.gov.in/fcmreport/control/main', now()) ON CONFLICT (dam_id) DO UPDATE SET dam_name = EXCLUDED.dam_name, state = EXCLUDED.state, district = EXCLUDED.district, river_basin = EXCLUDED.river_basin, owner_agency = EXCLUDED.owner_agency, status = EXCLUDED.status, risk_class = EXCLUDED.risk_class, safety_score = EXCLUDED.safety_score, source_registry = EXCLUDED.source_registry, source_record_id = EXCLUDED.source_record_id, source_publication_year = EXCLUDED.source_publication_year, source_url = EXCLUDED.source_url, updated_at = now();
INSERT INTO dam_reservoir (dam_id, reservoir_name, live_storage_mcm, current_storage_mcm, frl_m, updated_at) VALUES ('MPWRD-10315', 'Simrar Tank', 12.36, 12.36, 408.66, now()) ON CONFLICT (dam_id) DO UPDATE SET reservoir_name = EXCLUDED.reservoir_name, live_storage_mcm = EXCLUDED.live_storage_mcm, current_storage_mcm = EXCLUDED.current_storage_mcm, frl_m = EXCLUDED.frl_m, updated_at = now();
INSERT INTO dam_engineering (dam_id, instrumentation, updated_at) VALUES ('MPWRD-10315', '{"basin_office": "Chief Engineer Wainganga Basin, Seoni", "gate_count_open": null, "gate_discharge_cumec": null, "last_year_level_m": null, "last_year_live_capacity_mcm": null, "last_year_live_storage_percent": null, "mpwrd_reservoir_code": "10315", "reading_time": "08:00:00", "this_year_is_stale": true, "this_year_level_observed_date": "2025-09-24"}'::jsonb, now()) ON CONFLICT (dam_id) DO UPDATE SET instrumentation = EXCLUDED.instrumentation, updated_at = now();
INSERT INTO mpwrd_reservoir_levels (source_registry, report_date, reservoir_code, dam_id, basin_office, reservoir_name, reading_time, district, frl_m, live_capacity_at_frl_mcm, this_year_level_m, this_year_live_capacity_mcm, this_year_live_storage_percent, this_year_level_observed_date, this_year_is_stale, gate_count_open, gate_discharge_cumec, last_year_level_m, last_year_live_capacity_mcm, last_year_live_storage_percent, source_url, raw, fetched_at) VALUES ('MPWRD', '2026-05-25', '10315', 'MPWRD-10315', 'Chief Engineer Wainganga Basin, Seoni', 'Simrar Tank', '08:00:00', 'Katni', 408.66, 12.36, 408.66, 12.36, 100, '2025-09-24', TRUE, NULL, NULL, NULL, NULL, NULL, 'https://eims1.mpwrd.gov.in/fcmreport/control/main', '{"district": "Katni", "frl_m": "408.66", "gate_count_open": "", "gate_discharge_cumec": "", "last_year_level_m": "", "last_year_live_capacity_mcm": "", "last_year_live_storage_percent": "", "live_capacity_at_frl_mcm": "12.36", "reservoir": "Simrar Tank [10315]", "serial": "203.", "this_year_level_m": "408.66 *", "this_year_live_capacity_mcm": "12.36", "this_year_live_storage_percent": "100", "time": "08:00:00"}'::jsonb, now()) ON CONFLICT (source_registry, report_date, reservoir_code) DO UPDATE SET dam_id = EXCLUDED.dam_id, basin_office = EXCLUDED.basin_office, reservoir_name = EXCLUDED.reservoir_name, reading_time = EXCLUDED.reading_time, district = EXCLUDED.district, frl_m = EXCLUDED.frl_m, live_capacity_at_frl_mcm = EXCLUDED.live_capacity_at_frl_mcm, this_year_level_m = EXCLUDED.this_year_level_m, this_year_live_capacity_mcm = EXCLUDED.this_year_live_capacity_mcm, this_year_live_storage_percent = EXCLUDED.this_year_live_storage_percent, this_year_level_observed_date = EXCLUDED.this_year_level_observed_date, this_year_is_stale = EXCLUDED.this_year_is_stale, gate_count_open = EXCLUDED.gate_count_open, gate_discharge_cumec = EXCLUDED.gate_discharge_cumec, last_year_level_m = EXCLUDED.last_year_level_m, last_year_live_capacity_mcm = EXCLUDED.last_year_live_capacity_mcm, last_year_live_storage_percent = EXCLUDED.last_year_live_storage_percent, source_url = EXCLUDED.source_url, raw = EXCLUDED.raw, fetched_at = now();
INSERT INTO dams (dam_id, dam_name, state, district, river_basin, owner_agency, status, risk_class, safety_score, source_registry, source_record_id, source_publication_year, source_url, updated_at) VALUES ('MPWRD-10556', 'Tawa Minor Tank', 'Madhya Pradesh', 'Chindwara', 'Chief Engineer Wainganga Basin, Seoni', 'Madhya Pradesh Water Resources Department', 'operational'::dam_status, 'low'::risk_class, 99.00, 'MPWRD', '10556', 2026, 'https://eims1.mpwrd.gov.in/fcmreport/control/main', now()) ON CONFLICT (dam_id) DO UPDATE SET dam_name = EXCLUDED.dam_name, state = EXCLUDED.state, district = EXCLUDED.district, river_basin = EXCLUDED.river_basin, owner_agency = EXCLUDED.owner_agency, status = EXCLUDED.status, risk_class = EXCLUDED.risk_class, safety_score = EXCLUDED.safety_score, source_registry = EXCLUDED.source_registry, source_record_id = EXCLUDED.source_record_id, source_publication_year = EXCLUDED.source_publication_year, source_url = EXCLUDED.source_url, updated_at = now();
INSERT INTO dam_reservoir (dam_id, reservoir_name, live_storage_mcm, current_storage_mcm, frl_m, updated_at) VALUES ('MPWRD-10556', 'Tawa Minor Tank', 5.53, 5.52, 500.10, now()) ON CONFLICT (dam_id) DO UPDATE SET reservoir_name = EXCLUDED.reservoir_name, live_storage_mcm = EXCLUDED.live_storage_mcm, current_storage_mcm = EXCLUDED.current_storage_mcm, frl_m = EXCLUDED.frl_m, updated_at = now();
INSERT INTO dam_engineering (dam_id, instrumentation, updated_at) VALUES ('MPWRD-10556', '{"basin_office": "Chief Engineer Wainganga Basin, Seoni", "gate_count_open": null, "gate_discharge_cumec": null, "last_year_level_m": null, "last_year_live_capacity_mcm": null, "last_year_live_storage_percent": null, "mpwrd_reservoir_code": "10556", "reading_time": "08:00:00", "this_year_is_stale": true, "this_year_level_observed_date": "2025-09-24"}'::jsonb, now()) ON CONFLICT (dam_id) DO UPDATE SET instrumentation = EXCLUDED.instrumentation, updated_at = now();
INSERT INTO mpwrd_reservoir_levels (source_registry, report_date, reservoir_code, dam_id, basin_office, reservoir_name, reading_time, district, frl_m, live_capacity_at_frl_mcm, this_year_level_m, this_year_live_capacity_mcm, this_year_live_storage_percent, this_year_level_observed_date, this_year_is_stale, gate_count_open, gate_discharge_cumec, last_year_level_m, last_year_live_capacity_mcm, last_year_live_storage_percent, source_url, raw, fetched_at) VALUES ('MPWRD', '2026-05-25', '10556', 'MPWRD-10556', 'Chief Engineer Wainganga Basin, Seoni', 'Tawa Minor Tank', '08:00:00', 'Chindwara', 500.10, 5.53, 500.10, 5.52, 99, '2025-09-24', TRUE, NULL, NULL, NULL, NULL, NULL, 'https://eims1.mpwrd.gov.in/fcmreport/control/main', '{"district": "Chindwara", "frl_m": "500.10", "gate_count_open": "", "gate_discharge_cumec": "", "last_year_level_m": "", "last_year_live_capacity_mcm": "", "last_year_live_storage_percent": "", "live_capacity_at_frl_mcm": "5.53", "reservoir": "Tawa Minor Tank [10556]", "serial": "204.", "this_year_level_m": "500.10 *", "this_year_live_capacity_mcm": "5.52", "this_year_live_storage_percent": "99", "time": "08:00:00"}'::jsonb, now()) ON CONFLICT (source_registry, report_date, reservoir_code) DO UPDATE SET dam_id = EXCLUDED.dam_id, basin_office = EXCLUDED.basin_office, reservoir_name = EXCLUDED.reservoir_name, reading_time = EXCLUDED.reading_time, district = EXCLUDED.district, frl_m = EXCLUDED.frl_m, live_capacity_at_frl_mcm = EXCLUDED.live_capacity_at_frl_mcm, this_year_level_m = EXCLUDED.this_year_level_m, this_year_live_capacity_mcm = EXCLUDED.this_year_live_capacity_mcm, this_year_live_storage_percent = EXCLUDED.this_year_live_storage_percent, this_year_level_observed_date = EXCLUDED.this_year_level_observed_date, this_year_is_stale = EXCLUDED.this_year_is_stale, gate_count_open = EXCLUDED.gate_count_open, gate_discharge_cumec = EXCLUDED.gate_discharge_cumec, last_year_level_m = EXCLUDED.last_year_level_m, last_year_live_capacity_mcm = EXCLUDED.last_year_live_capacity_mcm, last_year_live_storage_percent = EXCLUDED.last_year_live_storage_percent, source_url = EXCLUDED.source_url, raw = EXCLUDED.raw, fetched_at = now();
INSERT INTO dams (dam_id, dam_name, state, district, river_basin, owner_agency, status, risk_class, safety_score, source_registry, source_record_id, source_publication_year, source_url, updated_at) VALUES ('MPWRD-10570', 'Thanwar Dam', 'Madhya Pradesh', 'Mandla', 'Chief Engineer Wainganga Basin, Seoni', 'Madhya Pradesh Water Resources Department', 'operational'::dam_status, 'low'::risk_class, 97.00, 'MPWRD', '10570', 2026, 'https://eims1.mpwrd.gov.in/fcmreport/control/main', now()) ON CONFLICT (dam_id) DO UPDATE SET dam_name = EXCLUDED.dam_name, state = EXCLUDED.state, district = EXCLUDED.district, river_basin = EXCLUDED.river_basin, owner_agency = EXCLUDED.owner_agency, status = EXCLUDED.status, risk_class = EXCLUDED.risk_class, safety_score = EXCLUDED.safety_score, source_registry = EXCLUDED.source_registry, source_record_id = EXCLUDED.source_record_id, source_publication_year = EXCLUDED.source_publication_year, source_url = EXCLUDED.source_url, updated_at = now();
INSERT INTO dam_reservoir (dam_id, reservoir_name, live_storage_mcm, current_storage_mcm, frl_m, updated_at) VALUES ('MPWRD-10570', 'Thanwar Dam', 123.53, 120.29, 481.10, now()) ON CONFLICT (dam_id) DO UPDATE SET reservoir_name = EXCLUDED.reservoir_name, live_storage_mcm = EXCLUDED.live_storage_mcm, current_storage_mcm = EXCLUDED.current_storage_mcm, frl_m = EXCLUDED.frl_m, updated_at = now();
INSERT INTO dam_engineering (dam_id, instrumentation, updated_at) VALUES ('MPWRD-10570', '{"basin_office": "Chief Engineer Wainganga Basin, Seoni", "gate_count_open": null, "gate_discharge_cumec": null, "last_year_level_m": null, "last_year_live_capacity_mcm": null, "last_year_live_storage_percent": null, "mpwrd_reservoir_code": "10570", "reading_time": "08:00:00", "this_year_is_stale": true, "this_year_level_observed_date": "2025-09-25"}'::jsonb, now()) ON CONFLICT (dam_id) DO UPDATE SET instrumentation = EXCLUDED.instrumentation, updated_at = now();
INSERT INTO mpwrd_reservoir_levels (source_registry, report_date, reservoir_code, dam_id, basin_office, reservoir_name, reading_time, district, frl_m, live_capacity_at_frl_mcm, this_year_level_m, this_year_live_capacity_mcm, this_year_live_storage_percent, this_year_level_observed_date, this_year_is_stale, gate_count_open, gate_discharge_cumec, last_year_level_m, last_year_live_capacity_mcm, last_year_live_storage_percent, source_url, raw, fetched_at) VALUES ('MPWRD', '2026-05-25', '10570', 'MPWRD-10570', 'Chief Engineer Wainganga Basin, Seoni', 'Thanwar Dam', '08:00:00', 'Mandla', 481.10, 123.53, 480.94, 120.29, 97, '2025-09-25', TRUE, NULL, NULL, NULL, NULL, NULL, 'https://eims1.mpwrd.gov.in/fcmreport/control/main', '{"district": "Mandla", "frl_m": "481.10", "gate_count_open": "", "gate_discharge_cumec": "", "last_year_level_m": "", "last_year_live_capacity_mcm": "", "last_year_live_storage_percent": "", "live_capacity_at_frl_mcm": "123.53", "reservoir": "Thanwar Dam [10570]", "serial": "205.", "this_year_level_m": "480.94*", "this_year_live_capacity_mcm": "120.29", "this_year_live_storage_percent": "97", "time": "08:00:00"}'::jsonb, now()) ON CONFLICT (source_registry, report_date, reservoir_code) DO UPDATE SET dam_id = EXCLUDED.dam_id, basin_office = EXCLUDED.basin_office, reservoir_name = EXCLUDED.reservoir_name, reading_time = EXCLUDED.reading_time, district = EXCLUDED.district, frl_m = EXCLUDED.frl_m, live_capacity_at_frl_mcm = EXCLUDED.live_capacity_at_frl_mcm, this_year_level_m = EXCLUDED.this_year_level_m, this_year_live_capacity_mcm = EXCLUDED.this_year_live_capacity_mcm, this_year_live_storage_percent = EXCLUDED.this_year_live_storage_percent, this_year_level_observed_date = EXCLUDED.this_year_level_observed_date, this_year_is_stale = EXCLUDED.this_year_is_stale, gate_count_open = EXCLUDED.gate_count_open, gate_discharge_cumec = EXCLUDED.gate_discharge_cumec, last_year_level_m = EXCLUDED.last_year_level_m, last_year_live_capacity_mcm = EXCLUDED.last_year_live_capacity_mcm, last_year_live_storage_percent = EXCLUDED.last_year_live_storage_percent, source_url = EXCLUDED.source_url, raw = EXCLUDED.raw, fetched_at = now();
INSERT INTO dams (dam_id, dam_name, state, district, river_basin, owner_agency, status, risk_class, safety_score, source_registry, source_record_id, source_publication_year, source_url, updated_at) VALUES ('MPWRD-27270', 'Waghya Nalla Tank', 'Madhya Pradesh', 'Chindwara', 'Chief Engineer Wainganga Basin, Seoni', 'Madhya Pradesh Water Resources Department', 'operational'::dam_status, 'low'::risk_class, 100.00, 'MPWRD', '27270', 2026, 'https://eims1.mpwrd.gov.in/fcmreport/control/main', now()) ON CONFLICT (dam_id) DO UPDATE SET dam_name = EXCLUDED.dam_name, state = EXCLUDED.state, district = EXCLUDED.district, river_basin = EXCLUDED.river_basin, owner_agency = EXCLUDED.owner_agency, status = EXCLUDED.status, risk_class = EXCLUDED.risk_class, safety_score = EXCLUDED.safety_score, source_registry = EXCLUDED.source_registry, source_record_id = EXCLUDED.source_record_id, source_publication_year = EXCLUDED.source_publication_year, source_url = EXCLUDED.source_url, updated_at = now();
INSERT INTO dam_reservoir (dam_id, reservoir_name, live_storage_mcm, current_storage_mcm, frl_m, updated_at) VALUES ('MPWRD-27270', 'Waghya Nalla Tank', 7.72, 7.73, 417.39, now()) ON CONFLICT (dam_id) DO UPDATE SET reservoir_name = EXCLUDED.reservoir_name, live_storage_mcm = EXCLUDED.live_storage_mcm, current_storage_mcm = EXCLUDED.current_storage_mcm, frl_m = EXCLUDED.frl_m, updated_at = now();
INSERT INTO dam_engineering (dam_id, instrumentation, updated_at) VALUES ('MPWRD-27270', '{"basin_office": "Chief Engineer Wainganga Basin, Seoni", "gate_count_open": null, "gate_discharge_cumec": null, "last_year_level_m": null, "last_year_live_capacity_mcm": null, "last_year_live_storage_percent": null, "mpwrd_reservoir_code": "27270", "reading_time": "08:00:00", "this_year_is_stale": true, "this_year_level_observed_date": "2025-09-24"}'::jsonb, now()) ON CONFLICT (dam_id) DO UPDATE SET instrumentation = EXCLUDED.instrumentation, updated_at = now();
INSERT INTO mpwrd_reservoir_levels (source_registry, report_date, reservoir_code, dam_id, basin_office, reservoir_name, reading_time, district, frl_m, live_capacity_at_frl_mcm, this_year_level_m, this_year_live_capacity_mcm, this_year_live_storage_percent, this_year_level_observed_date, this_year_is_stale, gate_count_open, gate_discharge_cumec, last_year_level_m, last_year_live_capacity_mcm, last_year_live_storage_percent, source_url, raw, fetched_at) VALUES ('MPWRD', '2026-05-25', '27270', 'MPWRD-27270', 'Chief Engineer Wainganga Basin, Seoni', 'Waghya Nalla Tank', '08:00:00', 'Chindwara', 417.39, 7.72, 417.28, 7.73, 100, '2025-09-24', TRUE, NULL, NULL, NULL, NULL, NULL, 'https://eims1.mpwrd.gov.in/fcmreport/control/main', '{"district": "Chindwara", "frl_m": "417.39", "gate_count_open": "", "gate_discharge_cumec": "", "last_year_level_m": "", "last_year_live_capacity_mcm": "", "last_year_live_storage_percent": "", "live_capacity_at_frl_mcm": "7.72", "reservoir": "Waghya Nalla Tank [27270]", "serial": "206.", "this_year_level_m": "417.28*", "this_year_live_capacity_mcm": "7.73", "this_year_live_storage_percent": "100", "time": "08:00:00"}'::jsonb, now()) ON CONFLICT (source_registry, report_date, reservoir_code) DO UPDATE SET dam_id = EXCLUDED.dam_id, basin_office = EXCLUDED.basin_office, reservoir_name = EXCLUDED.reservoir_name, reading_time = EXCLUDED.reading_time, district = EXCLUDED.district, frl_m = EXCLUDED.frl_m, live_capacity_at_frl_mcm = EXCLUDED.live_capacity_at_frl_mcm, this_year_level_m = EXCLUDED.this_year_level_m, this_year_live_capacity_mcm = EXCLUDED.this_year_live_capacity_mcm, this_year_live_storage_percent = EXCLUDED.this_year_live_storage_percent, this_year_level_observed_date = EXCLUDED.this_year_level_observed_date, this_year_is_stale = EXCLUDED.this_year_is_stale, gate_count_open = EXCLUDED.gate_count_open, gate_discharge_cumec = EXCLUDED.gate_discharge_cumec, last_year_level_m = EXCLUDED.last_year_level_m, last_year_live_capacity_mcm = EXCLUDED.last_year_live_capacity_mcm, last_year_live_storage_percent = EXCLUDED.last_year_live_storage_percent, source_url = EXCLUDED.source_url, raw = EXCLUDED.raw, fetched_at = now();
INSERT INTO dams (dam_id, dam_name, state, district, river_basin, owner_agency, status, risk_class, safety_score, source_registry, source_record_id, source_publication_year, source_url, updated_at) VALUES ('MPWRD-10516', 'Wainganga (Sanjay Sarovar)', 'Madhya Pradesh', 'Seoni', 'Chief Engineer Wainganga Basin, Seoni', 'Madhya Pradesh Water Resources Department', 'operational'::dam_status, 'low'::risk_class, 72.00, 'MPWRD', '10516', 2026, 'https://eims1.mpwrd.gov.in/fcmreport/control/main', now()) ON CONFLICT (dam_id) DO UPDATE SET dam_name = EXCLUDED.dam_name, state = EXCLUDED.state, district = EXCLUDED.district, river_basin = EXCLUDED.river_basin, owner_agency = EXCLUDED.owner_agency, status = EXCLUDED.status, risk_class = EXCLUDED.risk_class, safety_score = EXCLUDED.safety_score, source_registry = EXCLUDED.source_registry, source_record_id = EXCLUDED.source_record_id, source_publication_year = EXCLUDED.source_publication_year, source_url = EXCLUDED.source_url, updated_at = now();
INSERT INTO dam_reservoir (dam_id, reservoir_name, live_storage_mcm, current_storage_mcm, frl_m, updated_at) VALUES ('MPWRD-10516', 'Wainganga (Sanjay Sarovar)', 410.00, 298.85, 519.38, now()) ON CONFLICT (dam_id) DO UPDATE SET reservoir_name = EXCLUDED.reservoir_name, live_storage_mcm = EXCLUDED.live_storage_mcm, current_storage_mcm = EXCLUDED.current_storage_mcm, frl_m = EXCLUDED.frl_m, updated_at = now();
INSERT INTO dam_engineering (dam_id, instrumentation, updated_at) VALUES ('MPWRD-10516', '{"basin_office": "Chief Engineer Wainganga Basin, Seoni", "gate_count_open": null, "gate_discharge_cumec": null, "last_year_level_m": null, "last_year_live_capacity_mcm": null, "last_year_live_storage_percent": null, "mpwrd_reservoir_code": "10516", "reading_time": "12:00:00", "this_year_is_stale": true, "this_year_level_observed_date": "2025-12-19"}'::jsonb, now()) ON CONFLICT (dam_id) DO UPDATE SET instrumentation = EXCLUDED.instrumentation, updated_at = now();
INSERT INTO mpwrd_reservoir_levels (source_registry, report_date, reservoir_code, dam_id, basin_office, reservoir_name, reading_time, district, frl_m, live_capacity_at_frl_mcm, this_year_level_m, this_year_live_capacity_mcm, this_year_live_storage_percent, this_year_level_observed_date, this_year_is_stale, gate_count_open, gate_discharge_cumec, last_year_level_m, last_year_live_capacity_mcm, last_year_live_storage_percent, source_url, raw, fetched_at) VALUES ('MPWRD', '2026-05-25', '10516', 'MPWRD-10516', 'Chief Engineer Wainganga Basin, Seoni', 'Wainganga (Sanjay Sarovar)', '12:00:00', 'Seoni', 519.38, 410.00, 517.00, 298.85, 72, '2025-12-19', TRUE, NULL, NULL, NULL, NULL, NULL, 'https://eims1.mpwrd.gov.in/fcmreport/control/main', '{"district": "Seoni", "frl_m": "519.38", "gate_count_open": "", "gate_discharge_cumec": "", "last_year_level_m": "", "last_year_live_capacity_mcm": "", "last_year_live_storage_percent": "", "live_capacity_at_frl_mcm": "410.00", "reservoir": "Wainganga (Sanjay Sarovar) [10516]", "serial": "207.", "this_year_level_m": "517.00*", "this_year_live_capacity_mcm": "298.85", "this_year_live_storage_percent": "72", "time": "12:00:00"}'::jsonb, now()) ON CONFLICT (source_registry, report_date, reservoir_code) DO UPDATE SET dam_id = EXCLUDED.dam_id, basin_office = EXCLUDED.basin_office, reservoir_name = EXCLUDED.reservoir_name, reading_time = EXCLUDED.reading_time, district = EXCLUDED.district, frl_m = EXCLUDED.frl_m, live_capacity_at_frl_mcm = EXCLUDED.live_capacity_at_frl_mcm, this_year_level_m = EXCLUDED.this_year_level_m, this_year_live_capacity_mcm = EXCLUDED.this_year_live_capacity_mcm, this_year_live_storage_percent = EXCLUDED.this_year_live_storage_percent, this_year_level_observed_date = EXCLUDED.this_year_level_observed_date, this_year_is_stale = EXCLUDED.this_year_is_stale, gate_count_open = EXCLUDED.gate_count_open, gate_discharge_cumec = EXCLUDED.gate_discharge_cumec, last_year_level_m = EXCLUDED.last_year_level_m, last_year_live_capacity_mcm = EXCLUDED.last_year_live_capacity_mcm, last_year_live_storage_percent = EXCLUDED.last_year_live_storage_percent, source_url = EXCLUDED.source_url, raw = EXCLUDED.raw, fetched_at = now();
INSERT INTO dams (dam_id, dam_name, state, district, river_basin, owner_agency, status, risk_class, safety_score, source_registry, source_record_id, source_publication_year, source_url, updated_at) VALUES ('MPWRD-10671', 'Arniya Bahadurpur Tank', 'Madhya Pradesh', 'Ujjain', 'Chief Engineer Water Resources Department, Ujjain', 'Madhya Pradesh Water Resources Department', 'operational'::dam_status, 'low'::risk_class, 66.00, 'MPWRD', '10671', 2026, 'https://eims1.mpwrd.gov.in/fcmreport/control/main', now()) ON CONFLICT (dam_id) DO UPDATE SET dam_name = EXCLUDED.dam_name, state = EXCLUDED.state, district = EXCLUDED.district, river_basin = EXCLUDED.river_basin, owner_agency = EXCLUDED.owner_agency, status = EXCLUDED.status, risk_class = EXCLUDED.risk_class, safety_score = EXCLUDED.safety_score, source_registry = EXCLUDED.source_registry, source_record_id = EXCLUDED.source_record_id, source_publication_year = EXCLUDED.source_publication_year, source_url = EXCLUDED.source_url, updated_at = now();
INSERT INTO dam_reservoir (dam_id, reservoir_name, live_storage_mcm, current_storage_mcm, frl_m, updated_at) VALUES ('MPWRD-10671', 'Arniya Bahadurpur Tank', 22.36, 14.89, 462.07, now()) ON CONFLICT (dam_id) DO UPDATE SET reservoir_name = EXCLUDED.reservoir_name, live_storage_mcm = EXCLUDED.live_storage_mcm, current_storage_mcm = EXCLUDED.current_storage_mcm, frl_m = EXCLUDED.frl_m, updated_at = now();
INSERT INTO dam_engineering (dam_id, instrumentation, updated_at) VALUES ('MPWRD-10671', '{"basin_office": "Chief Engineer Water Resources Department, Ujjain", "gate_count_open": null, "gate_discharge_cumec": null, "last_year_level_m": null, "last_year_live_capacity_mcm": null, "last_year_live_storage_percent": null, "mpwrd_reservoir_code": "10671", "reading_time": "08:00:00", "this_year_is_stale": true, "this_year_level_observed_date": "2025-09-24"}'::jsonb, now()) ON CONFLICT (dam_id) DO UPDATE SET instrumentation = EXCLUDED.instrumentation, updated_at = now();
INSERT INTO mpwrd_reservoir_levels (source_registry, report_date, reservoir_code, dam_id, basin_office, reservoir_name, reading_time, district, frl_m, live_capacity_at_frl_mcm, this_year_level_m, this_year_live_capacity_mcm, this_year_live_storage_percent, this_year_level_observed_date, this_year_is_stale, gate_count_open, gate_discharge_cumec, last_year_level_m, last_year_live_capacity_mcm, last_year_live_storage_percent, source_url, raw, fetched_at) VALUES ('MPWRD', '2026-05-25', '10671', 'MPWRD-10671', 'Chief Engineer Water Resources Department, Ujjain', 'Arniya Bahadurpur Tank', '08:00:00', 'Ujjain', 462.07, 22.36, 461.04, 14.89, 66, '2025-09-24', TRUE, NULL, NULL, NULL, NULL, NULL, 'https://eims1.mpwrd.gov.in/fcmreport/control/main', '{"district": "Ujjain", "frl_m": "462.07", "gate_count_open": "", "gate_discharge_cumec": "", "last_year_level_m": "", "last_year_live_capacity_mcm": "", "last_year_live_storage_percent": "", "live_capacity_at_frl_mcm": "22.36", "reservoir": "Arniya Bahadurpur Tank [10671]", "serial": "208.", "this_year_level_m": "461.04*", "this_year_live_capacity_mcm": "14.89", "this_year_live_storage_percent": "66", "time": "08:00:00"}'::jsonb, now()) ON CONFLICT (source_registry, report_date, reservoir_code) DO UPDATE SET dam_id = EXCLUDED.dam_id, basin_office = EXCLUDED.basin_office, reservoir_name = EXCLUDED.reservoir_name, reading_time = EXCLUDED.reading_time, district = EXCLUDED.district, frl_m = EXCLUDED.frl_m, live_capacity_at_frl_mcm = EXCLUDED.live_capacity_at_frl_mcm, this_year_level_m = EXCLUDED.this_year_level_m, this_year_live_capacity_mcm = EXCLUDED.this_year_live_capacity_mcm, this_year_live_storage_percent = EXCLUDED.this_year_live_storage_percent, this_year_level_observed_date = EXCLUDED.this_year_level_observed_date, this_year_is_stale = EXCLUDED.this_year_is_stale, gate_count_open = EXCLUDED.gate_count_open, gate_discharge_cumec = EXCLUDED.gate_discharge_cumec, last_year_level_m = EXCLUDED.last_year_level_m, last_year_live_capacity_mcm = EXCLUDED.last_year_live_capacity_mcm, last_year_live_storage_percent = EXCLUDED.last_year_live_storage_percent, source_url = EXCLUDED.source_url, raw = EXCLUDED.raw, fetched_at = now();
INSERT INTO dams (dam_id, dam_name, state, district, river_basin, owner_agency, status, risk_class, safety_score, source_registry, source_record_id, source_publication_year, source_url, updated_at) VALUES ('MPWRD-23845', 'Chambleshwar Tank', 'Madhya Pradesh', 'Neemuch', 'Chief Engineer Water Resources Department, Ujjain', 'Madhya Pradesh Water Resources Department', 'operational'::dam_status, 'low'::risk_class, 100.00, 'MPWRD', '23845', 2026, 'https://eims1.mpwrd.gov.in/fcmreport/control/main', now()) ON CONFLICT (dam_id) DO UPDATE SET dam_name = EXCLUDED.dam_name, state = EXCLUDED.state, district = EXCLUDED.district, river_basin = EXCLUDED.river_basin, owner_agency = EXCLUDED.owner_agency, status = EXCLUDED.status, risk_class = EXCLUDED.risk_class, safety_score = EXCLUDED.safety_score, source_registry = EXCLUDED.source_registry, source_record_id = EXCLUDED.source_record_id, source_publication_year = EXCLUDED.source_publication_year, source_url = EXCLUDED.source_url, updated_at = now();
INSERT INTO dam_reservoir (dam_id, reservoir_name, live_storage_mcm, current_storage_mcm, frl_m, updated_at) VALUES ('MPWRD-23845', 'Chambleshwar Tank', 10.99, 12.15, 481.50, now()) ON CONFLICT (dam_id) DO UPDATE SET reservoir_name = EXCLUDED.reservoir_name, live_storage_mcm = EXCLUDED.live_storage_mcm, current_storage_mcm = EXCLUDED.current_storage_mcm, frl_m = EXCLUDED.frl_m, updated_at = now();
INSERT INTO dam_engineering (dam_id, instrumentation, updated_at) VALUES ('MPWRD-23845', '{"basin_office": "Chief Engineer Water Resources Department, Ujjain", "gate_count_open": null, "gate_discharge_cumec": null, "last_year_level_m": null, "last_year_live_capacity_mcm": null, "last_year_live_storage_percent": null, "mpwrd_reservoir_code": "23845", "reading_time": "08:00:00", "this_year_is_stale": true, "this_year_level_observed_date": "2025-09-24"}'::jsonb, now()) ON CONFLICT (dam_id) DO UPDATE SET instrumentation = EXCLUDED.instrumentation, updated_at = now();
INSERT INTO mpwrd_reservoir_levels (source_registry, report_date, reservoir_code, dam_id, basin_office, reservoir_name, reading_time, district, frl_m, live_capacity_at_frl_mcm, this_year_level_m, this_year_live_capacity_mcm, this_year_live_storage_percent, this_year_level_observed_date, this_year_is_stale, gate_count_open, gate_discharge_cumec, last_year_level_m, last_year_live_capacity_mcm, last_year_live_storage_percent, source_url, raw, fetched_at) VALUES ('MPWRD', '2026-05-25', '23845', 'MPWRD-23845', 'Chief Engineer Water Resources Department, Ujjain', 'Chambleshwar Tank', '08:00:00', 'Neemuch', 481.50, 10.99, 481.80, 12.15, 100, '2025-09-24', TRUE, NULL, NULL, NULL, NULL, NULL, 'https://eims1.mpwrd.gov.in/fcmreport/control/main', '{"district": "Neemuch", "frl_m": "481.50", "gate_count_open": "", "gate_discharge_cumec": "", "last_year_level_m": "", "last_year_live_capacity_mcm": "", "last_year_live_storage_percent": "", "live_capacity_at_frl_mcm": "10.99", "reservoir": "Chambleshwar Tank [23845]", "serial": "209.", "this_year_level_m": "481.80 *", "this_year_live_capacity_mcm": "12.15", "this_year_live_storage_percent": "100", "time": "08:00:00"}'::jsonb, now()) ON CONFLICT (source_registry, report_date, reservoir_code) DO UPDATE SET dam_id = EXCLUDED.dam_id, basin_office = EXCLUDED.basin_office, reservoir_name = EXCLUDED.reservoir_name, reading_time = EXCLUDED.reading_time, district = EXCLUDED.district, frl_m = EXCLUDED.frl_m, live_capacity_at_frl_mcm = EXCLUDED.live_capacity_at_frl_mcm, this_year_level_m = EXCLUDED.this_year_level_m, this_year_live_capacity_mcm = EXCLUDED.this_year_live_capacity_mcm, this_year_live_storage_percent = EXCLUDED.this_year_live_storage_percent, this_year_level_observed_date = EXCLUDED.this_year_level_observed_date, this_year_is_stale = EXCLUDED.this_year_is_stale, gate_count_open = EXCLUDED.gate_count_open, gate_discharge_cumec = EXCLUDED.gate_discharge_cumec, last_year_level_m = EXCLUDED.last_year_level_m, last_year_live_capacity_mcm = EXCLUDED.last_year_live_capacity_mcm, last_year_live_storage_percent = EXCLUDED.last_year_live_storage_percent, source_url = EXCLUDED.source_url, raw = EXCLUDED.raw, fetched_at = now();
INSERT INTO dams (dam_id, dam_name, state, district, river_basin, owner_agency, status, risk_class, safety_score, source_registry, source_record_id, source_publication_year, source_url, updated_at) VALUES ('MPWRD-10855', 'Chandrasekhar Tank', 'Madhya Pradesh', 'Dewas', 'Chief Engineer Water Resources Department, Ujjain', 'Madhya Pradesh Water Resources Department', 'operational'::dam_status, 'low'::risk_class, 93.00, 'MPWRD', '10855', 2026, 'https://eims1.mpwrd.gov.in/fcmreport/control/main', now()) ON CONFLICT (dam_id) DO UPDATE SET dam_name = EXCLUDED.dam_name, state = EXCLUDED.state, district = EXCLUDED.district, river_basin = EXCLUDED.river_basin, owner_agency = EXCLUDED.owner_agency, status = EXCLUDED.status, risk_class = EXCLUDED.risk_class, safety_score = EXCLUDED.safety_score, source_registry = EXCLUDED.source_registry, source_record_id = EXCLUDED.source_record_id, source_publication_year = EXCLUDED.source_publication_year, source_url = EXCLUDED.source_url, updated_at = now();
INSERT INTO dam_reservoir (dam_id, reservoir_name, live_storage_mcm, current_storage_mcm, frl_m, updated_at) VALUES ('MPWRD-10855', 'Chandrasekhar Tank', 28.49, 26.51, 367.28, now()) ON CONFLICT (dam_id) DO UPDATE SET reservoir_name = EXCLUDED.reservoir_name, live_storage_mcm = EXCLUDED.live_storage_mcm, current_storage_mcm = EXCLUDED.current_storage_mcm, frl_m = EXCLUDED.frl_m, updated_at = now();
INSERT INTO dam_engineering (dam_id, instrumentation, updated_at) VALUES ('MPWRD-10855', '{"basin_office": "Chief Engineer Water Resources Department, Ujjain", "gate_count_open": null, "gate_discharge_cumec": null, "last_year_level_m": null, "last_year_live_capacity_mcm": null, "last_year_live_storage_percent": null, "mpwrd_reservoir_code": "10855", "reading_time": "08:00:00", "this_year_is_stale": true, "this_year_level_observed_date": "2025-09-24"}'::jsonb, now()) ON CONFLICT (dam_id) DO UPDATE SET instrumentation = EXCLUDED.instrumentation, updated_at = now();
INSERT INTO mpwrd_reservoir_levels (source_registry, report_date, reservoir_code, dam_id, basin_office, reservoir_name, reading_time, district, frl_m, live_capacity_at_frl_mcm, this_year_level_m, this_year_live_capacity_mcm, this_year_live_storage_percent, this_year_level_observed_date, this_year_is_stale, gate_count_open, gate_discharge_cumec, last_year_level_m, last_year_live_capacity_mcm, last_year_live_storage_percent, source_url, raw, fetched_at) VALUES ('MPWRD', '2026-05-25', '10855', 'MPWRD-10855', 'Chief Engineer Water Resources Department, Ujjain', 'Chandrasekhar Tank', '08:00:00', 'Dewas', 367.28, 28.49, 366.90, 26.51, 93, '2025-09-24', TRUE, NULL, NULL, NULL, NULL, NULL, 'https://eims1.mpwrd.gov.in/fcmreport/control/main', '{"district": "Dewas", "frl_m": "367.28", "gate_count_open": "", "gate_discharge_cumec": "", "last_year_level_m": "", "last_year_live_capacity_mcm": "", "last_year_live_storage_percent": "", "live_capacity_at_frl_mcm": "28.49", "reservoir": "Chandrasekhar Tank [10855]", "serial": "210.", "this_year_level_m": "366.90*", "this_year_live_capacity_mcm": "26.51", "this_year_live_storage_percent": "93", "time": "08:00:00"}'::jsonb, now()) ON CONFLICT (source_registry, report_date, reservoir_code) DO UPDATE SET dam_id = EXCLUDED.dam_id, basin_office = EXCLUDED.basin_office, reservoir_name = EXCLUDED.reservoir_name, reading_time = EXCLUDED.reading_time, district = EXCLUDED.district, frl_m = EXCLUDED.frl_m, live_capacity_at_frl_mcm = EXCLUDED.live_capacity_at_frl_mcm, this_year_level_m = EXCLUDED.this_year_level_m, this_year_live_capacity_mcm = EXCLUDED.this_year_live_capacity_mcm, this_year_live_storage_percent = EXCLUDED.this_year_live_storage_percent, this_year_level_observed_date = EXCLUDED.this_year_level_observed_date, this_year_is_stale = EXCLUDED.this_year_is_stale, gate_count_open = EXCLUDED.gate_count_open, gate_discharge_cumec = EXCLUDED.gate_discharge_cumec, last_year_level_m = EXCLUDED.last_year_level_m, last_year_live_capacity_mcm = EXCLUDED.last_year_live_capacity_mcm, last_year_live_storage_percent = EXCLUDED.last_year_live_storage_percent, source_url = EXCLUDED.source_url, raw = EXCLUDED.raw, fetched_at = now();
INSERT INTO dams (dam_id, dam_name, state, district, river_basin, owner_agency, status, risk_class, safety_score, source_registry, source_record_id, source_publication_year, source_url, updated_at) VALUES ('MPWRD-10871', 'Chillar Dam', 'Madhya Pradesh', 'Agar', 'Chief Engineer Water Resources Department, Ujjain', 'Madhya Pradesh Water Resources Department', 'operational'::dam_status, 'moderate'::risk_class, 38.00, 'MPWRD', '10871', 2026, 'https://eims1.mpwrd.gov.in/fcmreport/control/main', now()) ON CONFLICT (dam_id) DO UPDATE SET dam_name = EXCLUDED.dam_name, state = EXCLUDED.state, district = EXCLUDED.district, river_basin = EXCLUDED.river_basin, owner_agency = EXCLUDED.owner_agency, status = EXCLUDED.status, risk_class = EXCLUDED.risk_class, safety_score = EXCLUDED.safety_score, source_registry = EXCLUDED.source_registry, source_record_id = EXCLUDED.source_record_id, source_publication_year = EXCLUDED.source_publication_year, source_url = EXCLUDED.source_url, updated_at = now();
INSERT INTO dam_reservoir (dam_id, reservoir_name, live_storage_mcm, current_storage_mcm, frl_m, updated_at) VALUES ('MPWRD-10871', 'Chillar Dam', 31.11, 12.05, 455.06, now()) ON CONFLICT (dam_id) DO UPDATE SET reservoir_name = EXCLUDED.reservoir_name, live_storage_mcm = EXCLUDED.live_storage_mcm, current_storage_mcm = EXCLUDED.current_storage_mcm, frl_m = EXCLUDED.frl_m, updated_at = now();
INSERT INTO dam_engineering (dam_id, instrumentation, updated_at) VALUES ('MPWRD-10871', '{"basin_office": "Chief Engineer Water Resources Department, Ujjain", "gate_count_open": null, "gate_discharge_cumec": null, "last_year_level_m": null, "last_year_live_capacity_mcm": null, "last_year_live_storage_percent": null, "mpwrd_reservoir_code": "10871", "reading_time": "08:00:00", "this_year_is_stale": true, "this_year_level_observed_date": "2025-09-24"}'::jsonb, now()) ON CONFLICT (dam_id) DO UPDATE SET instrumentation = EXCLUDED.instrumentation, updated_at = now();
INSERT INTO mpwrd_reservoir_levels (source_registry, report_date, reservoir_code, dam_id, basin_office, reservoir_name, reading_time, district, frl_m, live_capacity_at_frl_mcm, this_year_level_m, this_year_live_capacity_mcm, this_year_live_storage_percent, this_year_level_observed_date, this_year_is_stale, gate_count_open, gate_discharge_cumec, last_year_level_m, last_year_live_capacity_mcm, last_year_live_storage_percent, source_url, raw, fetched_at) VALUES ('MPWRD', '2026-05-25', '10871', 'MPWRD-10871', 'Chief Engineer Water Resources Department, Ujjain', 'Chillar Dam', '08:00:00', 'Agar', 455.06, 31.11, 452.19, 12.05, 38, '2025-09-24', TRUE, NULL, NULL, NULL, NULL, NULL, 'https://eims1.mpwrd.gov.in/fcmreport/control/main', '{"district": "Agar", "frl_m": "455.06", "gate_count_open": "", "gate_discharge_cumec": "", "last_year_level_m": "", "last_year_live_capacity_mcm": "", "last_year_live_storage_percent": "", "live_capacity_at_frl_mcm": "31.11", "reservoir": "Chillar Dam [10871]", "serial": "211.", "this_year_level_m": "452.19*", "this_year_live_capacity_mcm": "12.05", "this_year_live_storage_percent": "38", "time": "08:00:00"}'::jsonb, now()) ON CONFLICT (source_registry, report_date, reservoir_code) DO UPDATE SET dam_id = EXCLUDED.dam_id, basin_office = EXCLUDED.basin_office, reservoir_name = EXCLUDED.reservoir_name, reading_time = EXCLUDED.reading_time, district = EXCLUDED.district, frl_m = EXCLUDED.frl_m, live_capacity_at_frl_mcm = EXCLUDED.live_capacity_at_frl_mcm, this_year_level_m = EXCLUDED.this_year_level_m, this_year_live_capacity_mcm = EXCLUDED.this_year_live_capacity_mcm, this_year_live_storage_percent = EXCLUDED.this_year_live_storage_percent, this_year_level_observed_date = EXCLUDED.this_year_level_observed_date, this_year_is_stale = EXCLUDED.this_year_is_stale, gate_count_open = EXCLUDED.gate_count_open, gate_discharge_cumec = EXCLUDED.gate_discharge_cumec, last_year_level_m = EXCLUDED.last_year_level_m, last_year_live_capacity_mcm = EXCLUDED.last_year_live_capacity_mcm, last_year_live_storage_percent = EXCLUDED.last_year_live_storage_percent, source_url = EXCLUDED.source_url, raw = EXCLUDED.raw, fetched_at = now();
INSERT INTO dams (dam_id, dam_name, state, district, river_basin, owner_agency, status, risk_class, safety_score, source_registry, source_record_id, source_publication_year, source_url, updated_at) VALUES ('MPWRD-33110', 'Datuni Medium Tank', 'Madhya Pradesh', 'Dewas', 'Chief Engineer Water Resources Department, Ujjain', 'Madhya Pradesh Water Resources Department', 'operational'::dam_status, 'low'::risk_class, 62.00, 'MPWRD', '33110', 2026, 'https://eims1.mpwrd.gov.in/fcmreport/control/main', now()) ON CONFLICT (dam_id) DO UPDATE SET dam_name = EXCLUDED.dam_name, state = EXCLUDED.state, district = EXCLUDED.district, river_basin = EXCLUDED.river_basin, owner_agency = EXCLUDED.owner_agency, status = EXCLUDED.status, risk_class = EXCLUDED.risk_class, safety_score = EXCLUDED.safety_score, source_registry = EXCLUDED.source_registry, source_record_id = EXCLUDED.source_record_id, source_publication_year = EXCLUDED.source_publication_year, source_url = EXCLUDED.source_url, updated_at = now();
INSERT INTO dam_reservoir (dam_id, reservoir_name, live_storage_mcm, current_storage_mcm, frl_m, updated_at) VALUES ('MPWRD-33110', 'Datuni Medium Tank', 49.13, 30.95, 360.00, now()) ON CONFLICT (dam_id) DO UPDATE SET reservoir_name = EXCLUDED.reservoir_name, live_storage_mcm = EXCLUDED.live_storage_mcm, current_storage_mcm = EXCLUDED.current_storage_mcm, frl_m = EXCLUDED.frl_m, updated_at = now();
INSERT INTO dam_engineering (dam_id, instrumentation, updated_at) VALUES ('MPWRD-33110', '{"basin_office": "Chief Engineer Water Resources Department, Ujjain", "gate_count_open": null, "gate_discharge_cumec": null, "last_year_level_m": null, "last_year_live_capacity_mcm": null, "last_year_live_storage_percent": null, "mpwrd_reservoir_code": "33110", "reading_time": "08:00:00", "this_year_is_stale": true, "this_year_level_observed_date": "2025-09-24"}'::jsonb, now()) ON CONFLICT (dam_id) DO UPDATE SET instrumentation = EXCLUDED.instrumentation, updated_at = now();
INSERT INTO mpwrd_reservoir_levels (source_registry, report_date, reservoir_code, dam_id, basin_office, reservoir_name, reading_time, district, frl_m, live_capacity_at_frl_mcm, this_year_level_m, this_year_live_capacity_mcm, this_year_live_storage_percent, this_year_level_observed_date, this_year_is_stale, gate_count_open, gate_discharge_cumec, last_year_level_m, last_year_live_capacity_mcm, last_year_live_storage_percent, source_url, raw, fetched_at) VALUES ('MPWRD', '2026-05-25', '33110', 'MPWRD-33110', 'Chief Engineer Water Resources Department, Ujjain', 'Datuni Medium Tank', '08:00:00', 'Dewas', 360.00, 49.13, 356.30, 30.95, 62, '2025-09-24', TRUE, NULL, NULL, NULL, NULL, NULL, 'https://eims1.mpwrd.gov.in/fcmreport/control/main', '{"district": "Dewas", "frl_m": "360.00", "gate_count_open": "", "gate_discharge_cumec": "", "last_year_level_m": "", "last_year_live_capacity_mcm": "", "last_year_live_storage_percent": "", "live_capacity_at_frl_mcm": "49.13", "reservoir": "Datuni Medium Tank [33110]", "serial": "212.", "this_year_level_m": "356.30*", "this_year_live_capacity_mcm": "30.95", "this_year_live_storage_percent": "62", "time": "08:00:00"}'::jsonb, now()) ON CONFLICT (source_registry, report_date, reservoir_code) DO UPDATE SET dam_id = EXCLUDED.dam_id, basin_office = EXCLUDED.basin_office, reservoir_name = EXCLUDED.reservoir_name, reading_time = EXCLUDED.reading_time, district = EXCLUDED.district, frl_m = EXCLUDED.frl_m, live_capacity_at_frl_mcm = EXCLUDED.live_capacity_at_frl_mcm, this_year_level_m = EXCLUDED.this_year_level_m, this_year_live_capacity_mcm = EXCLUDED.this_year_live_capacity_mcm, this_year_live_storage_percent = EXCLUDED.this_year_live_storage_percent, this_year_level_observed_date = EXCLUDED.this_year_level_observed_date, this_year_is_stale = EXCLUDED.this_year_is_stale, gate_count_open = EXCLUDED.gate_count_open, gate_discharge_cumec = EXCLUDED.gate_discharge_cumec, last_year_level_m = EXCLUDED.last_year_level_m, last_year_live_capacity_mcm = EXCLUDED.last_year_live_capacity_mcm, last_year_live_storage_percent = EXCLUDED.last_year_live_storage_percent, source_url = EXCLUDED.source_url, raw = EXCLUDED.raw, fetched_at = now();
INSERT INTO dams (dam_id, dam_name, state, district, river_basin, owner_agency, status, risk_class, safety_score, source_registry, source_record_id, source_publication_year, source_url, updated_at) VALUES ('MPWRD-28105', 'Deri Triveni Tank', 'Madhya Pradesh', 'Ratlam', 'Chief Engineer Water Resources Department, Ujjain', 'Madhya Pradesh Water Resources Department', 'operational'::dam_status, 'low'::risk_class, 100.00, 'MPWRD', '28105', 2026, 'https://eims1.mpwrd.gov.in/fcmreport/control/main', now()) ON CONFLICT (dam_id) DO UPDATE SET dam_name = EXCLUDED.dam_name, state = EXCLUDED.state, district = EXCLUDED.district, river_basin = EXCLUDED.river_basin, owner_agency = EXCLUDED.owner_agency, status = EXCLUDED.status, risk_class = EXCLUDED.risk_class, safety_score = EXCLUDED.safety_score, source_registry = EXCLUDED.source_registry, source_record_id = EXCLUDED.source_record_id, source_publication_year = EXCLUDED.source_publication_year, source_url = EXCLUDED.source_url, updated_at = now();
INSERT INTO dam_reservoir (dam_id, reservoir_name, live_storage_mcm, current_storage_mcm, frl_m, updated_at) VALUES ('MPWRD-28105', 'Deri Triveni Tank', 10.82, 10.82, 470.50, now()) ON CONFLICT (dam_id) DO UPDATE SET reservoir_name = EXCLUDED.reservoir_name, live_storage_mcm = EXCLUDED.live_storage_mcm, current_storage_mcm = EXCLUDED.current_storage_mcm, frl_m = EXCLUDED.frl_m, updated_at = now();
INSERT INTO dam_engineering (dam_id, instrumentation, updated_at) VALUES ('MPWRD-28105', '{"basin_office": "Chief Engineer Water Resources Department, Ujjain", "gate_count_open": null, "gate_discharge_cumec": null, "last_year_level_m": null, "last_year_live_capacity_mcm": null, "last_year_live_storage_percent": null, "mpwrd_reservoir_code": "28105", "reading_time": "08:00:00", "this_year_is_stale": true, "this_year_level_observed_date": "2025-09-24"}'::jsonb, now()) ON CONFLICT (dam_id) DO UPDATE SET instrumentation = EXCLUDED.instrumentation, updated_at = now();
INSERT INTO mpwrd_reservoir_levels (source_registry, report_date, reservoir_code, dam_id, basin_office, reservoir_name, reading_time, district, frl_m, live_capacity_at_frl_mcm, this_year_level_m, this_year_live_capacity_mcm, this_year_live_storage_percent, this_year_level_observed_date, this_year_is_stale, gate_count_open, gate_discharge_cumec, last_year_level_m, last_year_live_capacity_mcm, last_year_live_storage_percent, source_url, raw, fetched_at) VALUES ('MPWRD', '2026-05-25', '28105', 'MPWRD-28105', 'Chief Engineer Water Resources Department, Ujjain', 'Deri Triveni Tank', '08:00:00', 'Ratlam', 470.50, 10.82, 470.50, 10.82, 100, '2025-09-24', TRUE, NULL, NULL, NULL, NULL, NULL, 'https://eims1.mpwrd.gov.in/fcmreport/control/main', '{"district": "Ratlam", "frl_m": "470.50", "gate_count_open": "", "gate_discharge_cumec": "", "last_year_level_m": "", "last_year_live_capacity_mcm": "", "last_year_live_storage_percent": "", "live_capacity_at_frl_mcm": "10.82", "reservoir": "Deri Triveni Tank [28105]", "serial": "213.", "this_year_level_m": "470.50 *", "this_year_live_capacity_mcm": "10.82", "this_year_live_storage_percent": "100", "time": "08:00:00"}'::jsonb, now()) ON CONFLICT (source_registry, report_date, reservoir_code) DO UPDATE SET dam_id = EXCLUDED.dam_id, basin_office = EXCLUDED.basin_office, reservoir_name = EXCLUDED.reservoir_name, reading_time = EXCLUDED.reading_time, district = EXCLUDED.district, frl_m = EXCLUDED.frl_m, live_capacity_at_frl_mcm = EXCLUDED.live_capacity_at_frl_mcm, this_year_level_m = EXCLUDED.this_year_level_m, this_year_live_capacity_mcm = EXCLUDED.this_year_live_capacity_mcm, this_year_live_storage_percent = EXCLUDED.this_year_live_storage_percent, this_year_level_observed_date = EXCLUDED.this_year_level_observed_date, this_year_is_stale = EXCLUDED.this_year_is_stale, gate_count_open = EXCLUDED.gate_count_open, gate_discharge_cumec = EXCLUDED.gate_discharge_cumec, last_year_level_m = EXCLUDED.last_year_level_m, last_year_live_capacity_mcm = EXCLUDED.last_year_live_capacity_mcm, last_year_live_storage_percent = EXCLUDED.last_year_live_storage_percent, source_url = EXCLUDED.source_url, raw = EXCLUDED.raw, fetched_at = now();
INSERT INTO dams (dam_id, dam_name, state, district, river_basin, owner_agency, status, risk_class, safety_score, source_registry, source_record_id, source_publication_year, source_url, updated_at) VALUES ('MPWRD-10659', 'Dholawad Tank', 'Madhya Pradesh', 'Ratlam', 'Chief Engineer Water Resources Department, Ujjain', 'Madhya Pradesh Water Resources Department', 'operational'::dam_status, 'low'::risk_class, 100.00, 'MPWRD', '10659', 2026, 'https://eims1.mpwrd.gov.in/fcmreport/control/main', now()) ON CONFLICT (dam_id) DO UPDATE SET dam_name = EXCLUDED.dam_name, state = EXCLUDED.state, district = EXCLUDED.district, river_basin = EXCLUDED.river_basin, owner_agency = EXCLUDED.owner_agency, status = EXCLUDED.status, risk_class = EXCLUDED.risk_class, safety_score = EXCLUDED.safety_score, source_registry = EXCLUDED.source_registry, source_record_id = EXCLUDED.source_record_id, source_publication_year = EXCLUDED.source_publication_year, source_url = EXCLUDED.source_url, updated_at = now();
INSERT INTO dam_reservoir (dam_id, reservoir_name, live_storage_mcm, current_storage_mcm, frl_m, updated_at) VALUES ('MPWRD-10659', 'Dholawad Tank', 49.94, 49.94, 395.00, now()) ON CONFLICT (dam_id) DO UPDATE SET reservoir_name = EXCLUDED.reservoir_name, live_storage_mcm = EXCLUDED.live_storage_mcm, current_storage_mcm = EXCLUDED.current_storage_mcm, frl_m = EXCLUDED.frl_m, updated_at = now();
INSERT INTO dam_engineering (dam_id, instrumentation, updated_at) VALUES ('MPWRD-10659', '{"basin_office": "Chief Engineer Water Resources Department, Ujjain", "gate_count_open": null, "gate_discharge_cumec": null, "last_year_level_m": null, "last_year_live_capacity_mcm": null, "last_year_live_storage_percent": null, "mpwrd_reservoir_code": "10659", "reading_time": "08:00:00", "this_year_is_stale": true, "this_year_level_observed_date": "2025-09-25"}'::jsonb, now()) ON CONFLICT (dam_id) DO UPDATE SET instrumentation = EXCLUDED.instrumentation, updated_at = now();
INSERT INTO mpwrd_reservoir_levels (source_registry, report_date, reservoir_code, dam_id, basin_office, reservoir_name, reading_time, district, frl_m, live_capacity_at_frl_mcm, this_year_level_m, this_year_live_capacity_mcm, this_year_live_storage_percent, this_year_level_observed_date, this_year_is_stale, gate_count_open, gate_discharge_cumec, last_year_level_m, last_year_live_capacity_mcm, last_year_live_storage_percent, source_url, raw, fetched_at) VALUES ('MPWRD', '2026-05-25', '10659', 'MPWRD-10659', 'Chief Engineer Water Resources Department, Ujjain', 'Dholawad Tank', '08:00:00', 'Ratlam', 395.00, 49.94, 395.00, 49.94, 100, '2025-09-25', TRUE, NULL, NULL, NULL, NULL, NULL, 'https://eims1.mpwrd.gov.in/fcmreport/control/main', '{"district": "Ratlam", "frl_m": "395.00", "gate_count_open": "", "gate_discharge_cumec": "", "last_year_level_m": "", "last_year_live_capacity_mcm": "", "last_year_live_storage_percent": "", "live_capacity_at_frl_mcm": "49.94", "reservoir": "Dholawad Tank [10659]", "serial": "214.", "this_year_level_m": "395.00 *", "this_year_live_capacity_mcm": "49.94", "this_year_live_storage_percent": "100", "time": "08:00:00"}'::jsonb, now()) ON CONFLICT (source_registry, report_date, reservoir_code) DO UPDATE SET dam_id = EXCLUDED.dam_id, basin_office = EXCLUDED.basin_office, reservoir_name = EXCLUDED.reservoir_name, reading_time = EXCLUDED.reading_time, district = EXCLUDED.district, frl_m = EXCLUDED.frl_m, live_capacity_at_frl_mcm = EXCLUDED.live_capacity_at_frl_mcm, this_year_level_m = EXCLUDED.this_year_level_m, this_year_live_capacity_mcm = EXCLUDED.this_year_live_capacity_mcm, this_year_live_storage_percent = EXCLUDED.this_year_live_storage_percent, this_year_level_observed_date = EXCLUDED.this_year_level_observed_date, this_year_is_stale = EXCLUDED.this_year_is_stale, gate_count_open = EXCLUDED.gate_count_open, gate_discharge_cumec = EXCLUDED.gate_discharge_cumec, last_year_level_m = EXCLUDED.last_year_level_m, last_year_live_capacity_mcm = EXCLUDED.last_year_live_capacity_mcm, last_year_live_storage_percent = EXCLUDED.last_year_live_storage_percent, source_url = EXCLUDED.source_url, raw = EXCLUDED.raw, fetched_at = now();
INSERT INTO dams (dam_id, dam_name, state, district, river_basin, owner_agency, status, risk_class, safety_score, source_registry, source_record_id, source_publication_year, source_url, updated_at) VALUES ('MPWRD-10645', 'Gandhisagar Dam', 'Madhya Pradesh', 'Mandsaure', 'Chief Engineer Water Resources Department, Ujjain', 'Madhya Pradesh Water Resources Department', 'operational'::dam_status, 'low'::risk_class, 97.00, 'MPWRD', '10645', 2026, 'https://eims1.mpwrd.gov.in/fcmreport/control/main', now()) ON CONFLICT (dam_id) DO UPDATE SET dam_name = EXCLUDED.dam_name, state = EXCLUDED.state, district = EXCLUDED.district, river_basin = EXCLUDED.river_basin, owner_agency = EXCLUDED.owner_agency, status = EXCLUDED.status, risk_class = EXCLUDED.risk_class, safety_score = EXCLUDED.safety_score, source_registry = EXCLUDED.source_registry, source_record_id = EXCLUDED.source_record_id, source_publication_year = EXCLUDED.source_publication_year, source_url = EXCLUDED.source_url, updated_at = now();
INSERT INTO dam_reservoir (dam_id, reservoir_name, live_storage_mcm, current_storage_mcm, frl_m, updated_at) VALUES ('MPWRD-10645', 'Gandhisagar Dam', 6607.42, 6460.29, 399.89, now()) ON CONFLICT (dam_id) DO UPDATE SET reservoir_name = EXCLUDED.reservoir_name, live_storage_mcm = EXCLUDED.live_storage_mcm, current_storage_mcm = EXCLUDED.current_storage_mcm, frl_m = EXCLUDED.frl_m, updated_at = now();
INSERT INTO dam_engineering (dam_id, instrumentation, updated_at) VALUES ('MPWRD-10645', '{"basin_office": "Chief Engineer Water Resources Department, Ujjain", "gate_count_open": null, "gate_discharge_cumec": null, "last_year_level_m": null, "last_year_live_capacity_mcm": null, "last_year_live_storage_percent": null, "mpwrd_reservoir_code": "10645", "reading_time": "08:00:00", "this_year_is_stale": true, "this_year_level_observed_date": "2025-09-25"}'::jsonb, now()) ON CONFLICT (dam_id) DO UPDATE SET instrumentation = EXCLUDED.instrumentation, updated_at = now();
INSERT INTO mpwrd_reservoir_levels (source_registry, report_date, reservoir_code, dam_id, basin_office, reservoir_name, reading_time, district, frl_m, live_capacity_at_frl_mcm, this_year_level_m, this_year_live_capacity_mcm, this_year_live_storage_percent, this_year_level_observed_date, this_year_is_stale, gate_count_open, gate_discharge_cumec, last_year_level_m, last_year_live_capacity_mcm, last_year_live_storage_percent, source_url, raw, fetched_at) VALUES ('MPWRD', '2026-05-25', '10645', 'MPWRD-10645', 'Chief Engineer Water Resources Department, Ujjain', 'Gandhisagar Dam', '08:00:00', 'Mandsaure', 399.89, 6607.42, 399.65, 6460.29, 97, '2025-09-25', TRUE, NULL, NULL, NULL, NULL, NULL, 'https://eims1.mpwrd.gov.in/fcmreport/control/main', '{"district": "Mandsaure", "frl_m": "399.89", "gate_count_open": "", "gate_discharge_cumec": "", "last_year_level_m": "", "last_year_live_capacity_mcm": "", "last_year_live_storage_percent": "", "live_capacity_at_frl_mcm": "6607.42", "reservoir": "Gandhisagar Dam [10645]", "serial": "215.", "this_year_level_m": "399.65*", "this_year_live_capacity_mcm": "6460.29", "this_year_live_storage_percent": "97", "time": "08:00:00"}'::jsonb, now()) ON CONFLICT (source_registry, report_date, reservoir_code) DO UPDATE SET dam_id = EXCLUDED.dam_id, basin_office = EXCLUDED.basin_office, reservoir_name = EXCLUDED.reservoir_name, reading_time = EXCLUDED.reading_time, district = EXCLUDED.district, frl_m = EXCLUDED.frl_m, live_capacity_at_frl_mcm = EXCLUDED.live_capacity_at_frl_mcm, this_year_level_m = EXCLUDED.this_year_level_m, this_year_live_capacity_mcm = EXCLUDED.this_year_live_capacity_mcm, this_year_live_storage_percent = EXCLUDED.this_year_live_storage_percent, this_year_level_observed_date = EXCLUDED.this_year_level_observed_date, this_year_is_stale = EXCLUDED.this_year_is_stale, gate_count_open = EXCLUDED.gate_count_open, gate_discharge_cumec = EXCLUDED.gate_discharge_cumec, last_year_level_m = EXCLUDED.last_year_level_m, last_year_live_capacity_mcm = EXCLUDED.last_year_live_capacity_mcm, last_year_live_storage_percent = EXCLUDED.last_year_live_storage_percent, source_url = EXCLUDED.source_url, raw = EXCLUDED.raw, fetched_at = now();
INSERT INTO dams (dam_id, dam_name, state, district, river_basin, owner_agency, status, risk_class, safety_score, source_registry, source_record_id, source_publication_year, source_url, updated_at) VALUES ('MPWRD-26563', 'Ganeshpura Tank', 'Madhya Pradesh', 'Shajapur', 'Chief Engineer Water Resources Department, Ujjain', 'Madhya Pradesh Water Resources Department', 'operational'::dam_status, 'low'::risk_class, 100.00, 'MPWRD', '26563', 2026, 'https://eims1.mpwrd.gov.in/fcmreport/control/main', now()) ON CONFLICT (dam_id) DO UPDATE SET dam_name = EXCLUDED.dam_name, state = EXCLUDED.state, district = EXCLUDED.district, river_basin = EXCLUDED.river_basin, owner_agency = EXCLUDED.owner_agency, status = EXCLUDED.status, risk_class = EXCLUDED.risk_class, safety_score = EXCLUDED.safety_score, source_registry = EXCLUDED.source_registry, source_record_id = EXCLUDED.source_record_id, source_publication_year = EXCLUDED.source_publication_year, source_url = EXCLUDED.source_url, updated_at = now();
INSERT INTO dam_reservoir (dam_id, reservoir_name, live_storage_mcm, current_storage_mcm, frl_m, updated_at) VALUES ('MPWRD-26563', 'Ganeshpura Tank', 13.96, 13.96, 387.90, now()) ON CONFLICT (dam_id) DO UPDATE SET reservoir_name = EXCLUDED.reservoir_name, live_storage_mcm = EXCLUDED.live_storage_mcm, current_storage_mcm = EXCLUDED.current_storage_mcm, frl_m = EXCLUDED.frl_m, updated_at = now();
INSERT INTO dam_engineering (dam_id, instrumentation, updated_at) VALUES ('MPWRD-26563', '{"basin_office": "Chief Engineer Water Resources Department, Ujjain", "gate_count_open": null, "gate_discharge_cumec": null, "last_year_level_m": null, "last_year_live_capacity_mcm": null, "last_year_live_storage_percent": null, "mpwrd_reservoir_code": "26563", "reading_time": "08:00:00", "this_year_is_stale": true, "this_year_level_observed_date": "2025-09-24"}'::jsonb, now()) ON CONFLICT (dam_id) DO UPDATE SET instrumentation = EXCLUDED.instrumentation, updated_at = now();
INSERT INTO mpwrd_reservoir_levels (source_registry, report_date, reservoir_code, dam_id, basin_office, reservoir_name, reading_time, district, frl_m, live_capacity_at_frl_mcm, this_year_level_m, this_year_live_capacity_mcm, this_year_live_storage_percent, this_year_level_observed_date, this_year_is_stale, gate_count_open, gate_discharge_cumec, last_year_level_m, last_year_live_capacity_mcm, last_year_live_storage_percent, source_url, raw, fetched_at) VALUES ('MPWRD', '2026-05-25', '26563', 'MPWRD-26563', 'Chief Engineer Water Resources Department, Ujjain', 'Ganeshpura Tank', '08:00:00', 'Shajapur', 387.90, 13.96, 387.90, 13.96, 100, '2025-09-24', TRUE, NULL, NULL, NULL, NULL, NULL, 'https://eims1.mpwrd.gov.in/fcmreport/control/main', '{"district": "Shajapur", "frl_m": "387.90", "gate_count_open": "", "gate_discharge_cumec": "", "last_year_level_m": "", "last_year_live_capacity_mcm": "", "last_year_live_storage_percent": "", "live_capacity_at_frl_mcm": "13.96", "reservoir": "Ganeshpura Tank [26563]", "serial": "216.", "this_year_level_m": "387.90 *", "this_year_live_capacity_mcm": "13.96", "this_year_live_storage_percent": "100", "time": "08:00:00"}'::jsonb, now()) ON CONFLICT (source_registry, report_date, reservoir_code) DO UPDATE SET dam_id = EXCLUDED.dam_id, basin_office = EXCLUDED.basin_office, reservoir_name = EXCLUDED.reservoir_name, reading_time = EXCLUDED.reading_time, district = EXCLUDED.district, frl_m = EXCLUDED.frl_m, live_capacity_at_frl_mcm = EXCLUDED.live_capacity_at_frl_mcm, this_year_level_m = EXCLUDED.this_year_level_m, this_year_live_capacity_mcm = EXCLUDED.this_year_live_capacity_mcm, this_year_live_storage_percent = EXCLUDED.this_year_live_storage_percent, this_year_level_observed_date = EXCLUDED.this_year_level_observed_date, this_year_is_stale = EXCLUDED.this_year_is_stale, gate_count_open = EXCLUDED.gate_count_open, gate_discharge_cumec = EXCLUDED.gate_discharge_cumec, last_year_level_m = EXCLUDED.last_year_level_m, last_year_live_capacity_mcm = EXCLUDED.last_year_live_capacity_mcm, last_year_live_storage_percent = EXCLUDED.last_year_live_storage_percent, source_url = EXCLUDED.source_url, raw = EXCLUDED.raw, fetched_at = now();
INSERT INTO dams (dam_id, dam_name, state, district, river_basin, owner_agency, status, risk_class, safety_score, source_registry, source_record_id, source_publication_year, source_url, updated_at) VALUES ('MPWRD-32237', 'Hameriya Tank', 'Madhya Pradesh', 'Neemuch', 'Chief Engineer Water Resources Department, Ujjain', 'Madhya Pradesh Water Resources Department', 'operational'::dam_status, 'low'::risk_class, 100.00, 'MPWRD', '32237', 2026, 'https://eims1.mpwrd.gov.in/fcmreport/control/main', now()) ON CONFLICT (dam_id) DO UPDATE SET dam_name = EXCLUDED.dam_name, state = EXCLUDED.state, district = EXCLUDED.district, river_basin = EXCLUDED.river_basin, owner_agency = EXCLUDED.owner_agency, status = EXCLUDED.status, risk_class = EXCLUDED.risk_class, safety_score = EXCLUDED.safety_score, source_registry = EXCLUDED.source_registry, source_record_id = EXCLUDED.source_record_id, source_publication_year = EXCLUDED.source_publication_year, source_url = EXCLUDED.source_url, updated_at = now();
INSERT INTO dam_reservoir (dam_id, reservoir_name, live_storage_mcm, current_storage_mcm, frl_m, updated_at) VALUES ('MPWRD-32237', 'Hameriya Tank', 6.37, 6.37, 447.30, now()) ON CONFLICT (dam_id) DO UPDATE SET reservoir_name = EXCLUDED.reservoir_name, live_storage_mcm = EXCLUDED.live_storage_mcm, current_storage_mcm = EXCLUDED.current_storage_mcm, frl_m = EXCLUDED.frl_m, updated_at = now();
INSERT INTO dam_engineering (dam_id, instrumentation, updated_at) VALUES ('MPWRD-32237', '{"basin_office": "Chief Engineer Water Resources Department, Ujjain", "gate_count_open": null, "gate_discharge_cumec": null, "last_year_level_m": null, "last_year_live_capacity_mcm": null, "last_year_live_storage_percent": null, "mpwrd_reservoir_code": "32237", "reading_time": "08:00:00", "this_year_is_stale": true, "this_year_level_observed_date": "2025-09-24"}'::jsonb, now()) ON CONFLICT (dam_id) DO UPDATE SET instrumentation = EXCLUDED.instrumentation, updated_at = now();
INSERT INTO mpwrd_reservoir_levels (source_registry, report_date, reservoir_code, dam_id, basin_office, reservoir_name, reading_time, district, frl_m, live_capacity_at_frl_mcm, this_year_level_m, this_year_live_capacity_mcm, this_year_live_storage_percent, this_year_level_observed_date, this_year_is_stale, gate_count_open, gate_discharge_cumec, last_year_level_m, last_year_live_capacity_mcm, last_year_live_storage_percent, source_url, raw, fetched_at) VALUES ('MPWRD', '2026-05-25', '32237', 'MPWRD-32237', 'Chief Engineer Water Resources Department, Ujjain', 'Hameriya Tank', '08:00:00', 'Neemuch', 447.30, 6.37, 447.30, 6.37, 100, '2025-09-24', TRUE, NULL, NULL, NULL, NULL, NULL, 'https://eims1.mpwrd.gov.in/fcmreport/control/main', '{"district": "Neemuch", "frl_m": "447.30", "gate_count_open": "", "gate_discharge_cumec": "", "last_year_level_m": "", "last_year_live_capacity_mcm": "", "last_year_live_storage_percent": "", "live_capacity_at_frl_mcm": "6.37", "reservoir": "Hameriya Tank [32237]", "serial": "217.", "this_year_level_m": "447.30 *", "this_year_live_capacity_mcm": "6.37", "this_year_live_storage_percent": "100", "time": "08:00:00"}'::jsonb, now()) ON CONFLICT (source_registry, report_date, reservoir_code) DO UPDATE SET dam_id = EXCLUDED.dam_id, basin_office = EXCLUDED.basin_office, reservoir_name = EXCLUDED.reservoir_name, reading_time = EXCLUDED.reading_time, district = EXCLUDED.district, frl_m = EXCLUDED.frl_m, live_capacity_at_frl_mcm = EXCLUDED.live_capacity_at_frl_mcm, this_year_level_m = EXCLUDED.this_year_level_m, this_year_live_capacity_mcm = EXCLUDED.this_year_live_capacity_mcm, this_year_live_storage_percent = EXCLUDED.this_year_live_storage_percent, this_year_level_observed_date = EXCLUDED.this_year_level_observed_date, this_year_is_stale = EXCLUDED.this_year_is_stale, gate_count_open = EXCLUDED.gate_count_open, gate_discharge_cumec = EXCLUDED.gate_discharge_cumec, last_year_level_m = EXCLUDED.last_year_level_m, last_year_live_capacity_mcm = EXCLUDED.last_year_live_capacity_mcm, last_year_live_storage_percent = EXCLUDED.last_year_live_storage_percent, source_url = EXCLUDED.source_url, raw = EXCLUDED.raw, fetched_at = now();
INSERT INTO dams (dam_id, dam_name, state, district, river_basin, owner_agency, status, risk_class, safety_score, source_registry, source_record_id, source_publication_year, source_url, updated_at) VALUES ('MPWRD-41816', 'Indokh Barrage', 'Madhya Pradesh', 'Ujjain', 'Chief Engineer Water Resources Department, Ujjain', 'Madhya Pradesh Water Resources Department', 'operational'::dam_status, 'low'::risk_class, 83.00, 'MPWRD', '41816', 2026, 'https://eims1.mpwrd.gov.in/fcmreport/control/main', now()) ON CONFLICT (dam_id) DO UPDATE SET dam_name = EXCLUDED.dam_name, state = EXCLUDED.state, district = EXCLUDED.district, river_basin = EXCLUDED.river_basin, owner_agency = EXCLUDED.owner_agency, status = EXCLUDED.status, risk_class = EXCLUDED.risk_class, safety_score = EXCLUDED.safety_score, source_registry = EXCLUDED.source_registry, source_record_id = EXCLUDED.source_record_id, source_publication_year = EXCLUDED.source_publication_year, source_url = EXCLUDED.source_url, updated_at = now();
INSERT INTO dam_reservoir (dam_id, reservoir_name, live_storage_mcm, current_storage_mcm, frl_m, updated_at) VALUES ('MPWRD-41816', 'Indokh Barrage', 28.27, 23.62, 496.00, now()) ON CONFLICT (dam_id) DO UPDATE SET reservoir_name = EXCLUDED.reservoir_name, live_storage_mcm = EXCLUDED.live_storage_mcm, current_storage_mcm = EXCLUDED.current_storage_mcm, frl_m = EXCLUDED.frl_m, updated_at = now();
INSERT INTO dam_engineering (dam_id, instrumentation, updated_at) VALUES ('MPWRD-41816', '{"basin_office": "Chief Engineer Water Resources Department, Ujjain", "gate_count_open": null, "gate_discharge_cumec": null, "last_year_level_m": null, "last_year_live_capacity_mcm": null, "last_year_live_storage_percent": null, "mpwrd_reservoir_code": "41816", "reading_time": "08:00:00", "this_year_is_stale": true, "this_year_level_observed_date": "2025-09-24"}'::jsonb, now()) ON CONFLICT (dam_id) DO UPDATE SET instrumentation = EXCLUDED.instrumentation, updated_at = now();
INSERT INTO mpwrd_reservoir_levels (source_registry, report_date, reservoir_code, dam_id, basin_office, reservoir_name, reading_time, district, frl_m, live_capacity_at_frl_mcm, this_year_level_m, this_year_live_capacity_mcm, this_year_live_storage_percent, this_year_level_observed_date, this_year_is_stale, gate_count_open, gate_discharge_cumec, last_year_level_m, last_year_live_capacity_mcm, last_year_live_storage_percent, source_url, raw, fetched_at) VALUES ('MPWRD', '2026-05-25', '41816', 'MPWRD-41816', 'Chief Engineer Water Resources Department, Ujjain', 'Indokh Barrage', '08:00:00', 'Ujjain', 496.00, 28.27, 495.00, 23.62, 83, '2025-09-24', TRUE, NULL, NULL, NULL, NULL, NULL, 'https://eims1.mpwrd.gov.in/fcmreport/control/main', '{"district": "Ujjain", "frl_m": "496.00", "gate_count_open": "", "gate_discharge_cumec": "", "last_year_level_m": "", "last_year_live_capacity_mcm": "", "last_year_live_storage_percent": "", "live_capacity_at_frl_mcm": "28.27", "reservoir": "Indokh Barrage [41816]", "serial": "218.", "this_year_level_m": "495.00*", "this_year_live_capacity_mcm": "23.62", "this_year_live_storage_percent": "83", "time": "08:00:00"}'::jsonb, now()) ON CONFLICT (source_registry, report_date, reservoir_code) DO UPDATE SET dam_id = EXCLUDED.dam_id, basin_office = EXCLUDED.basin_office, reservoir_name = EXCLUDED.reservoir_name, reading_time = EXCLUDED.reading_time, district = EXCLUDED.district, frl_m = EXCLUDED.frl_m, live_capacity_at_frl_mcm = EXCLUDED.live_capacity_at_frl_mcm, this_year_level_m = EXCLUDED.this_year_level_m, this_year_live_capacity_mcm = EXCLUDED.this_year_live_capacity_mcm, this_year_live_storage_percent = EXCLUDED.this_year_live_storage_percent, this_year_level_observed_date = EXCLUDED.this_year_level_observed_date, this_year_is_stale = EXCLUDED.this_year_is_stale, gate_count_open = EXCLUDED.gate_count_open, gate_discharge_cumec = EXCLUDED.gate_discharge_cumec, last_year_level_m = EXCLUDED.last_year_level_m, last_year_live_capacity_mcm = EXCLUDED.last_year_live_capacity_mcm, last_year_live_storage_percent = EXCLUDED.last_year_live_storage_percent, source_url = EXCLUDED.source_url, raw = EXCLUDED.raw, fetched_at = now();
INSERT INTO dams (dam_id, dam_name, state, district, river_basin, owner_agency, status, risk_class, safety_score, source_registry, source_record_id, source_publication_year, source_url, updated_at) VALUES ('MPWRD-32321', 'Kachhal Tank Project', 'Madhya Pradesh', 'Shajapur', 'Chief Engineer Water Resources Department, Ujjain', 'Madhya Pradesh Water Resources Department', 'operational'::dam_status, 'low'::risk_class, 100.00, 'MPWRD', '32321', 2026, 'https://eims1.mpwrd.gov.in/fcmreport/control/main', now()) ON CONFLICT (dam_id) DO UPDATE SET dam_name = EXCLUDED.dam_name, state = EXCLUDED.state, district = EXCLUDED.district, river_basin = EXCLUDED.river_basin, owner_agency = EXCLUDED.owner_agency, status = EXCLUDED.status, risk_class = EXCLUDED.risk_class, safety_score = EXCLUDED.safety_score, source_registry = EXCLUDED.source_registry, source_record_id = EXCLUDED.source_record_id, source_publication_year = EXCLUDED.source_publication_year, source_url = EXCLUDED.source_url, updated_at = now();
INSERT INTO dam_reservoir (dam_id, reservoir_name, live_storage_mcm, current_storage_mcm, frl_m, updated_at) VALUES ('MPWRD-32321', 'Kachhal Tank Project', 16.40, 16.40, 467.35, now()) ON CONFLICT (dam_id) DO UPDATE SET reservoir_name = EXCLUDED.reservoir_name, live_storage_mcm = EXCLUDED.live_storage_mcm, current_storage_mcm = EXCLUDED.current_storage_mcm, frl_m = EXCLUDED.frl_m, updated_at = now();
INSERT INTO dam_engineering (dam_id, instrumentation, updated_at) VALUES ('MPWRD-32321', '{"basin_office": "Chief Engineer Water Resources Department, Ujjain", "gate_count_open": null, "gate_discharge_cumec": null, "last_year_level_m": null, "last_year_live_capacity_mcm": null, "last_year_live_storage_percent": null, "mpwrd_reservoir_code": "32321", "reading_time": "08:00:00", "this_year_is_stale": true, "this_year_level_observed_date": "2025-09-18"}'::jsonb, now()) ON CONFLICT (dam_id) DO UPDATE SET instrumentation = EXCLUDED.instrumentation, updated_at = now();
INSERT INTO mpwrd_reservoir_levels (source_registry, report_date, reservoir_code, dam_id, basin_office, reservoir_name, reading_time, district, frl_m, live_capacity_at_frl_mcm, this_year_level_m, this_year_live_capacity_mcm, this_year_live_storage_percent, this_year_level_observed_date, this_year_is_stale, gate_count_open, gate_discharge_cumec, last_year_level_m, last_year_live_capacity_mcm, last_year_live_storage_percent, source_url, raw, fetched_at) VALUES ('MPWRD', '2026-05-25', '32321', 'MPWRD-32321', 'Chief Engineer Water Resources Department, Ujjain', 'Kachhal Tank Project', '08:00:00', 'Shajapur', 467.35, 16.40, 467.35, 16.40, 100, '2025-09-18', TRUE, NULL, NULL, NULL, NULL, NULL, 'https://eims1.mpwrd.gov.in/fcmreport/control/main', '{"district": "Shajapur", "frl_m": "467.35", "gate_count_open": "", "gate_discharge_cumec": "", "last_year_level_m": "", "last_year_live_capacity_mcm": "", "last_year_live_storage_percent": "", "live_capacity_at_frl_mcm": "16.40", "reservoir": "Kachhal Tank Project [32321]", "serial": "219.", "this_year_level_m": "467.35 *", "this_year_live_capacity_mcm": "16.40", "this_year_live_storage_percent": "100", "time": "08:00:00"}'::jsonb, now()) ON CONFLICT (source_registry, report_date, reservoir_code) DO UPDATE SET dam_id = EXCLUDED.dam_id, basin_office = EXCLUDED.basin_office, reservoir_name = EXCLUDED.reservoir_name, reading_time = EXCLUDED.reading_time, district = EXCLUDED.district, frl_m = EXCLUDED.frl_m, live_capacity_at_frl_mcm = EXCLUDED.live_capacity_at_frl_mcm, this_year_level_m = EXCLUDED.this_year_level_m, this_year_live_capacity_mcm = EXCLUDED.this_year_live_capacity_mcm, this_year_live_storage_percent = EXCLUDED.this_year_live_storage_percent, this_year_level_observed_date = EXCLUDED.this_year_level_observed_date, this_year_is_stale = EXCLUDED.this_year_is_stale, gate_count_open = EXCLUDED.gate_count_open, gate_discharge_cumec = EXCLUDED.gate_discharge_cumec, last_year_level_m = EXCLUDED.last_year_level_m, last_year_live_capacity_mcm = EXCLUDED.last_year_live_capacity_mcm, last_year_live_storage_percent = EXCLUDED.last_year_live_storage_percent, source_url = EXCLUDED.source_url, raw = EXCLUDED.raw, fetched_at = now();
INSERT INTO dams (dam_id, dam_name, state, district, river_basin, owner_agency, status, risk_class, safety_score, source_registry, source_record_id, source_publication_year, source_url, updated_at) VALUES ('MPWRD-11107', 'Kaka Sahab gadagil sagar Project', 'Madhya Pradesh', 'Mandsaure', 'Chief Engineer Water Resources Department, Ujjain', 'Madhya Pradesh Water Resources Department', 'operational'::dam_status, 'low'::risk_class, 83.00, 'MPWRD', '11107', 2026, 'https://eims1.mpwrd.gov.in/fcmreport/control/main', now()) ON CONFLICT (dam_id) DO UPDATE SET dam_name = EXCLUDED.dam_name, state = EXCLUDED.state, district = EXCLUDED.district, river_basin = EXCLUDED.river_basin, owner_agency = EXCLUDED.owner_agency, status = EXCLUDED.status, risk_class = EXCLUDED.risk_class, safety_score = EXCLUDED.safety_score, source_registry = EXCLUDED.source_registry, source_record_id = EXCLUDED.source_record_id, source_publication_year = EXCLUDED.source_publication_year, source_url = EXCLUDED.source_url, updated_at = now();
INSERT INTO dam_reservoir (dam_id, reservoir_name, live_storage_mcm, current_storage_mcm, frl_m, updated_at) VALUES ('MPWRD-11107', 'Kaka Sahab gadagil sagar Project', 20.24, 16.94, 460.80, now()) ON CONFLICT (dam_id) DO UPDATE SET reservoir_name = EXCLUDED.reservoir_name, live_storage_mcm = EXCLUDED.live_storage_mcm, current_storage_mcm = EXCLUDED.current_storage_mcm, frl_m = EXCLUDED.frl_m, updated_at = now();
INSERT INTO dam_engineering (dam_id, instrumentation, updated_at) VALUES ('MPWRD-11107', '{"basin_office": "Chief Engineer Water Resources Department, Ujjain", "gate_count_open": null, "gate_discharge_cumec": null, "last_year_level_m": null, "last_year_live_capacity_mcm": null, "last_year_live_storage_percent": null, "mpwrd_reservoir_code": "11107", "reading_time": "08:00:00", "this_year_is_stale": true, "this_year_level_observed_date": "2025-09-25"}'::jsonb, now()) ON CONFLICT (dam_id) DO UPDATE SET instrumentation = EXCLUDED.instrumentation, updated_at = now();
INSERT INTO mpwrd_reservoir_levels (source_registry, report_date, reservoir_code, dam_id, basin_office, reservoir_name, reading_time, district, frl_m, live_capacity_at_frl_mcm, this_year_level_m, this_year_live_capacity_mcm, this_year_live_storage_percent, this_year_level_observed_date, this_year_is_stale, gate_count_open, gate_discharge_cumec, last_year_level_m, last_year_live_capacity_mcm, last_year_live_storage_percent, source_url, raw, fetched_at) VALUES ('MPWRD', '2026-05-25', '11107', 'MPWRD-11107', 'Chief Engineer Water Resources Department, Ujjain', 'Kaka Sahab gadagil sagar Project', '08:00:00', 'Mandsaure', 460.80, 20.24, 460.50, 16.94, 83, '2025-09-25', TRUE, NULL, NULL, NULL, NULL, NULL, 'https://eims1.mpwrd.gov.in/fcmreport/control/main', '{"district": "Mandsaure", "frl_m": "460.80", "gate_count_open": "", "gate_discharge_cumec": "", "last_year_level_m": "", "last_year_live_capacity_mcm": "", "last_year_live_storage_percent": "", "live_capacity_at_frl_mcm": "20.24", "reservoir": "Kaka Sahab gadagil sagar Project [11107]", "serial": "220.", "this_year_level_m": "460.50*", "this_year_live_capacity_mcm": "16.94", "this_year_live_storage_percent": "83", "time": "08:00:00"}'::jsonb, now()) ON CONFLICT (source_registry, report_date, reservoir_code) DO UPDATE SET dam_id = EXCLUDED.dam_id, basin_office = EXCLUDED.basin_office, reservoir_name = EXCLUDED.reservoir_name, reading_time = EXCLUDED.reading_time, district = EXCLUDED.district, frl_m = EXCLUDED.frl_m, live_capacity_at_frl_mcm = EXCLUDED.live_capacity_at_frl_mcm, this_year_level_m = EXCLUDED.this_year_level_m, this_year_live_capacity_mcm = EXCLUDED.this_year_live_capacity_mcm, this_year_live_storage_percent = EXCLUDED.this_year_live_storage_percent, this_year_level_observed_date = EXCLUDED.this_year_level_observed_date, this_year_is_stale = EXCLUDED.this_year_is_stale, gate_count_open = EXCLUDED.gate_count_open, gate_discharge_cumec = EXCLUDED.gate_discharge_cumec, last_year_level_m = EXCLUDED.last_year_level_m, last_year_live_capacity_mcm = EXCLUDED.last_year_live_capacity_mcm, last_year_live_storage_percent = EXCLUDED.last_year_live_storage_percent, source_url = EXCLUDED.source_url, raw = EXCLUDED.raw, fetched_at = now();
INSERT INTO dams (dam_id, dam_name, state, district, river_basin, owner_agency, status, risk_class, safety_score, source_registry, source_record_id, source_publication_year, source_url, updated_at) VALUES ('MPWRD-39041', 'Kaneri Tank Project', 'Madhya Pradesh', 'Ratlam', 'Chief Engineer Water Resources Department, Ujjain', 'Madhya Pradesh Water Resources Department', 'operational'::dam_status, 'low'::risk_class, 100.00, 'MPWRD', '39041', 2026, 'https://eims1.mpwrd.gov.in/fcmreport/control/main', now()) ON CONFLICT (dam_id) DO UPDATE SET dam_name = EXCLUDED.dam_name, state = EXCLUDED.state, district = EXCLUDED.district, river_basin = EXCLUDED.river_basin, owner_agency = EXCLUDED.owner_agency, status = EXCLUDED.status, risk_class = EXCLUDED.risk_class, safety_score = EXCLUDED.safety_score, source_registry = EXCLUDED.source_registry, source_record_id = EXCLUDED.source_record_id, source_publication_year = EXCLUDED.source_publication_year, source_url = EXCLUDED.source_url, updated_at = now();
INSERT INTO dam_reservoir (dam_id, reservoir_name, live_storage_mcm, current_storage_mcm, frl_m, updated_at) VALUES ('MPWRD-39041', 'Kaneri Tank Project', 12.21, 12.21, 427.50, now()) ON CONFLICT (dam_id) DO UPDATE SET reservoir_name = EXCLUDED.reservoir_name, live_storage_mcm = EXCLUDED.live_storage_mcm, current_storage_mcm = EXCLUDED.current_storage_mcm, frl_m = EXCLUDED.frl_m, updated_at = now();
INSERT INTO dam_engineering (dam_id, instrumentation, updated_at) VALUES ('MPWRD-39041', '{"basin_office": "Chief Engineer Water Resources Department, Ujjain", "gate_count_open": null, "gate_discharge_cumec": null, "last_year_level_m": null, "last_year_live_capacity_mcm": null, "last_year_live_storage_percent": null, "mpwrd_reservoir_code": "39041", "reading_time": "08:00:00", "this_year_is_stale": true, "this_year_level_observed_date": "2025-09-24"}'::jsonb, now()) ON CONFLICT (dam_id) DO UPDATE SET instrumentation = EXCLUDED.instrumentation, updated_at = now();
INSERT INTO mpwrd_reservoir_levels (source_registry, report_date, reservoir_code, dam_id, basin_office, reservoir_name, reading_time, district, frl_m, live_capacity_at_frl_mcm, this_year_level_m, this_year_live_capacity_mcm, this_year_live_storage_percent, this_year_level_observed_date, this_year_is_stale, gate_count_open, gate_discharge_cumec, last_year_level_m, last_year_live_capacity_mcm, last_year_live_storage_percent, source_url, raw, fetched_at) VALUES ('MPWRD', '2026-05-25', '39041', 'MPWRD-39041', 'Chief Engineer Water Resources Department, Ujjain', 'Kaneri Tank Project', '08:00:00', 'Ratlam', 427.50, 12.21, 427.50, 12.21, 100, '2025-09-24', TRUE, NULL, NULL, NULL, NULL, NULL, 'https://eims1.mpwrd.gov.in/fcmreport/control/main', '{"district": "Ratlam", "frl_m": "427.50", "gate_count_open": "", "gate_discharge_cumec": "", "last_year_level_m": "", "last_year_live_capacity_mcm": "", "last_year_live_storage_percent": "", "live_capacity_at_frl_mcm": "12.21", "reservoir": "Kaneri Tank Project [39041]", "serial": "221.", "this_year_level_m": "427.50 *", "this_year_live_capacity_mcm": "12.21", "this_year_live_storage_percent": "100", "time": "08:00:00"}'::jsonb, now()) ON CONFLICT (source_registry, report_date, reservoir_code) DO UPDATE SET dam_id = EXCLUDED.dam_id, basin_office = EXCLUDED.basin_office, reservoir_name = EXCLUDED.reservoir_name, reading_time = EXCLUDED.reading_time, district = EXCLUDED.district, frl_m = EXCLUDED.frl_m, live_capacity_at_frl_mcm = EXCLUDED.live_capacity_at_frl_mcm, this_year_level_m = EXCLUDED.this_year_level_m, this_year_live_capacity_mcm = EXCLUDED.this_year_live_capacity_mcm, this_year_live_storage_percent = EXCLUDED.this_year_live_storage_percent, this_year_level_observed_date = EXCLUDED.this_year_level_observed_date, this_year_is_stale = EXCLUDED.this_year_is_stale, gate_count_open = EXCLUDED.gate_count_open, gate_discharge_cumec = EXCLUDED.gate_discharge_cumec, last_year_level_m = EXCLUDED.last_year_level_m, last_year_live_capacity_mcm = EXCLUDED.last_year_live_capacity_mcm, last_year_live_storage_percent = EXCLUDED.last_year_live_storage_percent, source_url = EXCLUDED.source_url, raw = EXCLUDED.raw, fetched_at = now();
INSERT INTO dams (dam_id, dam_name, state, district, river_basin, owner_agency, status, risk_class, safety_score, source_registry, source_record_id, source_publication_year, source_url, updated_at) VALUES ('MPWRD-30895', 'Keet Khedi Tank', 'Madhya Pradesh', 'Shajapur', 'Chief Engineer Water Resources Department, Ujjain', 'Madhya Pradesh Water Resources Department', 'operational'::dam_status, 'low'::risk_class, 100.00, 'MPWRD', '30895', 2026, 'https://eims1.mpwrd.gov.in/fcmreport/control/main', now()) ON CONFLICT (dam_id) DO UPDATE SET dam_name = EXCLUDED.dam_name, state = EXCLUDED.state, district = EXCLUDED.district, river_basin = EXCLUDED.river_basin, owner_agency = EXCLUDED.owner_agency, status = EXCLUDED.status, risk_class = EXCLUDED.risk_class, safety_score = EXCLUDED.safety_score, source_registry = EXCLUDED.source_registry, source_record_id = EXCLUDED.source_record_id, source_publication_year = EXCLUDED.source_publication_year, source_url = EXCLUDED.source_url, updated_at = now();
INSERT INTO dam_reservoir (dam_id, reservoir_name, live_storage_mcm, current_storage_mcm, frl_m, updated_at) VALUES ('MPWRD-30895', 'Keet Khedi Tank', 19.05, 19.05, 384.50, now()) ON CONFLICT (dam_id) DO UPDATE SET reservoir_name = EXCLUDED.reservoir_name, live_storage_mcm = EXCLUDED.live_storage_mcm, current_storage_mcm = EXCLUDED.current_storage_mcm, frl_m = EXCLUDED.frl_m, updated_at = now();
INSERT INTO dam_engineering (dam_id, instrumentation, updated_at) VALUES ('MPWRD-30895', '{"basin_office": "Chief Engineer Water Resources Department, Ujjain", "gate_count_open": null, "gate_discharge_cumec": null, "last_year_level_m": null, "last_year_live_capacity_mcm": null, "last_year_live_storage_percent": null, "mpwrd_reservoir_code": "30895", "reading_time": "08:00:00", "this_year_is_stale": true, "this_year_level_observed_date": "2025-09-24"}'::jsonb, now()) ON CONFLICT (dam_id) DO UPDATE SET instrumentation = EXCLUDED.instrumentation, updated_at = now();
INSERT INTO mpwrd_reservoir_levels (source_registry, report_date, reservoir_code, dam_id, basin_office, reservoir_name, reading_time, district, frl_m, live_capacity_at_frl_mcm, this_year_level_m, this_year_live_capacity_mcm, this_year_live_storage_percent, this_year_level_observed_date, this_year_is_stale, gate_count_open, gate_discharge_cumec, last_year_level_m, last_year_live_capacity_mcm, last_year_live_storage_percent, source_url, raw, fetched_at) VALUES ('MPWRD', '2026-05-25', '30895', 'MPWRD-30895', 'Chief Engineer Water Resources Department, Ujjain', 'Keet Khedi Tank', '08:00:00', 'Shajapur', 384.50, 19.05, 384.50, 19.05, 100, '2025-09-24', TRUE, NULL, NULL, NULL, NULL, NULL, 'https://eims1.mpwrd.gov.in/fcmreport/control/main', '{"district": "Shajapur", "frl_m": "384.50", "gate_count_open": "", "gate_discharge_cumec": "", "last_year_level_m": "", "last_year_live_capacity_mcm": "", "last_year_live_storage_percent": "", "live_capacity_at_frl_mcm": "19.05", "reservoir": "Keet Khedi Tank [30895]", "serial": "222.", "this_year_level_m": "384.50 *", "this_year_live_capacity_mcm": "19.05", "this_year_live_storage_percent": "100", "time": "08:00:00"}'::jsonb, now()) ON CONFLICT (source_registry, report_date, reservoir_code) DO UPDATE SET dam_id = EXCLUDED.dam_id, basin_office = EXCLUDED.basin_office, reservoir_name = EXCLUDED.reservoir_name, reading_time = EXCLUDED.reading_time, district = EXCLUDED.district, frl_m = EXCLUDED.frl_m, live_capacity_at_frl_mcm = EXCLUDED.live_capacity_at_frl_mcm, this_year_level_m = EXCLUDED.this_year_level_m, this_year_live_capacity_mcm = EXCLUDED.this_year_live_capacity_mcm, this_year_live_storage_percent = EXCLUDED.this_year_live_storage_percent, this_year_level_observed_date = EXCLUDED.this_year_level_observed_date, this_year_is_stale = EXCLUDED.this_year_is_stale, gate_count_open = EXCLUDED.gate_count_open, gate_discharge_cumec = EXCLUDED.gate_discharge_cumec, last_year_level_m = EXCLUDED.last_year_level_m, last_year_live_capacity_mcm = EXCLUDED.last_year_live_capacity_mcm, last_year_live_storage_percent = EXCLUDED.last_year_live_storage_percent, source_url = EXCLUDED.source_url, raw = EXCLUDED.raw, fetched_at = now();
INSERT INTO dams (dam_id, dam_name, state, district, river_basin, owner_agency, status, risk_class, safety_score, source_registry, source_record_id, source_publication_year, source_url, updated_at) VALUES ('MPWRD-10669', 'Kolwakhedi Tank Project', 'Madhya Pradesh', 'Ratlam', 'Chief Engineer Water Resources Department, Ujjain', 'Madhya Pradesh Water Resources Department', 'operational'::dam_status, 'low'::risk_class, 100.00, 'MPWRD', '10669', 2026, 'https://eims1.mpwrd.gov.in/fcmreport/control/main', now()) ON CONFLICT (dam_id) DO UPDATE SET dam_name = EXCLUDED.dam_name, state = EXCLUDED.state, district = EXCLUDED.district, river_basin = EXCLUDED.river_basin, owner_agency = EXCLUDED.owner_agency, status = EXCLUDED.status, risk_class = EXCLUDED.risk_class, safety_score = EXCLUDED.safety_score, source_registry = EXCLUDED.source_registry, source_record_id = EXCLUDED.source_record_id, source_publication_year = EXCLUDED.source_publication_year, source_url = EXCLUDED.source_url, updated_at = now();
INSERT INTO dam_reservoir (dam_id, reservoir_name, live_storage_mcm, current_storage_mcm, frl_m, updated_at) VALUES ('MPWRD-10669', 'Kolwakhedi Tank Project', 5.15, 5.15, 101.50, now()) ON CONFLICT (dam_id) DO UPDATE SET reservoir_name = EXCLUDED.reservoir_name, live_storage_mcm = EXCLUDED.live_storage_mcm, current_storage_mcm = EXCLUDED.current_storage_mcm, frl_m = EXCLUDED.frl_m, updated_at = now();
INSERT INTO dam_engineering (dam_id, instrumentation, updated_at) VALUES ('MPWRD-10669', '{"basin_office": "Chief Engineer Water Resources Department, Ujjain", "gate_count_open": null, "gate_discharge_cumec": null, "last_year_level_m": null, "last_year_live_capacity_mcm": null, "last_year_live_storage_percent": null, "mpwrd_reservoir_code": "10669", "reading_time": "08:00:00", "this_year_is_stale": true, "this_year_level_observed_date": "2025-09-18"}'::jsonb, now()) ON CONFLICT (dam_id) DO UPDATE SET instrumentation = EXCLUDED.instrumentation, updated_at = now();
INSERT INTO mpwrd_reservoir_levels (source_registry, report_date, reservoir_code, dam_id, basin_office, reservoir_name, reading_time, district, frl_m, live_capacity_at_frl_mcm, this_year_level_m, this_year_live_capacity_mcm, this_year_live_storage_percent, this_year_level_observed_date, this_year_is_stale, gate_count_open, gate_discharge_cumec, last_year_level_m, last_year_live_capacity_mcm, last_year_live_storage_percent, source_url, raw, fetched_at) VALUES ('MPWRD', '2026-05-25', '10669', 'MPWRD-10669', 'Chief Engineer Water Resources Department, Ujjain', 'Kolwakhedi Tank Project', '08:00:00', 'Ratlam', 101.50, 5.15, 101.50, 5.15, 100, '2025-09-18', TRUE, NULL, NULL, NULL, NULL, NULL, 'https://eims1.mpwrd.gov.in/fcmreport/control/main', '{"district": "Ratlam", "frl_m": "101.50", "gate_count_open": "", "gate_discharge_cumec": "", "last_year_level_m": "", "last_year_live_capacity_mcm": "", "last_year_live_storage_percent": "", "live_capacity_at_frl_mcm": "5.15", "reservoir": "Kolwakhedi Tank Project [10669]", "serial": "223.", "this_year_level_m": "101.50 *", "this_year_live_capacity_mcm": "5.15", "this_year_live_storage_percent": "100", "time": "08:00:00"}'::jsonb, now()) ON CONFLICT (source_registry, report_date, reservoir_code) DO UPDATE SET dam_id = EXCLUDED.dam_id, basin_office = EXCLUDED.basin_office, reservoir_name = EXCLUDED.reservoir_name, reading_time = EXCLUDED.reading_time, district = EXCLUDED.district, frl_m = EXCLUDED.frl_m, live_capacity_at_frl_mcm = EXCLUDED.live_capacity_at_frl_mcm, this_year_level_m = EXCLUDED.this_year_level_m, this_year_live_capacity_mcm = EXCLUDED.this_year_live_capacity_mcm, this_year_live_storage_percent = EXCLUDED.this_year_live_storage_percent, this_year_level_observed_date = EXCLUDED.this_year_level_observed_date, this_year_is_stale = EXCLUDED.this_year_is_stale, gate_count_open = EXCLUDED.gate_count_open, gate_discharge_cumec = EXCLUDED.gate_discharge_cumec, last_year_level_m = EXCLUDED.last_year_level_m, last_year_live_capacity_mcm = EXCLUDED.last_year_live_capacity_mcm, last_year_live_storage_percent = EXCLUDED.last_year_live_storage_percent, source_url = EXCLUDED.source_url, raw = EXCLUDED.raw, fetched_at = now();
INSERT INTO dams (dam_id, dam_name, state, district, river_basin, owner_agency, status, risk_class, safety_score, source_registry, source_record_id, source_publication_year, source_url, updated_at) VALUES ('MPWRD-41609', 'Koteshwar Imlipada Tank', 'Madhya Pradesh', 'Ratlam', 'Chief Engineer Water Resources Department, Ujjain', 'Madhya Pradesh Water Resources Department', 'operational'::dam_status, 'low'::risk_class, 100.00, 'MPWRD', '41609', 2026, 'https://eims1.mpwrd.gov.in/fcmreport/control/main', now()) ON CONFLICT (dam_id) DO UPDATE SET dam_name = EXCLUDED.dam_name, state = EXCLUDED.state, district = EXCLUDED.district, river_basin = EXCLUDED.river_basin, owner_agency = EXCLUDED.owner_agency, status = EXCLUDED.status, risk_class = EXCLUDED.risk_class, safety_score = EXCLUDED.safety_score, source_registry = EXCLUDED.source_registry, source_record_id = EXCLUDED.source_record_id, source_publication_year = EXCLUDED.source_publication_year, source_url = EXCLUDED.source_url, updated_at = now();
INSERT INTO dam_reservoir (dam_id, reservoir_name, live_storage_mcm, current_storage_mcm, frl_m, updated_at) VALUES ('MPWRD-41609', 'Koteshwar Imlipada Tank', 9.22, 9.22, 471.10, now()) ON CONFLICT (dam_id) DO UPDATE SET reservoir_name = EXCLUDED.reservoir_name, live_storage_mcm = EXCLUDED.live_storage_mcm, current_storage_mcm = EXCLUDED.current_storage_mcm, frl_m = EXCLUDED.frl_m, updated_at = now();
INSERT INTO dam_engineering (dam_id, instrumentation, updated_at) VALUES ('MPWRD-41609', '{"basin_office": "Chief Engineer Water Resources Department, Ujjain", "gate_count_open": null, "gate_discharge_cumec": null, "last_year_level_m": null, "last_year_live_capacity_mcm": null, "last_year_live_storage_percent": null, "mpwrd_reservoir_code": "41609", "reading_time": "08:00:00", "this_year_is_stale": true, "this_year_level_observed_date": "2025-08-30"}'::jsonb, now()) ON CONFLICT (dam_id) DO UPDATE SET instrumentation = EXCLUDED.instrumentation, updated_at = now();
INSERT INTO mpwrd_reservoir_levels (source_registry, report_date, reservoir_code, dam_id, basin_office, reservoir_name, reading_time, district, frl_m, live_capacity_at_frl_mcm, this_year_level_m, this_year_live_capacity_mcm, this_year_live_storage_percent, this_year_level_observed_date, this_year_is_stale, gate_count_open, gate_discharge_cumec, last_year_level_m, last_year_live_capacity_mcm, last_year_live_storage_percent, source_url, raw, fetched_at) VALUES ('MPWRD', '2026-05-25', '41609', 'MPWRD-41609', 'Chief Engineer Water Resources Department, Ujjain', 'Koteshwar Imlipada Tank', '08:00:00', 'Ratlam', 471.10, 9.22, 471.10, 9.22, 100, '2025-08-30', TRUE, NULL, NULL, NULL, NULL, NULL, 'https://eims1.mpwrd.gov.in/fcmreport/control/main', '{"district": "Ratlam", "frl_m": "471.10", "gate_count_open": "", "gate_discharge_cumec": "", "last_year_level_m": "", "last_year_live_capacity_mcm": "", "last_year_live_storage_percent": "", "live_capacity_at_frl_mcm": "9.22", "reservoir": "Koteshwar Imlipada Tank [41609]", "serial": "224.", "this_year_level_m": "471.10 *", "this_year_live_capacity_mcm": "9.22", "this_year_live_storage_percent": "100", "time": "08:00:00"}'::jsonb, now()) ON CONFLICT (source_registry, report_date, reservoir_code) DO UPDATE SET dam_id = EXCLUDED.dam_id, basin_office = EXCLUDED.basin_office, reservoir_name = EXCLUDED.reservoir_name, reading_time = EXCLUDED.reading_time, district = EXCLUDED.district, frl_m = EXCLUDED.frl_m, live_capacity_at_frl_mcm = EXCLUDED.live_capacity_at_frl_mcm, this_year_level_m = EXCLUDED.this_year_level_m, this_year_live_capacity_mcm = EXCLUDED.this_year_live_capacity_mcm, this_year_live_storage_percent = EXCLUDED.this_year_live_storage_percent, this_year_level_observed_date = EXCLUDED.this_year_level_observed_date, this_year_is_stale = EXCLUDED.this_year_is_stale, gate_count_open = EXCLUDED.gate_count_open, gate_discharge_cumec = EXCLUDED.gate_discharge_cumec, last_year_level_m = EXCLUDED.last_year_level_m, last_year_live_capacity_mcm = EXCLUDED.last_year_live_capacity_mcm, last_year_live_storage_percent = EXCLUDED.last_year_live_storage_percent, source_url = EXCLUDED.source_url, raw = EXCLUDED.raw, fetched_at = now();
INSERT INTO dams (dam_id, dam_name, state, district, river_basin, owner_agency, status, risk_class, safety_score, source_registry, source_record_id, source_publication_year, source_url, updated_at) VALUES ('MPWRD-10873', 'Lakhundar Dam', 'Madhya Pradesh', 'Shajapur', 'Chief Engineer Water Resources Department, Ujjain', 'Madhya Pradesh Water Resources Department', 'operational'::dam_status, 'low'::risk_class, 65.00, 'MPWRD', '10873', 2026, 'https://eims1.mpwrd.gov.in/fcmreport/control/main', now()) ON CONFLICT (dam_id) DO UPDATE SET dam_name = EXCLUDED.dam_name, state = EXCLUDED.state, district = EXCLUDED.district, river_basin = EXCLUDED.river_basin, owner_agency = EXCLUDED.owner_agency, status = EXCLUDED.status, risk_class = EXCLUDED.risk_class, safety_score = EXCLUDED.safety_score, source_registry = EXCLUDED.source_registry, source_record_id = EXCLUDED.source_record_id, source_publication_year = EXCLUDED.source_publication_year, source_url = EXCLUDED.source_url, updated_at = now();
INSERT INTO dam_reservoir (dam_id, reservoir_name, live_storage_mcm, current_storage_mcm, frl_m, updated_at) VALUES ('MPWRD-10873', 'Lakhundar Dam', 30.65, 20.22, 487.00, now()) ON CONFLICT (dam_id) DO UPDATE SET reservoir_name = EXCLUDED.reservoir_name, live_storage_mcm = EXCLUDED.live_storage_mcm, current_storage_mcm = EXCLUDED.current_storage_mcm, frl_m = EXCLUDED.frl_m, updated_at = now();
INSERT INTO dam_engineering (dam_id, instrumentation, updated_at) VALUES ('MPWRD-10873', '{"basin_office": "Chief Engineer Water Resources Department, Ujjain", "gate_count_open": null, "gate_discharge_cumec": null, "last_year_level_m": null, "last_year_live_capacity_mcm": null, "last_year_live_storage_percent": null, "mpwrd_reservoir_code": "10873", "reading_time": "08:00:00", "this_year_is_stale": true, "this_year_level_observed_date": "2025-09-23"}'::jsonb, now()) ON CONFLICT (dam_id) DO UPDATE SET instrumentation = EXCLUDED.instrumentation, updated_at = now();
INSERT INTO mpwrd_reservoir_levels (source_registry, report_date, reservoir_code, dam_id, basin_office, reservoir_name, reading_time, district, frl_m, live_capacity_at_frl_mcm, this_year_level_m, this_year_live_capacity_mcm, this_year_live_storage_percent, this_year_level_observed_date, this_year_is_stale, gate_count_open, gate_discharge_cumec, last_year_level_m, last_year_live_capacity_mcm, last_year_live_storage_percent, source_url, raw, fetched_at) VALUES ('MPWRD', '2026-05-25', '10873', 'MPWRD-10873', 'Chief Engineer Water Resources Department, Ujjain', 'Lakhundar Dam', '08:00:00', 'Shajapur', 487.00, 30.65, 485.30, 20.22, 65, '2025-09-23', TRUE, NULL, NULL, NULL, NULL, NULL, 'https://eims1.mpwrd.gov.in/fcmreport/control/main', '{"district": "Shajapur", "frl_m": "487.00", "gate_count_open": "", "gate_discharge_cumec": "", "last_year_level_m": "", "last_year_live_capacity_mcm": "", "last_year_live_storage_percent": "", "live_capacity_at_frl_mcm": "30.65", "reservoir": "Lakhundar Dam [10873]", "serial": "225.", "this_year_level_m": "485.30*", "this_year_live_capacity_mcm": "20.22", "this_year_live_storage_percent": "65", "time": "08:00:00"}'::jsonb, now()) ON CONFLICT (source_registry, report_date, reservoir_code) DO UPDATE SET dam_id = EXCLUDED.dam_id, basin_office = EXCLUDED.basin_office, reservoir_name = EXCLUDED.reservoir_name, reading_time = EXCLUDED.reading_time, district = EXCLUDED.district, frl_m = EXCLUDED.frl_m, live_capacity_at_frl_mcm = EXCLUDED.live_capacity_at_frl_mcm, this_year_level_m = EXCLUDED.this_year_level_m, this_year_live_capacity_mcm = EXCLUDED.this_year_live_capacity_mcm, this_year_live_storage_percent = EXCLUDED.this_year_live_storage_percent, this_year_level_observed_date = EXCLUDED.this_year_level_observed_date, this_year_is_stale = EXCLUDED.this_year_is_stale, gate_count_open = EXCLUDED.gate_count_open, gate_discharge_cumec = EXCLUDED.gate_discharge_cumec, last_year_level_m = EXCLUDED.last_year_level_m, last_year_live_capacity_mcm = EXCLUDED.last_year_live_capacity_mcm, last_year_live_storage_percent = EXCLUDED.last_year_live_storage_percent, source_url = EXCLUDED.source_url, raw = EXCLUDED.raw, fetched_at = now();
INSERT INTO dams (dam_id, dam_name, state, district, river_basin, owner_agency, status, risk_class, safety_score, source_registry, source_record_id, source_publication_year, source_url, updated_at) VALUES ('MPWRD-10646', 'Morwan Tank', 'Madhya Pradesh', 'Neemuch', 'Chief Engineer Water Resources Department, Ujjain', 'Madhya Pradesh Water Resources Department', 'operational'::dam_status, 'low'::risk_class, 100.00, 'MPWRD', '10646', 2026, 'https://eims1.mpwrd.gov.in/fcmreport/control/main', now()) ON CONFLICT (dam_id) DO UPDATE SET dam_name = EXCLUDED.dam_name, state = EXCLUDED.state, district = EXCLUDED.district, river_basin = EXCLUDED.river_basin, owner_agency = EXCLUDED.owner_agency, status = EXCLUDED.status, risk_class = EXCLUDED.risk_class, safety_score = EXCLUDED.safety_score, source_registry = EXCLUDED.source_registry, source_record_id = EXCLUDED.source_record_id, source_publication_year = EXCLUDED.source_publication_year, source_url = EXCLUDED.source_url, updated_at = now();
INSERT INTO dam_reservoir (dam_id, reservoir_name, live_storage_mcm, current_storage_mcm, frl_m, updated_at) VALUES ('MPWRD-10646', 'Morwan Tank', 15.76, 15.76, 503.52, now()) ON CONFLICT (dam_id) DO UPDATE SET reservoir_name = EXCLUDED.reservoir_name, live_storage_mcm = EXCLUDED.live_storage_mcm, current_storage_mcm = EXCLUDED.current_storage_mcm, frl_m = EXCLUDED.frl_m, updated_at = now();
INSERT INTO dam_engineering (dam_id, instrumentation, updated_at) VALUES ('MPWRD-10646', '{"basin_office": "Chief Engineer Water Resources Department, Ujjain", "gate_count_open": null, "gate_discharge_cumec": null, "last_year_level_m": null, "last_year_live_capacity_mcm": null, "last_year_live_storage_percent": null, "mpwrd_reservoir_code": "10646", "reading_time": "08:00:00", "this_year_is_stale": true, "this_year_level_observed_date": "2025-09-24"}'::jsonb, now()) ON CONFLICT (dam_id) DO UPDATE SET instrumentation = EXCLUDED.instrumentation, updated_at = now();
INSERT INTO mpwrd_reservoir_levels (source_registry, report_date, reservoir_code, dam_id, basin_office, reservoir_name, reading_time, district, frl_m, live_capacity_at_frl_mcm, this_year_level_m, this_year_live_capacity_mcm, this_year_live_storage_percent, this_year_level_observed_date, this_year_is_stale, gate_count_open, gate_discharge_cumec, last_year_level_m, last_year_live_capacity_mcm, last_year_live_storage_percent, source_url, raw, fetched_at) VALUES ('MPWRD', '2026-05-25', '10646', 'MPWRD-10646', 'Chief Engineer Water Resources Department, Ujjain', 'Morwan Tank', '08:00:00', 'Neemuch', 503.52, 15.76, 503.52, 15.76, 100, '2025-09-24', TRUE, NULL, NULL, NULL, NULL, NULL, 'https://eims1.mpwrd.gov.in/fcmreport/control/main', '{"district": "Neemuch", "frl_m": "503.52", "gate_count_open": "", "gate_discharge_cumec": "", "last_year_level_m": "", "last_year_live_capacity_mcm": "", "last_year_live_storage_percent": "", "live_capacity_at_frl_mcm": "15.76", "reservoir": "Morwan Tank [10646]", "serial": "226.", "this_year_level_m": "503.52 *", "this_year_live_capacity_mcm": "15.76", "this_year_live_storage_percent": "100", "time": "08:00:00"}'::jsonb, now()) ON CONFLICT (source_registry, report_date, reservoir_code) DO UPDATE SET dam_id = EXCLUDED.dam_id, basin_office = EXCLUDED.basin_office, reservoir_name = EXCLUDED.reservoir_name, reading_time = EXCLUDED.reading_time, district = EXCLUDED.district, frl_m = EXCLUDED.frl_m, live_capacity_at_frl_mcm = EXCLUDED.live_capacity_at_frl_mcm, this_year_level_m = EXCLUDED.this_year_level_m, this_year_live_capacity_mcm = EXCLUDED.this_year_live_capacity_mcm, this_year_live_storage_percent = EXCLUDED.this_year_live_storage_percent, this_year_level_observed_date = EXCLUDED.this_year_level_observed_date, this_year_is_stale = EXCLUDED.this_year_is_stale, gate_count_open = EXCLUDED.gate_count_open, gate_discharge_cumec = EXCLUDED.gate_discharge_cumec, last_year_level_m = EXCLUDED.last_year_level_m, last_year_live_capacity_mcm = EXCLUDED.last_year_live_capacity_mcm, last_year_live_storage_percent = EXCLUDED.last_year_live_storage_percent, source_url = EXCLUDED.source_url, raw = EXCLUDED.raw, fetched_at = now();
INSERT INTO dams (dam_id, dam_name, state, district, river_basin, owner_agency, status, risk_class, safety_score, source_registry, source_record_id, source_publication_year, source_url, updated_at) VALUES ('MPWRD-10854', 'Paras Tank', 'Madhya Pradesh', 'Dewas', 'Chief Engineer Water Resources Department, Ujjain', 'Madhya Pradesh Water Resources Department', 'operational'::dam_status, 'low'::risk_class, 86.00, 'MPWRD', '10854', 2026, 'https://eims1.mpwrd.gov.in/fcmreport/control/main', now()) ON CONFLICT (dam_id) DO UPDATE SET dam_name = EXCLUDED.dam_name, state = EXCLUDED.state, district = EXCLUDED.district, river_basin = EXCLUDED.river_basin, owner_agency = EXCLUDED.owner_agency, status = EXCLUDED.status, risk_class = EXCLUDED.risk_class, safety_score = EXCLUDED.safety_score, source_registry = EXCLUDED.source_registry, source_record_id = EXCLUDED.source_record_id, source_publication_year = EXCLUDED.source_publication_year, source_url = EXCLUDED.source_url, updated_at = now();
INSERT INTO dam_reservoir (dam_id, reservoir_name, live_storage_mcm, current_storage_mcm, frl_m, updated_at) VALUES ('MPWRD-10854', 'Paras Tank', 6.09, 5.27, 148.43, now()) ON CONFLICT (dam_id) DO UPDATE SET reservoir_name = EXCLUDED.reservoir_name, live_storage_mcm = EXCLUDED.live_storage_mcm, current_storage_mcm = EXCLUDED.current_storage_mcm, frl_m = EXCLUDED.frl_m, updated_at = now();
INSERT INTO dam_engineering (dam_id, instrumentation, updated_at) VALUES ('MPWRD-10854', '{"basin_office": "Chief Engineer Water Resources Department, Ujjain", "gate_count_open": null, "gate_discharge_cumec": null, "last_year_level_m": null, "last_year_live_capacity_mcm": null, "last_year_live_storage_percent": null, "mpwrd_reservoir_code": "10854", "reading_time": "08:00:00", "this_year_is_stale": true, "this_year_level_observed_date": "2025-09-24"}'::jsonb, now()) ON CONFLICT (dam_id) DO UPDATE SET instrumentation = EXCLUDED.instrumentation, updated_at = now();
INSERT INTO mpwrd_reservoir_levels (source_registry, report_date, reservoir_code, dam_id, basin_office, reservoir_name, reading_time, district, frl_m, live_capacity_at_frl_mcm, this_year_level_m, this_year_live_capacity_mcm, this_year_live_storage_percent, this_year_level_observed_date, this_year_is_stale, gate_count_open, gate_discharge_cumec, last_year_level_m, last_year_live_capacity_mcm, last_year_live_storage_percent, source_url, raw, fetched_at) VALUES ('MPWRD', '2026-05-25', '10854', 'MPWRD-10854', 'Chief Engineer Water Resources Department, Ujjain', 'Paras Tank', '08:00:00', 'Dewas', 148.43, 6.09, 147.52, 5.27, 86, '2025-09-24', TRUE, NULL, NULL, NULL, NULL, NULL, 'https://eims1.mpwrd.gov.in/fcmreport/control/main', '{"district": "Dewas", "frl_m": "148.43", "gate_count_open": "", "gate_discharge_cumec": "", "last_year_level_m": "", "last_year_live_capacity_mcm": "", "last_year_live_storage_percent": "", "live_capacity_at_frl_mcm": "6.09", "reservoir": "Paras Tank [10854]", "serial": "227.", "this_year_level_m": "147.52*", "this_year_live_capacity_mcm": "5.27", "this_year_live_storage_percent": "86", "time": "08:00:00"}'::jsonb, now()) ON CONFLICT (source_registry, report_date, reservoir_code) DO UPDATE SET dam_id = EXCLUDED.dam_id, basin_office = EXCLUDED.basin_office, reservoir_name = EXCLUDED.reservoir_name, reading_time = EXCLUDED.reading_time, district = EXCLUDED.district, frl_m = EXCLUDED.frl_m, live_capacity_at_frl_mcm = EXCLUDED.live_capacity_at_frl_mcm, this_year_level_m = EXCLUDED.this_year_level_m, this_year_live_capacity_mcm = EXCLUDED.this_year_live_capacity_mcm, this_year_live_storage_percent = EXCLUDED.this_year_live_storage_percent, this_year_level_observed_date = EXCLUDED.this_year_level_observed_date, this_year_is_stale = EXCLUDED.this_year_is_stale, gate_count_open = EXCLUDED.gate_count_open, gate_discharge_cumec = EXCLUDED.gate_discharge_cumec, last_year_level_m = EXCLUDED.last_year_level_m, last_year_live_capacity_mcm = EXCLUDED.last_year_live_capacity_mcm, last_year_live_storage_percent = EXCLUDED.last_year_live_storage_percent, source_url = EXCLUDED.source_url, raw = EXCLUDED.raw, fetched_at = now();
INSERT INTO dams (dam_id, dam_name, state, district, river_basin, owner_agency, status, risk_class, safety_score, source_registry, source_record_id, source_publication_year, source_url, updated_at) VALUES ('MPWRD-32220', 'Piliyakhal Tank', 'Madhya Pradesh', 'Shajapur', 'Chief Engineer Water Resources Department, Ujjain', 'Madhya Pradesh Water Resources Department', 'operational'::dam_status, 'low'::risk_class, 100.00, 'MPWRD', '32220', 2026, 'https://eims1.mpwrd.gov.in/fcmreport/control/main', now()) ON CONFLICT (dam_id) DO UPDATE SET dam_name = EXCLUDED.dam_name, state = EXCLUDED.state, district = EXCLUDED.district, river_basin = EXCLUDED.river_basin, owner_agency = EXCLUDED.owner_agency, status = EXCLUDED.status, risk_class = EXCLUDED.risk_class, safety_score = EXCLUDED.safety_score, source_registry = EXCLUDED.source_registry, source_record_id = EXCLUDED.source_record_id, source_publication_year = EXCLUDED.source_publication_year, source_url = EXCLUDED.source_url, updated_at = now();
INSERT INTO dam_reservoir (dam_id, reservoir_name, live_storage_mcm, current_storage_mcm, frl_m, updated_at) VALUES ('MPWRD-32220', 'Piliyakhal Tank', 10.83, 10.83, 397.50, now()) ON CONFLICT (dam_id) DO UPDATE SET reservoir_name = EXCLUDED.reservoir_name, live_storage_mcm = EXCLUDED.live_storage_mcm, current_storage_mcm = EXCLUDED.current_storage_mcm, frl_m = EXCLUDED.frl_m, updated_at = now();
INSERT INTO dam_engineering (dam_id, instrumentation, updated_at) VALUES ('MPWRD-32220', '{"basin_office": "Chief Engineer Water Resources Department, Ujjain", "gate_count_open": null, "gate_discharge_cumec": null, "last_year_level_m": null, "last_year_live_capacity_mcm": null, "last_year_live_storage_percent": null, "mpwrd_reservoir_code": "32220", "reading_time": "08:00:00", "this_year_is_stale": true, "this_year_level_observed_date": "2025-09-24"}'::jsonb, now()) ON CONFLICT (dam_id) DO UPDATE SET instrumentation = EXCLUDED.instrumentation, updated_at = now();
INSERT INTO mpwrd_reservoir_levels (source_registry, report_date, reservoir_code, dam_id, basin_office, reservoir_name, reading_time, district, frl_m, live_capacity_at_frl_mcm, this_year_level_m, this_year_live_capacity_mcm, this_year_live_storage_percent, this_year_level_observed_date, this_year_is_stale, gate_count_open, gate_discharge_cumec, last_year_level_m, last_year_live_capacity_mcm, last_year_live_storage_percent, source_url, raw, fetched_at) VALUES ('MPWRD', '2026-05-25', '32220', 'MPWRD-32220', 'Chief Engineer Water Resources Department, Ujjain', 'Piliyakhal Tank', '08:00:00', 'Shajapur', 397.50, 10.83, 397.50, 10.83, 100, '2025-09-24', TRUE, NULL, NULL, NULL, NULL, NULL, 'https://eims1.mpwrd.gov.in/fcmreport/control/main', '{"district": "Shajapur", "frl_m": "397.50", "gate_count_open": "", "gate_discharge_cumec": "", "last_year_level_m": "", "last_year_live_capacity_mcm": "", "last_year_live_storage_percent": "", "live_capacity_at_frl_mcm": "10.83", "reservoir": "Piliyakhal Tank [32220]", "serial": "228.", "this_year_level_m": "397.50 *", "this_year_live_capacity_mcm": "10.83", "this_year_live_storage_percent": "100", "time": "08:00:00"}'::jsonb, now()) ON CONFLICT (source_registry, report_date, reservoir_code) DO UPDATE SET dam_id = EXCLUDED.dam_id, basin_office = EXCLUDED.basin_office, reservoir_name = EXCLUDED.reservoir_name, reading_time = EXCLUDED.reading_time, district = EXCLUDED.district, frl_m = EXCLUDED.frl_m, live_capacity_at_frl_mcm = EXCLUDED.live_capacity_at_frl_mcm, this_year_level_m = EXCLUDED.this_year_level_m, this_year_live_capacity_mcm = EXCLUDED.this_year_live_capacity_mcm, this_year_live_storage_percent = EXCLUDED.this_year_live_storage_percent, this_year_level_observed_date = EXCLUDED.this_year_level_observed_date, this_year_is_stale = EXCLUDED.this_year_is_stale, gate_count_open = EXCLUDED.gate_count_open, gate_discharge_cumec = EXCLUDED.gate_discharge_cumec, last_year_level_m = EXCLUDED.last_year_level_m, last_year_live_capacity_mcm = EXCLUDED.last_year_live_capacity_mcm, last_year_live_storage_percent = EXCLUDED.last_year_live_storage_percent, source_url = EXCLUDED.source_url, raw = EXCLUDED.raw, fetched_at = now();
INSERT INTO dams (dam_id, dam_name, state, district, river_basin, owner_agency, status, risk_class, safety_score, source_registry, source_record_id, source_publication_year, source_url, updated_at) VALUES ('MPWRD-22793', 'Pipliya Kumar Tank', 'Madhya Pradesh', 'Shajapur', 'Chief Engineer Water Resources Department, Ujjain', 'Madhya Pradesh Water Resources Department', 'operational'::dam_status, 'low'::risk_class, 100.00, 'MPWRD', '22793', 2026, 'https://eims1.mpwrd.gov.in/fcmreport/control/main', now()) ON CONFLICT (dam_id) DO UPDATE SET dam_name = EXCLUDED.dam_name, state = EXCLUDED.state, district = EXCLUDED.district, river_basin = EXCLUDED.river_basin, owner_agency = EXCLUDED.owner_agency, status = EXCLUDED.status, risk_class = EXCLUDED.risk_class, safety_score = EXCLUDED.safety_score, source_registry = EXCLUDED.source_registry, source_record_id = EXCLUDED.source_record_id, source_publication_year = EXCLUDED.source_publication_year, source_url = EXCLUDED.source_url, updated_at = now();
INSERT INTO dam_reservoir (dam_id, reservoir_name, live_storage_mcm, current_storage_mcm, frl_m, updated_at) VALUES ('MPWRD-22793', 'Pipliya Kumar Tank', 9.62, 9.62, 440.89, now()) ON CONFLICT (dam_id) DO UPDATE SET reservoir_name = EXCLUDED.reservoir_name, live_storage_mcm = EXCLUDED.live_storage_mcm, current_storage_mcm = EXCLUDED.current_storage_mcm, frl_m = EXCLUDED.frl_m, updated_at = now();
INSERT INTO dam_engineering (dam_id, instrumentation, updated_at) VALUES ('MPWRD-22793', '{"basin_office": "Chief Engineer Water Resources Department, Ujjain", "gate_count_open": null, "gate_discharge_cumec": null, "last_year_level_m": null, "last_year_live_capacity_mcm": null, "last_year_live_storage_percent": null, "mpwrd_reservoir_code": "22793", "reading_time": "08:00:00", "this_year_is_stale": true, "this_year_level_observed_date": "2025-09-23"}'::jsonb, now()) ON CONFLICT (dam_id) DO UPDATE SET instrumentation = EXCLUDED.instrumentation, updated_at = now();
INSERT INTO mpwrd_reservoir_levels (source_registry, report_date, reservoir_code, dam_id, basin_office, reservoir_name, reading_time, district, frl_m, live_capacity_at_frl_mcm, this_year_level_m, this_year_live_capacity_mcm, this_year_live_storage_percent, this_year_level_observed_date, this_year_is_stale, gate_count_open, gate_discharge_cumec, last_year_level_m, last_year_live_capacity_mcm, last_year_live_storage_percent, source_url, raw, fetched_at) VALUES ('MPWRD', '2026-05-25', '22793', 'MPWRD-22793', 'Chief Engineer Water Resources Department, Ujjain', 'Pipliya Kumar Tank', '08:00:00', 'Shajapur', 440.89, 9.62, 440.89, 9.62, 100, '2025-09-23', TRUE, NULL, NULL, NULL, NULL, NULL, 'https://eims1.mpwrd.gov.in/fcmreport/control/main', '{"district": "Shajapur", "frl_m": "440.89", "gate_count_open": "", "gate_discharge_cumec": "", "last_year_level_m": "", "last_year_live_capacity_mcm": "", "last_year_live_storage_percent": "", "live_capacity_at_frl_mcm": "9.62", "reservoir": "Pipliya Kumar Tank [22793]", "serial": "229.", "this_year_level_m": "440.89 *", "this_year_live_capacity_mcm": "9.62", "this_year_live_storage_percent": "100", "time": "08:00:00"}'::jsonb, now()) ON CONFLICT (source_registry, report_date, reservoir_code) DO UPDATE SET dam_id = EXCLUDED.dam_id, basin_office = EXCLUDED.basin_office, reservoir_name = EXCLUDED.reservoir_name, reading_time = EXCLUDED.reading_time, district = EXCLUDED.district, frl_m = EXCLUDED.frl_m, live_capacity_at_frl_mcm = EXCLUDED.live_capacity_at_frl_mcm, this_year_level_m = EXCLUDED.this_year_level_m, this_year_live_capacity_mcm = EXCLUDED.this_year_live_capacity_mcm, this_year_live_storage_percent = EXCLUDED.this_year_live_storage_percent, this_year_level_observed_date = EXCLUDED.this_year_level_observed_date, this_year_is_stale = EXCLUDED.this_year_is_stale, gate_count_open = EXCLUDED.gate_count_open, gate_discharge_cumec = EXCLUDED.gate_discharge_cumec, last_year_level_m = EXCLUDED.last_year_level_m, last_year_live_capacity_mcm = EXCLUDED.last_year_live_capacity_mcm, last_year_live_storage_percent = EXCLUDED.last_year_live_storage_percent, source_url = EXCLUDED.source_url, raw = EXCLUDED.raw, fetched_at = now();
INSERT INTO dams (dam_id, dam_name, state, district, river_basin, owner_agency, status, risk_class, safety_score, source_registry, source_record_id, source_publication_year, source_url, updated_at) VALUES ('MPWRD-27726', 'Retam Barrage', 'Madhya Pradesh', 'Mandsaure', 'Chief Engineer Water Resources Department, Ujjain', 'Madhya Pradesh Water Resources Department', 'operational'::dam_status, 'low'::risk_class, 92.00, 'MPWRD', '27726', 2026, 'https://eims1.mpwrd.gov.in/fcmreport/control/main', now()) ON CONFLICT (dam_id) DO UPDATE SET dam_name = EXCLUDED.dam_name, state = EXCLUDED.state, district = EXCLUDED.district, river_basin = EXCLUDED.river_basin, owner_agency = EXCLUDED.owner_agency, status = EXCLUDED.status, risk_class = EXCLUDED.risk_class, safety_score = EXCLUDED.safety_score, source_registry = EXCLUDED.source_registry, source_record_id = EXCLUDED.source_record_id, source_publication_year = EXCLUDED.source_publication_year, source_url = EXCLUDED.source_url, updated_at = now();
INSERT INTO dam_reservoir (dam_id, reservoir_name, live_storage_mcm, current_storage_mcm, frl_m, updated_at) VALUES ('MPWRD-27726', 'Retam Barrage', 11.67, 10.81, 428.50, now()) ON CONFLICT (dam_id) DO UPDATE SET reservoir_name = EXCLUDED.reservoir_name, live_storage_mcm = EXCLUDED.live_storage_mcm, current_storage_mcm = EXCLUDED.current_storage_mcm, frl_m = EXCLUDED.frl_m, updated_at = now();
INSERT INTO dam_engineering (dam_id, instrumentation, updated_at) VALUES ('MPWRD-27726', '{"basin_office": "Chief Engineer Water Resources Department, Ujjain", "gate_count_open": null, "gate_discharge_cumec": null, "last_year_level_m": null, "last_year_live_capacity_mcm": null, "last_year_live_storage_percent": null, "mpwrd_reservoir_code": "27726", "reading_time": "08:00:00", "this_year_is_stale": true, "this_year_level_observed_date": "2025-09-25"}'::jsonb, now()) ON CONFLICT (dam_id) DO UPDATE SET instrumentation = EXCLUDED.instrumentation, updated_at = now();
INSERT INTO mpwrd_reservoir_levels (source_registry, report_date, reservoir_code, dam_id, basin_office, reservoir_name, reading_time, district, frl_m, live_capacity_at_frl_mcm, this_year_level_m, this_year_live_capacity_mcm, this_year_live_storage_percent, this_year_level_observed_date, this_year_is_stale, gate_count_open, gate_discharge_cumec, last_year_level_m, last_year_live_capacity_mcm, last_year_live_storage_percent, source_url, raw, fetched_at) VALUES ('MPWRD', '2026-05-25', '27726', 'MPWRD-27726', 'Chief Engineer Water Resources Department, Ujjain', 'Retam Barrage', '08:00:00', 'Mandsaure', 428.50, 11.67, 428.30, 10.81, 92, '2025-09-25', TRUE, NULL, NULL, NULL, NULL, NULL, 'https://eims1.mpwrd.gov.in/fcmreport/control/main', '{"district": "Mandsaure", "frl_m": "428.50", "gate_count_open": "", "gate_discharge_cumec": "", "last_year_level_m": "", "last_year_live_capacity_mcm": "", "last_year_live_storage_percent": "", "live_capacity_at_frl_mcm": "11.67", "reservoir": "Retam Barrage [27726]", "serial": "230.", "this_year_level_m": "428.30*", "this_year_live_capacity_mcm": "10.81", "this_year_live_storage_percent": "92", "time": "08:00:00"}'::jsonb, now()) ON CONFLICT (source_registry, report_date, reservoir_code) DO UPDATE SET dam_id = EXCLUDED.dam_id, basin_office = EXCLUDED.basin_office, reservoir_name = EXCLUDED.reservoir_name, reading_time = EXCLUDED.reading_time, district = EXCLUDED.district, frl_m = EXCLUDED.frl_m, live_capacity_at_frl_mcm = EXCLUDED.live_capacity_at_frl_mcm, this_year_level_m = EXCLUDED.this_year_level_m, this_year_live_capacity_mcm = EXCLUDED.this_year_live_capacity_mcm, this_year_live_storage_percent = EXCLUDED.this_year_live_storage_percent, this_year_level_observed_date = EXCLUDED.this_year_level_observed_date, this_year_is_stale = EXCLUDED.this_year_is_stale, gate_count_open = EXCLUDED.gate_count_open, gate_discharge_cumec = EXCLUDED.gate_discharge_cumec, last_year_level_m = EXCLUDED.last_year_level_m, last_year_live_capacity_mcm = EXCLUDED.last_year_live_capacity_mcm, last_year_live_storage_percent = EXCLUDED.last_year_live_storage_percent, source_url = EXCLUDED.source_url, raw = EXCLUDED.raw, fetched_at = now();
INSERT INTO dams (dam_id, dam_name, state, district, river_basin, owner_agency, status, risk_class, safety_score, source_registry, source_record_id, source_publication_year, source_url, updated_at) VALUES ('MPWRD-26175', 'Rupniyakhal Tank', 'Madhya Pradesh', 'Ratlam', 'Chief Engineer Water Resources Department, Ujjain', 'Madhya Pradesh Water Resources Department', 'operational'::dam_status, 'low'::risk_class, 100.00, 'MPWRD', '26175', 2026, 'https://eims1.mpwrd.gov.in/fcmreport/control/main', now()) ON CONFLICT (dam_id) DO UPDATE SET dam_name = EXCLUDED.dam_name, state = EXCLUDED.state, district = EXCLUDED.district, river_basin = EXCLUDED.river_basin, owner_agency = EXCLUDED.owner_agency, status = EXCLUDED.status, risk_class = EXCLUDED.risk_class, safety_score = EXCLUDED.safety_score, source_registry = EXCLUDED.source_registry, source_record_id = EXCLUDED.source_record_id, source_publication_year = EXCLUDED.source_publication_year, source_url = EXCLUDED.source_url, updated_at = now();
INSERT INTO dam_reservoir (dam_id, reservoir_name, live_storage_mcm, current_storage_mcm, frl_m, updated_at) VALUES ('MPWRD-26175', 'Rupniyakhal Tank', 11.28, 11.91, 461.45, now()) ON CONFLICT (dam_id) DO UPDATE SET reservoir_name = EXCLUDED.reservoir_name, live_storage_mcm = EXCLUDED.live_storage_mcm, current_storage_mcm = EXCLUDED.current_storage_mcm, frl_m = EXCLUDED.frl_m, updated_at = now();
INSERT INTO dam_engineering (dam_id, instrumentation, updated_at) VALUES ('MPWRD-26175', '{"basin_office": "Chief Engineer Water Resources Department, Ujjain", "gate_count_open": null, "gate_discharge_cumec": null, "last_year_level_m": null, "last_year_live_capacity_mcm": null, "last_year_live_storage_percent": null, "mpwrd_reservoir_code": "26175", "reading_time": "08:00:00", "this_year_is_stale": true, "this_year_level_observed_date": "2025-09-23"}'::jsonb, now()) ON CONFLICT (dam_id) DO UPDATE SET instrumentation = EXCLUDED.instrumentation, updated_at = now();
INSERT INTO mpwrd_reservoir_levels (source_registry, report_date, reservoir_code, dam_id, basin_office, reservoir_name, reading_time, district, frl_m, live_capacity_at_frl_mcm, this_year_level_m, this_year_live_capacity_mcm, this_year_live_storage_percent, this_year_level_observed_date, this_year_is_stale, gate_count_open, gate_discharge_cumec, last_year_level_m, last_year_live_capacity_mcm, last_year_live_storage_percent, source_url, raw, fetched_at) VALUES ('MPWRD', '2026-05-25', '26175', 'MPWRD-26175', 'Chief Engineer Water Resources Department, Ujjain', 'Rupniyakhal Tank', '08:00:00', 'Ratlam', 461.45, 11.28, 461.70, 11.91, 100, '2025-09-23', TRUE, NULL, NULL, NULL, NULL, NULL, 'https://eims1.mpwrd.gov.in/fcmreport/control/main', '{"district": "Ratlam", "frl_m": "461.45", "gate_count_open": "", "gate_discharge_cumec": "", "last_year_level_m": "", "last_year_live_capacity_mcm": "", "last_year_live_storage_percent": "", "live_capacity_at_frl_mcm": "11.28", "reservoir": "Rupniyakhal Tank [26175]", "serial": "231.", "this_year_level_m": "461.70 *", "this_year_live_capacity_mcm": "11.91", "this_year_live_storage_percent": "100", "time": "08:00:00"}'::jsonb, now()) ON CONFLICT (source_registry, report_date, reservoir_code) DO UPDATE SET dam_id = EXCLUDED.dam_id, basin_office = EXCLUDED.basin_office, reservoir_name = EXCLUDED.reservoir_name, reading_time = EXCLUDED.reading_time, district = EXCLUDED.district, frl_m = EXCLUDED.frl_m, live_capacity_at_frl_mcm = EXCLUDED.live_capacity_at_frl_mcm, this_year_level_m = EXCLUDED.this_year_level_m, this_year_live_capacity_mcm = EXCLUDED.this_year_live_capacity_mcm, this_year_live_storage_percent = EXCLUDED.this_year_live_storage_percent, this_year_level_observed_date = EXCLUDED.this_year_level_observed_date, this_year_is_stale = EXCLUDED.this_year_is_stale, gate_count_open = EXCLUDED.gate_count_open, gate_discharge_cumec = EXCLUDED.gate_discharge_cumec, last_year_level_m = EXCLUDED.last_year_level_m, last_year_live_capacity_mcm = EXCLUDED.last_year_live_capacity_mcm, last_year_live_storage_percent = EXCLUDED.last_year_live_storage_percent, source_url = EXCLUDED.source_url, raw = EXCLUDED.raw, fetched_at = now();
INSERT INTO dams (dam_id, dam_name, state, district, river_basin, owner_agency, status, risk_class, safety_score, source_registry, source_record_id, source_publication_year, source_url, updated_at) VALUES ('MPWRD-32653', 'Thikariya Medium Project', 'Madhya Pradesh', 'Neemuch', 'Chief Engineer Water Resources Department, Ujjain', 'Madhya Pradesh Water Resources Department', 'operational'::dam_status, 'low'::risk_class, 100.00, 'MPWRD', '32653', 2026, 'https://eims1.mpwrd.gov.in/fcmreport/control/main', now()) ON CONFLICT (dam_id) DO UPDATE SET dam_name = EXCLUDED.dam_name, state = EXCLUDED.state, district = EXCLUDED.district, river_basin = EXCLUDED.river_basin, owner_agency = EXCLUDED.owner_agency, status = EXCLUDED.status, risk_class = EXCLUDED.risk_class, safety_score = EXCLUDED.safety_score, source_registry = EXCLUDED.source_registry, source_record_id = EXCLUDED.source_record_id, source_publication_year = EXCLUDED.source_publication_year, source_url = EXCLUDED.source_url, updated_at = now();
INSERT INTO dam_reservoir (dam_id, reservoir_name, live_storage_mcm, current_storage_mcm, frl_m, updated_at) VALUES ('MPWRD-32653', 'Thikariya Medium Project', 16.57, 16.57, 440.50, now()) ON CONFLICT (dam_id) DO UPDATE SET reservoir_name = EXCLUDED.reservoir_name, live_storage_mcm = EXCLUDED.live_storage_mcm, current_storage_mcm = EXCLUDED.current_storage_mcm, frl_m = EXCLUDED.frl_m, updated_at = now();
INSERT INTO dam_engineering (dam_id, instrumentation, updated_at) VALUES ('MPWRD-32653', '{"basin_office": "Chief Engineer Water Resources Department, Ujjain", "gate_count_open": null, "gate_discharge_cumec": null, "last_year_level_m": null, "last_year_live_capacity_mcm": null, "last_year_live_storage_percent": null, "mpwrd_reservoir_code": "32653", "reading_time": "08:00:00", "this_year_is_stale": true, "this_year_level_observed_date": "2025-09-23"}'::jsonb, now()) ON CONFLICT (dam_id) DO UPDATE SET instrumentation = EXCLUDED.instrumentation, updated_at = now();
INSERT INTO mpwrd_reservoir_levels (source_registry, report_date, reservoir_code, dam_id, basin_office, reservoir_name, reading_time, district, frl_m, live_capacity_at_frl_mcm, this_year_level_m, this_year_live_capacity_mcm, this_year_live_storage_percent, this_year_level_observed_date, this_year_is_stale, gate_count_open, gate_discharge_cumec, last_year_level_m, last_year_live_capacity_mcm, last_year_live_storage_percent, source_url, raw, fetched_at) VALUES ('MPWRD', '2026-05-25', '32653', 'MPWRD-32653', 'Chief Engineer Water Resources Department, Ujjain', 'Thikariya Medium Project', '08:00:00', 'Neemuch', 440.50, 16.57, 440.50, 16.57, 100, '2025-09-23', TRUE, NULL, NULL, NULL, NULL, NULL, 'https://eims1.mpwrd.gov.in/fcmreport/control/main', '{"district": "Neemuch", "frl_m": "440.50", "gate_count_open": "", "gate_discharge_cumec": "", "last_year_level_m": "", "last_year_live_capacity_mcm": "", "last_year_live_storage_percent": "", "live_capacity_at_frl_mcm": "16.57", "reservoir": "Thikariya Medium Project [32653]", "serial": "232.", "this_year_level_m": "440.50 *", "this_year_live_capacity_mcm": "16.57", "this_year_live_storage_percent": "100", "time": "08:00:00"}'::jsonb, now()) ON CONFLICT (source_registry, report_date, reservoir_code) DO UPDATE SET dam_id = EXCLUDED.dam_id, basin_office = EXCLUDED.basin_office, reservoir_name = EXCLUDED.reservoir_name, reading_time = EXCLUDED.reading_time, district = EXCLUDED.district, frl_m = EXCLUDED.frl_m, live_capacity_at_frl_mcm = EXCLUDED.live_capacity_at_frl_mcm, this_year_level_m = EXCLUDED.this_year_level_m, this_year_live_capacity_mcm = EXCLUDED.this_year_live_capacity_mcm, this_year_live_storage_percent = EXCLUDED.this_year_live_storage_percent, this_year_level_observed_date = EXCLUDED.this_year_level_observed_date, this_year_is_stale = EXCLUDED.this_year_is_stale, gate_count_open = EXCLUDED.gate_count_open, gate_discharge_cumec = EXCLUDED.gate_discharge_cumec, last_year_level_m = EXCLUDED.last_year_level_m, last_year_live_capacity_mcm = EXCLUDED.last_year_live_capacity_mcm, last_year_live_storage_percent = EXCLUDED.last_year_live_storage_percent, source_url = EXCLUDED.source_url, raw = EXCLUDED.raw, fetched_at = now();
INSERT INTO dams (dam_id, dam_name, state, district, river_basin, owner_agency, status, risk_class, safety_score, source_registry, source_record_id, source_publication_year, source_url, updated_at) VALUES ('MPWRD-10870', 'Tillar', 'Madhya Pradesh', 'Shajapur', 'Chief Engineer Water Resources Department, Ujjain', 'Madhya Pradesh Water Resources Department', 'operational'::dam_status, 'low'::risk_class, 74.00, 'MPWRD', '10870', 2026, 'https://eims1.mpwrd.gov.in/fcmreport/control/main', now()) ON CONFLICT (dam_id) DO UPDATE SET dam_name = EXCLUDED.dam_name, state = EXCLUDED.state, district = EXCLUDED.district, river_basin = EXCLUDED.river_basin, owner_agency = EXCLUDED.owner_agency, status = EXCLUDED.status, risk_class = EXCLUDED.risk_class, safety_score = EXCLUDED.safety_score, source_registry = EXCLUDED.source_registry, source_record_id = EXCLUDED.source_record_id, source_publication_year = EXCLUDED.source_publication_year, source_url = EXCLUDED.source_url, updated_at = now();
INSERT INTO dam_reservoir (dam_id, reservoir_name, live_storage_mcm, current_storage_mcm, frl_m, updated_at) VALUES ('MPWRD-10870', 'Tillar', 45.27, 33.61, 439.90, now()) ON CONFLICT (dam_id) DO UPDATE SET reservoir_name = EXCLUDED.reservoir_name, live_storage_mcm = EXCLUDED.live_storage_mcm, current_storage_mcm = EXCLUDED.current_storage_mcm, frl_m = EXCLUDED.frl_m, updated_at = now();
INSERT INTO dam_engineering (dam_id, instrumentation, updated_at) VALUES ('MPWRD-10870', '{"basin_office": "Chief Engineer Water Resources Department, Ujjain", "gate_count_open": null, "gate_discharge_cumec": null, "last_year_level_m": null, "last_year_live_capacity_mcm": null, "last_year_live_storage_percent": null, "mpwrd_reservoir_code": "10870", "reading_time": "08:00:00", "this_year_is_stale": true, "this_year_level_observed_date": "2025-09-25"}'::jsonb, now()) ON CONFLICT (dam_id) DO UPDATE SET instrumentation = EXCLUDED.instrumentation, updated_at = now();
INSERT INTO mpwrd_reservoir_levels (source_registry, report_date, reservoir_code, dam_id, basin_office, reservoir_name, reading_time, district, frl_m, live_capacity_at_frl_mcm, this_year_level_m, this_year_live_capacity_mcm, this_year_live_storage_percent, this_year_level_observed_date, this_year_is_stale, gate_count_open, gate_discharge_cumec, last_year_level_m, last_year_live_capacity_mcm, last_year_live_storage_percent, source_url, raw, fetched_at) VALUES ('MPWRD', '2026-05-25', '10870', 'MPWRD-10870', 'Chief Engineer Water Resources Department, Ujjain', 'Tillar', '08:00:00', 'Shajapur', 439.90, 45.27, 438.60, 33.61, 74, '2025-09-25', TRUE, NULL, NULL, NULL, NULL, NULL, 'https://eims1.mpwrd.gov.in/fcmreport/control/main', '{"district": "Shajapur", "frl_m": "439.90", "gate_count_open": "", "gate_discharge_cumec": "", "last_year_level_m": "", "last_year_live_capacity_mcm": "", "last_year_live_storage_percent": "", "live_capacity_at_frl_mcm": "45.27", "reservoir": "Tillar [10870]", "serial": "233.", "this_year_level_m": "438.60*", "this_year_live_capacity_mcm": "33.61", "this_year_live_storage_percent": "74", "time": "08:00:00"}'::jsonb, now()) ON CONFLICT (source_registry, report_date, reservoir_code) DO UPDATE SET dam_id = EXCLUDED.dam_id, basin_office = EXCLUDED.basin_office, reservoir_name = EXCLUDED.reservoir_name, reading_time = EXCLUDED.reading_time, district = EXCLUDED.district, frl_m = EXCLUDED.frl_m, live_capacity_at_frl_mcm = EXCLUDED.live_capacity_at_frl_mcm, this_year_level_m = EXCLUDED.this_year_level_m, this_year_live_capacity_mcm = EXCLUDED.this_year_live_capacity_mcm, this_year_live_storage_percent = EXCLUDED.this_year_live_storage_percent, this_year_level_observed_date = EXCLUDED.this_year_level_observed_date, this_year_is_stale = EXCLUDED.this_year_is_stale, gate_count_open = EXCLUDED.gate_count_open, gate_discharge_cumec = EXCLUDED.gate_discharge_cumec, last_year_level_m = EXCLUDED.last_year_level_m, last_year_live_capacity_mcm = EXCLUDED.last_year_live_capacity_mcm, last_year_live_storage_percent = EXCLUDED.last_year_live_storage_percent, source_url = EXCLUDED.source_url, raw = EXCLUDED.raw, fetched_at = now();
INSERT INTO dams (dam_id, dam_name, state, district, river_basin, owner_agency, status, risk_class, safety_score, source_registry, source_record_id, source_publication_year, source_url, updated_at) VALUES ('MPWRD-32236', 'Badaldoh Tank', 'Madhya Pradesh', 'Betul', 'Chief Engineer WRD, Narmadapuram', 'Madhya Pradesh Water Resources Department', 'operational'::dam_status, 'low'::risk_class, 100.00, 'MPWRD', '32236', 2026, 'https://eims1.mpwrd.gov.in/fcmreport/control/main', now()) ON CONFLICT (dam_id) DO UPDATE SET dam_name = EXCLUDED.dam_name, state = EXCLUDED.state, district = EXCLUDED.district, river_basin = EXCLUDED.river_basin, owner_agency = EXCLUDED.owner_agency, status = EXCLUDED.status, risk_class = EXCLUDED.risk_class, safety_score = EXCLUDED.safety_score, source_registry = EXCLUDED.source_registry, source_record_id = EXCLUDED.source_record_id, source_publication_year = EXCLUDED.source_publication_year, source_url = EXCLUDED.source_url, updated_at = now();
INSERT INTO dam_reservoir (dam_id, reservoir_name, live_storage_mcm, current_storage_mcm, frl_m, updated_at) VALUES ('MPWRD-32236', 'Badaldoh Tank', 11.06, 11.06, 710.50, now()) ON CONFLICT (dam_id) DO UPDATE SET reservoir_name = EXCLUDED.reservoir_name, live_storage_mcm = EXCLUDED.live_storage_mcm, current_storage_mcm = EXCLUDED.current_storage_mcm, frl_m = EXCLUDED.frl_m, updated_at = now();
INSERT INTO dam_engineering (dam_id, instrumentation, updated_at) VALUES ('MPWRD-32236', '{"basin_office": "Chief Engineer WRD, Narmadapuram", "gate_count_open": null, "gate_discharge_cumec": null, "last_year_level_m": null, "last_year_live_capacity_mcm": null, "last_year_live_storage_percent": null, "mpwrd_reservoir_code": "32236", "reading_time": "08:00:00", "this_year_is_stale": true, "this_year_level_observed_date": "2025-09-24"}'::jsonb, now()) ON CONFLICT (dam_id) DO UPDATE SET instrumentation = EXCLUDED.instrumentation, updated_at = now();
INSERT INTO mpwrd_reservoir_levels (source_registry, report_date, reservoir_code, dam_id, basin_office, reservoir_name, reading_time, district, frl_m, live_capacity_at_frl_mcm, this_year_level_m, this_year_live_capacity_mcm, this_year_live_storage_percent, this_year_level_observed_date, this_year_is_stale, gate_count_open, gate_discharge_cumec, last_year_level_m, last_year_live_capacity_mcm, last_year_live_storage_percent, source_url, raw, fetched_at) VALUES ('MPWRD', '2026-05-25', '32236', 'MPWRD-32236', 'Chief Engineer WRD, Narmadapuram', 'Badaldoh Tank', '08:00:00', 'Betul', 710.50, 11.06, 710.50, 11.06, 100, '2025-09-24', TRUE, NULL, NULL, NULL, NULL, NULL, 'https://eims1.mpwrd.gov.in/fcmreport/control/main', '{"district": "Betul", "frl_m": "710.50", "gate_count_open": "", "gate_discharge_cumec": "", "last_year_level_m": "", "last_year_live_capacity_mcm": "", "last_year_live_storage_percent": "", "live_capacity_at_frl_mcm": "11.06", "reservoir": "Badaldoh Tank [32236]", "serial": "234.", "this_year_level_m": "710.50 *", "this_year_live_capacity_mcm": "11.06", "this_year_live_storage_percent": "100", "time": "08:00:00"}'::jsonb, now()) ON CONFLICT (source_registry, report_date, reservoir_code) DO UPDATE SET dam_id = EXCLUDED.dam_id, basin_office = EXCLUDED.basin_office, reservoir_name = EXCLUDED.reservoir_name, reading_time = EXCLUDED.reading_time, district = EXCLUDED.district, frl_m = EXCLUDED.frl_m, live_capacity_at_frl_mcm = EXCLUDED.live_capacity_at_frl_mcm, this_year_level_m = EXCLUDED.this_year_level_m, this_year_live_capacity_mcm = EXCLUDED.this_year_live_capacity_mcm, this_year_live_storage_percent = EXCLUDED.this_year_live_storage_percent, this_year_level_observed_date = EXCLUDED.this_year_level_observed_date, this_year_is_stale = EXCLUDED.this_year_is_stale, gate_count_open = EXCLUDED.gate_count_open, gate_discharge_cumec = EXCLUDED.gate_discharge_cumec, last_year_level_m = EXCLUDED.last_year_level_m, last_year_live_capacity_mcm = EXCLUDED.last_year_live_capacity_mcm, last_year_live_storage_percent = EXCLUDED.last_year_live_storage_percent, source_url = EXCLUDED.source_url, raw = EXCLUDED.raw, fetched_at = now();
INSERT INTO dams (dam_id, dam_name, state, district, river_basin, owner_agency, status, risk_class, safety_score, source_registry, source_record_id, source_publication_year, source_url, updated_at) VALUES ('MPWRD-10938', 'Bakud Tank', 'Madhya Pradesh', 'Betul', 'Chief Engineer WRD, Narmadapuram', 'Madhya Pradesh Water Resources Department', 'operational'::dam_status, 'low'::risk_class, 100.00, 'MPWRD', '10938', 2026, 'https://eims1.mpwrd.gov.in/fcmreport/control/main', now()) ON CONFLICT (dam_id) DO UPDATE SET dam_name = EXCLUDED.dam_name, state = EXCLUDED.state, district = EXCLUDED.district, river_basin = EXCLUDED.river_basin, owner_agency = EXCLUDED.owner_agency, status = EXCLUDED.status, risk_class = EXCLUDED.risk_class, safety_score = EXCLUDED.safety_score, source_registry = EXCLUDED.source_registry, source_record_id = EXCLUDED.source_record_id, source_publication_year = EXCLUDED.source_publication_year, source_url = EXCLUDED.source_url, updated_at = now();
INSERT INTO dam_reservoir (dam_id, reservoir_name, live_storage_mcm, current_storage_mcm, frl_m, updated_at) VALUES ('MPWRD-10938', 'Bakud Tank', 8.70, 8.70, 1005.50, now()) ON CONFLICT (dam_id) DO UPDATE SET reservoir_name = EXCLUDED.reservoir_name, live_storage_mcm = EXCLUDED.live_storage_mcm, current_storage_mcm = EXCLUDED.current_storage_mcm, frl_m = EXCLUDED.frl_m, updated_at = now();
INSERT INTO dam_engineering (dam_id, instrumentation, updated_at) VALUES ('MPWRD-10938', '{"basin_office": "Chief Engineer WRD, Narmadapuram", "gate_count_open": null, "gate_discharge_cumec": null, "last_year_level_m": null, "last_year_live_capacity_mcm": null, "last_year_live_storage_percent": null, "mpwrd_reservoir_code": "10938", "reading_time": "08:00:00", "this_year_is_stale": true, "this_year_level_observed_date": "2025-09-24"}'::jsonb, now()) ON CONFLICT (dam_id) DO UPDATE SET instrumentation = EXCLUDED.instrumentation, updated_at = now();
INSERT INTO mpwrd_reservoir_levels (source_registry, report_date, reservoir_code, dam_id, basin_office, reservoir_name, reading_time, district, frl_m, live_capacity_at_frl_mcm, this_year_level_m, this_year_live_capacity_mcm, this_year_live_storage_percent, this_year_level_observed_date, this_year_is_stale, gate_count_open, gate_discharge_cumec, last_year_level_m, last_year_live_capacity_mcm, last_year_live_storage_percent, source_url, raw, fetched_at) VALUES ('MPWRD', '2026-05-25', '10938', 'MPWRD-10938', 'Chief Engineer WRD, Narmadapuram', 'Bakud Tank', '08:00:00', 'Betul', 1005.50, 8.70, 1005.50, 8.70, 100, '2025-09-24', TRUE, NULL, NULL, NULL, NULL, NULL, 'https://eims1.mpwrd.gov.in/fcmreport/control/main', '{"district": "Betul", "frl_m": "1005.50", "gate_count_open": "", "gate_discharge_cumec": "", "last_year_level_m": "", "last_year_live_capacity_mcm": "", "last_year_live_storage_percent": "", "live_capacity_at_frl_mcm": "8.70", "reservoir": "Bakud Tank [10938]", "serial": "235.", "this_year_level_m": "1005.50 *", "this_year_live_capacity_mcm": "8.70", "this_year_live_storage_percent": "100", "time": "08:00:00"}'::jsonb, now()) ON CONFLICT (source_registry, report_date, reservoir_code) DO UPDATE SET dam_id = EXCLUDED.dam_id, basin_office = EXCLUDED.basin_office, reservoir_name = EXCLUDED.reservoir_name, reading_time = EXCLUDED.reading_time, district = EXCLUDED.district, frl_m = EXCLUDED.frl_m, live_capacity_at_frl_mcm = EXCLUDED.live_capacity_at_frl_mcm, this_year_level_m = EXCLUDED.this_year_level_m, this_year_live_capacity_mcm = EXCLUDED.this_year_live_capacity_mcm, this_year_live_storage_percent = EXCLUDED.this_year_live_storage_percent, this_year_level_observed_date = EXCLUDED.this_year_level_observed_date, this_year_is_stale = EXCLUDED.this_year_is_stale, gate_count_open = EXCLUDED.gate_count_open, gate_discharge_cumec = EXCLUDED.gate_discharge_cumec, last_year_level_m = EXCLUDED.last_year_level_m, last_year_live_capacity_mcm = EXCLUDED.last_year_live_capacity_mcm, last_year_live_storage_percent = EXCLUDED.last_year_live_storage_percent, source_url = EXCLUDED.source_url, raw = EXCLUDED.raw, fetched_at = now();
INSERT INTO dams (dam_id, dam_name, state, district, river_basin, owner_agency, status, risk_class, safety_score, source_registry, source_record_id, source_publication_year, source_url, updated_at) VALUES ('MPWRD-10965', 'Barna Dam', 'Madhya Pradesh', 'Raisen', 'Chief Engineer WRD, Narmadapuram', 'Madhya Pradesh Water Resources Department', 'operational'::dam_status, 'low'::risk_class, 100.00, 'MPWRD', '10965', 2026, 'https://eims1.mpwrd.gov.in/fcmreport/control/main', now()) ON CONFLICT (dam_id) DO UPDATE SET dam_name = EXCLUDED.dam_name, state = EXCLUDED.state, district = EXCLUDED.district, river_basin = EXCLUDED.river_basin, owner_agency = EXCLUDED.owner_agency, status = EXCLUDED.status, risk_class = EXCLUDED.risk_class, safety_score = EXCLUDED.safety_score, source_registry = EXCLUDED.source_registry, source_record_id = EXCLUDED.source_record_id, source_publication_year = EXCLUDED.source_publication_year, source_url = EXCLUDED.source_url, updated_at = now();
INSERT INTO dam_reservoir (dam_id, reservoir_name, live_storage_mcm, current_storage_mcm, frl_m, updated_at) VALUES ('MPWRD-10965', 'Barna Dam', 455.80, 456.51, 348.55, now()) ON CONFLICT (dam_id) DO UPDATE SET reservoir_name = EXCLUDED.reservoir_name, live_storage_mcm = EXCLUDED.live_storage_mcm, current_storage_mcm = EXCLUDED.current_storage_mcm, frl_m = EXCLUDED.frl_m, updated_at = now();
INSERT INTO dam_engineering (dam_id, instrumentation, updated_at) VALUES ('MPWRD-10965', '{"basin_office": "Chief Engineer WRD, Narmadapuram", "gate_count_open": null, "gate_discharge_cumec": null, "last_year_level_m": null, "last_year_live_capacity_mcm": null, "last_year_live_storage_percent": null, "mpwrd_reservoir_code": "10965", "reading_time": "08:00:00", "this_year_is_stale": true, "this_year_level_observed_date": "2025-09-25"}'::jsonb, now()) ON CONFLICT (dam_id) DO UPDATE SET instrumentation = EXCLUDED.instrumentation, updated_at = now();
INSERT INTO mpwrd_reservoir_levels (source_registry, report_date, reservoir_code, dam_id, basin_office, reservoir_name, reading_time, district, frl_m, live_capacity_at_frl_mcm, this_year_level_m, this_year_live_capacity_mcm, this_year_live_storage_percent, this_year_level_observed_date, this_year_is_stale, gate_count_open, gate_discharge_cumec, last_year_level_m, last_year_live_capacity_mcm, last_year_live_storage_percent, source_url, raw, fetched_at) VALUES ('MPWRD', '2026-05-25', '10965', 'MPWRD-10965', 'Chief Engineer WRD, Narmadapuram', 'Barna Dam', '08:00:00', 'Raisen', 348.55, 455.80, 348.50, 456.51, 100, '2025-09-25', TRUE, NULL, NULL, NULL, NULL, NULL, 'https://eims1.mpwrd.gov.in/fcmreport/control/main', '{"district": "Raisen", "frl_m": "348.55", "gate_count_open": "", "gate_discharge_cumec": "", "last_year_level_m": "", "last_year_live_capacity_mcm": "", "last_year_live_storage_percent": "", "live_capacity_at_frl_mcm": "455.80", "reservoir": "Barna Dam [10965]", "serial": "236.", "this_year_level_m": "348.50*", "this_year_live_capacity_mcm": "456.51", "this_year_live_storage_percent": "100", "time": "08:00:00"}'::jsonb, now()) ON CONFLICT (source_registry, report_date, reservoir_code) DO UPDATE SET dam_id = EXCLUDED.dam_id, basin_office = EXCLUDED.basin_office, reservoir_name = EXCLUDED.reservoir_name, reading_time = EXCLUDED.reading_time, district = EXCLUDED.district, frl_m = EXCLUDED.frl_m, live_capacity_at_frl_mcm = EXCLUDED.live_capacity_at_frl_mcm, this_year_level_m = EXCLUDED.this_year_level_m, this_year_live_capacity_mcm = EXCLUDED.this_year_live_capacity_mcm, this_year_live_storage_percent = EXCLUDED.this_year_live_storage_percent, this_year_level_observed_date = EXCLUDED.this_year_level_observed_date, this_year_is_stale = EXCLUDED.this_year_is_stale, gate_count_open = EXCLUDED.gate_count_open, gate_discharge_cumec = EXCLUDED.gate_discharge_cumec, last_year_level_m = EXCLUDED.last_year_level_m, last_year_live_capacity_mcm = EXCLUDED.last_year_live_capacity_mcm, last_year_live_storage_percent = EXCLUDED.last_year_live_storage_percent, source_url = EXCLUDED.source_url, raw = EXCLUDED.raw, fetched_at = now();
INSERT INTO dams (dam_id, dam_name, state, district, river_basin, owner_agency, status, risk_class, safety_score, source_registry, source_record_id, source_publication_year, source_url, updated_at) VALUES ('MPWRD-10892', 'Bundala Dam', 'Madhya Pradesh', 'Betul', 'Chief Engineer WRD, Narmadapuram', 'Madhya Pradesh Water Resources Department', 'operational'::dam_status, 'low'::risk_class, 100.00, 'MPWRD', '10892', 2026, 'https://eims1.mpwrd.gov.in/fcmreport/control/main', now()) ON CONFLICT (dam_id) DO UPDATE SET dam_name = EXCLUDED.dam_name, state = EXCLUDED.state, district = EXCLUDED.district, river_basin = EXCLUDED.river_basin, owner_agency = EXCLUDED.owner_agency, status = EXCLUDED.status, risk_class = EXCLUDED.risk_class, safety_score = EXCLUDED.safety_score, source_registry = EXCLUDED.source_registry, source_record_id = EXCLUDED.source_record_id, source_publication_year = EXCLUDED.source_publication_year, source_url = EXCLUDED.source_url, updated_at = now();
INSERT INTO dam_reservoir (dam_id, reservoir_name, live_storage_mcm, current_storage_mcm, frl_m, updated_at) VALUES ('MPWRD-10892', 'Bundala Dam', 18.57, 18.57, 734.55, now()) ON CONFLICT (dam_id) DO UPDATE SET reservoir_name = EXCLUDED.reservoir_name, live_storage_mcm = EXCLUDED.live_storage_mcm, current_storage_mcm = EXCLUDED.current_storage_mcm, frl_m = EXCLUDED.frl_m, updated_at = now();
INSERT INTO dam_engineering (dam_id, instrumentation, updated_at) VALUES ('MPWRD-10892', '{"basin_office": "Chief Engineer WRD, Narmadapuram", "gate_count_open": null, "gate_discharge_cumec": null, "last_year_level_m": null, "last_year_live_capacity_mcm": null, "last_year_live_storage_percent": null, "mpwrd_reservoir_code": "10892", "reading_time": "08:00:00", "this_year_is_stale": true, "this_year_level_observed_date": "2025-09-23"}'::jsonb, now()) ON CONFLICT (dam_id) DO UPDATE SET instrumentation = EXCLUDED.instrumentation, updated_at = now();
INSERT INTO mpwrd_reservoir_levels (source_registry, report_date, reservoir_code, dam_id, basin_office, reservoir_name, reading_time, district, frl_m, live_capacity_at_frl_mcm, this_year_level_m, this_year_live_capacity_mcm, this_year_live_storage_percent, this_year_level_observed_date, this_year_is_stale, gate_count_open, gate_discharge_cumec, last_year_level_m, last_year_live_capacity_mcm, last_year_live_storage_percent, source_url, raw, fetched_at) VALUES ('MPWRD', '2026-05-25', '10892', 'MPWRD-10892', 'Chief Engineer WRD, Narmadapuram', 'Bundala Dam', '08:00:00', 'Betul', 734.55, 18.57, 734.55, 18.57, 100, '2025-09-23', TRUE, NULL, NULL, NULL, NULL, NULL, 'https://eims1.mpwrd.gov.in/fcmreport/control/main', '{"district": "Betul", "frl_m": "734.55", "gate_count_open": "", "gate_discharge_cumec": "", "last_year_level_m": "", "last_year_live_capacity_mcm": "", "last_year_live_storage_percent": "", "live_capacity_at_frl_mcm": "18.57", "reservoir": "Bundala Dam [10892]", "serial": "237.", "this_year_level_m": "734.55 *", "this_year_live_capacity_mcm": "18.57", "this_year_live_storage_percent": "100", "time": "08:00:00"}'::jsonb, now()) ON CONFLICT (source_registry, report_date, reservoir_code) DO UPDATE SET dam_id = EXCLUDED.dam_id, basin_office = EXCLUDED.basin_office, reservoir_name = EXCLUDED.reservoir_name, reading_time = EXCLUDED.reading_time, district = EXCLUDED.district, frl_m = EXCLUDED.frl_m, live_capacity_at_frl_mcm = EXCLUDED.live_capacity_at_frl_mcm, this_year_level_m = EXCLUDED.this_year_level_m, this_year_live_capacity_mcm = EXCLUDED.this_year_live_capacity_mcm, this_year_live_storage_percent = EXCLUDED.this_year_live_storage_percent, this_year_level_observed_date = EXCLUDED.this_year_level_observed_date, this_year_is_stale = EXCLUDED.this_year_is_stale, gate_count_open = EXCLUDED.gate_count_open, gate_discharge_cumec = EXCLUDED.gate_discharge_cumec, last_year_level_m = EXCLUDED.last_year_level_m, last_year_live_capacity_mcm = EXCLUDED.last_year_live_capacity_mcm, last_year_live_storage_percent = EXCLUDED.last_year_live_storage_percent, source_url = EXCLUDED.source_url, raw = EXCLUDED.raw, fetched_at = now();
INSERT INTO dams (dam_id, dam_name, state, district, river_basin, owner_agency, status, risk_class, safety_score, source_registry, source_record_id, source_publication_year, source_url, updated_at) VALUES ('MPWRD-10897', 'Chandora Dam', 'Madhya Pradesh', 'Betul', 'Chief Engineer WRD, Narmadapuram', 'Madhya Pradesh Water Resources Department', 'operational'::dam_status, 'low'::risk_class, 98.00, 'MPWRD', '10897', 2026, 'https://eims1.mpwrd.gov.in/fcmreport/control/main', now()) ON CONFLICT (dam_id) DO UPDATE SET dam_name = EXCLUDED.dam_name, state = EXCLUDED.state, district = EXCLUDED.district, river_basin = EXCLUDED.river_basin, owner_agency = EXCLUDED.owner_agency, status = EXCLUDED.status, risk_class = EXCLUDED.risk_class, safety_score = EXCLUDED.safety_score, source_registry = EXCLUDED.source_registry, source_record_id = EXCLUDED.source_record_id, source_publication_year = EXCLUDED.source_publication_year, source_url = EXCLUDED.source_url, updated_at = now();
INSERT INTO dam_reservoir (dam_id, reservoir_name, live_storage_mcm, current_storage_mcm, frl_m, updated_at) VALUES ('MPWRD-10897', 'Chandora Dam', 16.48, 16.24, 685.95, now()) ON CONFLICT (dam_id) DO UPDATE SET reservoir_name = EXCLUDED.reservoir_name, live_storage_mcm = EXCLUDED.live_storage_mcm, current_storage_mcm = EXCLUDED.current_storage_mcm, frl_m = EXCLUDED.frl_m, updated_at = now();
INSERT INTO dam_engineering (dam_id, instrumentation, updated_at) VALUES ('MPWRD-10897', '{"basin_office": "Chief Engineer WRD, Narmadapuram", "gate_count_open": null, "gate_discharge_cumec": null, "last_year_level_m": null, "last_year_live_capacity_mcm": null, "last_year_live_storage_percent": null, "mpwrd_reservoir_code": "10897", "reading_time": "08:00:00", "this_year_is_stale": true, "this_year_level_observed_date": "2025-09-23"}'::jsonb, now()) ON CONFLICT (dam_id) DO UPDATE SET instrumentation = EXCLUDED.instrumentation, updated_at = now();
INSERT INTO mpwrd_reservoir_levels (source_registry, report_date, reservoir_code, dam_id, basin_office, reservoir_name, reading_time, district, frl_m, live_capacity_at_frl_mcm, this_year_level_m, this_year_live_capacity_mcm, this_year_live_storage_percent, this_year_level_observed_date, this_year_is_stale, gate_count_open, gate_discharge_cumec, last_year_level_m, last_year_live_capacity_mcm, last_year_live_storage_percent, source_url, raw, fetched_at) VALUES ('MPWRD', '2026-05-25', '10897', 'MPWRD-10897', 'Chief Engineer WRD, Narmadapuram', 'Chandora Dam', '08:00:00', 'Betul', 685.95, 16.48, 685.88, 16.24, 98, '2025-09-23', TRUE, NULL, NULL, NULL, NULL, NULL, 'https://eims1.mpwrd.gov.in/fcmreport/control/main', '{"district": "Betul", "frl_m": "685.95", "gate_count_open": "", "gate_discharge_cumec": "", "last_year_level_m": "", "last_year_live_capacity_mcm": "", "last_year_live_storage_percent": "", "live_capacity_at_frl_mcm": "16.48", "reservoir": "Chandora Dam [10897]", "serial": "238.", "this_year_level_m": "685.88*", "this_year_live_capacity_mcm": "16.24", "this_year_live_storage_percent": "98", "time": "08:00:00"}'::jsonb, now()) ON CONFLICT (source_registry, report_date, reservoir_code) DO UPDATE SET dam_id = EXCLUDED.dam_id, basin_office = EXCLUDED.basin_office, reservoir_name = EXCLUDED.reservoir_name, reading_time = EXCLUDED.reading_time, district = EXCLUDED.district, frl_m = EXCLUDED.frl_m, live_capacity_at_frl_mcm = EXCLUDED.live_capacity_at_frl_mcm, this_year_level_m = EXCLUDED.this_year_level_m, this_year_live_capacity_mcm = EXCLUDED.this_year_live_capacity_mcm, this_year_live_storage_percent = EXCLUDED.this_year_live_storage_percent, this_year_level_observed_date = EXCLUDED.this_year_level_observed_date, this_year_is_stale = EXCLUDED.this_year_is_stale, gate_count_open = EXCLUDED.gate_count_open, gate_discharge_cumec = EXCLUDED.gate_discharge_cumec, last_year_level_m = EXCLUDED.last_year_level_m, last_year_live_capacity_mcm = EXCLUDED.last_year_live_capacity_mcm, last_year_live_storage_percent = EXCLUDED.last_year_live_storage_percent, source_url = EXCLUDED.source_url, raw = EXCLUDED.raw, fetched_at = now();
INSERT INTO dams (dam_id, dam_name, state, district, river_basin, owner_agency, status, risk_class, safety_score, source_registry, source_record_id, source_publication_year, source_url, updated_at) VALUES ('MPWRD-30520', 'Dehgud Tank', 'Madhya Pradesh', 'Betul', 'Chief Engineer WRD, Narmadapuram', 'Madhya Pradesh Water Resources Department', 'operational'::dam_status, 'low'::risk_class, 100.00, 'MPWRD', '30520', 2026, 'https://eims1.mpwrd.gov.in/fcmreport/control/main', now()) ON CONFLICT (dam_id) DO UPDATE SET dam_name = EXCLUDED.dam_name, state = EXCLUDED.state, district = EXCLUDED.district, river_basin = EXCLUDED.river_basin, owner_agency = EXCLUDED.owner_agency, status = EXCLUDED.status, risk_class = EXCLUDED.risk_class, safety_score = EXCLUDED.safety_score, source_registry = EXCLUDED.source_registry, source_record_id = EXCLUDED.source_record_id, source_publication_year = EXCLUDED.source_publication_year, source_url = EXCLUDED.source_url, updated_at = now();
INSERT INTO dam_reservoir (dam_id, reservoir_name, live_storage_mcm, current_storage_mcm, frl_m, updated_at) VALUES ('MPWRD-30520', 'Dehgud Tank', 12.25, 12.25, 689.89, now()) ON CONFLICT (dam_id) DO UPDATE SET reservoir_name = EXCLUDED.reservoir_name, live_storage_mcm = EXCLUDED.live_storage_mcm, current_storage_mcm = EXCLUDED.current_storage_mcm, frl_m = EXCLUDED.frl_m, updated_at = now();
INSERT INTO dam_engineering (dam_id, instrumentation, updated_at) VALUES ('MPWRD-30520', '{"basin_office": "Chief Engineer WRD, Narmadapuram", "gate_count_open": null, "gate_discharge_cumec": null, "last_year_level_m": null, "last_year_live_capacity_mcm": null, "last_year_live_storage_percent": null, "mpwrd_reservoir_code": "30520", "reading_time": "08:00:00", "this_year_is_stale": true, "this_year_level_observed_date": "2025-09-24"}'::jsonb, now()) ON CONFLICT (dam_id) DO UPDATE SET instrumentation = EXCLUDED.instrumentation, updated_at = now();
INSERT INTO mpwrd_reservoir_levels (source_registry, report_date, reservoir_code, dam_id, basin_office, reservoir_name, reading_time, district, frl_m, live_capacity_at_frl_mcm, this_year_level_m, this_year_live_capacity_mcm, this_year_live_storage_percent, this_year_level_observed_date, this_year_is_stale, gate_count_open, gate_discharge_cumec, last_year_level_m, last_year_live_capacity_mcm, last_year_live_storage_percent, source_url, raw, fetched_at) VALUES ('MPWRD', '2026-05-25', '30520', 'MPWRD-30520', 'Chief Engineer WRD, Narmadapuram', 'Dehgud Tank', '08:00:00', 'Betul', 689.89, 12.25, 689.89, 12.25, 100, '2025-09-24', TRUE, NULL, NULL, NULL, NULL, NULL, 'https://eims1.mpwrd.gov.in/fcmreport/control/main', '{"district": "Betul", "frl_m": "689.89", "gate_count_open": "", "gate_discharge_cumec": "", "last_year_level_m": "", "last_year_live_capacity_mcm": "", "last_year_live_storage_percent": "", "live_capacity_at_frl_mcm": "12.25", "reservoir": "Dehgud Tank [30520]", "serial": "239.", "this_year_level_m": "689.89 *", "this_year_live_capacity_mcm": "12.25", "this_year_live_storage_percent": "100", "time": "08:00:00"}'::jsonb, now()) ON CONFLICT (source_registry, report_date, reservoir_code) DO UPDATE SET dam_id = EXCLUDED.dam_id, basin_office = EXCLUDED.basin_office, reservoir_name = EXCLUDED.reservoir_name, reading_time = EXCLUDED.reading_time, district = EXCLUDED.district, frl_m = EXCLUDED.frl_m, live_capacity_at_frl_mcm = EXCLUDED.live_capacity_at_frl_mcm, this_year_level_m = EXCLUDED.this_year_level_m, this_year_live_capacity_mcm = EXCLUDED.this_year_live_capacity_mcm, this_year_live_storage_percent = EXCLUDED.this_year_live_storage_percent, this_year_level_observed_date = EXCLUDED.this_year_level_observed_date, this_year_is_stale = EXCLUDED.this_year_is_stale, gate_count_open = EXCLUDED.gate_count_open, gate_discharge_cumec = EXCLUDED.gate_discharge_cumec, last_year_level_m = EXCLUDED.last_year_level_m, last_year_live_capacity_mcm = EXCLUDED.last_year_live_capacity_mcm, last_year_live_storage_percent = EXCLUDED.last_year_live_storage_percent, source_url = EXCLUDED.source_url, raw = EXCLUDED.raw, fetched_at = now();
INSERT INTO dams (dam_id, dam_name, state, district, river_basin, owner_agency, status, risk_class, safety_score, source_registry, source_record_id, source_publication_year, source_url, updated_at) VALUES ('MPWRD-10180-240', 'Dokrikheda Tank', 'Madhya Pradesh', 'Narmadapuram', 'Chief Engineer WRD, Narmadapuram', 'Madhya Pradesh Water Resources Department', 'operational'::dam_status, 'low'::risk_class, 100.00, 'MPWRD', '10180-240', 2026, 'https://eims1.mpwrd.gov.in/fcmreport/control/main', now()) ON CONFLICT (dam_id) DO UPDATE SET dam_name = EXCLUDED.dam_name, state = EXCLUDED.state, district = EXCLUDED.district, river_basin = EXCLUDED.river_basin, owner_agency = EXCLUDED.owner_agency, status = EXCLUDED.status, risk_class = EXCLUDED.risk_class, safety_score = EXCLUDED.safety_score, source_registry = EXCLUDED.source_registry, source_record_id = EXCLUDED.source_record_id, source_publication_year = EXCLUDED.source_publication_year, source_url = EXCLUDED.source_url, updated_at = now();
INSERT INTO dam_reservoir (dam_id, reservoir_name, live_storage_mcm, current_storage_mcm, frl_m, updated_at) VALUES ('MPWRD-10180-240', 'Dokrikheda Tank', 12.64, 12.64, 378.56, now()) ON CONFLICT (dam_id) DO UPDATE SET reservoir_name = EXCLUDED.reservoir_name, live_storage_mcm = EXCLUDED.live_storage_mcm, current_storage_mcm = EXCLUDED.current_storage_mcm, frl_m = EXCLUDED.frl_m, updated_at = now();
INSERT INTO dam_engineering (dam_id, instrumentation, updated_at) VALUES ('MPWRD-10180-240', '{"basin_office": "Chief Engineer WRD, Narmadapuram", "gate_count_open": null, "gate_discharge_cumec": null, "last_year_level_m": null, "last_year_live_capacity_mcm": null, "last_year_live_storage_percent": null, "mpwrd_reservoir_code": "10180-240", "reading_time": "08:00:00", "this_year_is_stale": true, "this_year_level_observed_date": "2025-09-24"}'::jsonb, now()) ON CONFLICT (dam_id) DO UPDATE SET instrumentation = EXCLUDED.instrumentation, updated_at = now();
INSERT INTO mpwrd_reservoir_levels (source_registry, report_date, reservoir_code, dam_id, basin_office, reservoir_name, reading_time, district, frl_m, live_capacity_at_frl_mcm, this_year_level_m, this_year_live_capacity_mcm, this_year_live_storage_percent, this_year_level_observed_date, this_year_is_stale, gate_count_open, gate_discharge_cumec, last_year_level_m, last_year_live_capacity_mcm, last_year_live_storage_percent, source_url, raw, fetched_at) VALUES ('MPWRD', '2026-05-25', '10180-240', 'MPWRD-10180-240', 'Chief Engineer WRD, Narmadapuram', 'Dokrikheda Tank', '08:00:00', 'Narmadapuram', 378.56, 12.64, 378.56, 12.64, 100, '2025-09-24', TRUE, NULL, NULL, NULL, NULL, NULL, 'https://eims1.mpwrd.gov.in/fcmreport/control/main', '{"district": "Narmadapuram", "frl_m": "378.56", "gate_count_open": "", "gate_discharge_cumec": "", "last_year_level_m": "", "last_year_live_capacity_mcm": "", "last_year_live_storage_percent": "", "live_capacity_at_frl_mcm": "12.64", "mpwrd_reservoir_code": "10180", "reservoir": "Dokrikheda Tank [10180]", "serial": "240.", "this_year_level_m": "378.56 *", "this_year_live_capacity_mcm": "12.64", "this_year_live_storage_percent": "100", "time": "08:00:00"}'::jsonb, now()) ON CONFLICT (source_registry, report_date, reservoir_code) DO UPDATE SET dam_id = EXCLUDED.dam_id, basin_office = EXCLUDED.basin_office, reservoir_name = EXCLUDED.reservoir_name, reading_time = EXCLUDED.reading_time, district = EXCLUDED.district, frl_m = EXCLUDED.frl_m, live_capacity_at_frl_mcm = EXCLUDED.live_capacity_at_frl_mcm, this_year_level_m = EXCLUDED.this_year_level_m, this_year_live_capacity_mcm = EXCLUDED.this_year_live_capacity_mcm, this_year_live_storage_percent = EXCLUDED.this_year_live_storage_percent, this_year_level_observed_date = EXCLUDED.this_year_level_observed_date, this_year_is_stale = EXCLUDED.this_year_is_stale, gate_count_open = EXCLUDED.gate_count_open, gate_discharge_cumec = EXCLUDED.gate_discharge_cumec, last_year_level_m = EXCLUDED.last_year_level_m, last_year_live_capacity_mcm = EXCLUDED.last_year_live_capacity_mcm, last_year_live_storage_percent = EXCLUDED.last_year_live_storage_percent, source_url = EXCLUDED.source_url, raw = EXCLUDED.raw, fetched_at = now();
INSERT INTO dams (dam_id, dam_name, state, district, river_basin, owner_agency, status, risk_class, safety_score, source_registry, source_record_id, source_publication_year, source_url, updated_at) VALUES ('MPWRD-22199', 'Ghogri Medium Project', 'Madhya Pradesh', 'Betul', 'Chief Engineer WRD, Narmadapuram', 'Madhya Pradesh Water Resources Department', 'operational'::dam_status, 'low'::risk_class, 75.00, 'MPWRD', '22199', 2026, 'https://eims1.mpwrd.gov.in/fcmreport/control/main', now()) ON CONFLICT (dam_id) DO UPDATE SET dam_name = EXCLUDED.dam_name, state = EXCLUDED.state, district = EXCLUDED.district, river_basin = EXCLUDED.river_basin, owner_agency = EXCLUDED.owner_agency, status = EXCLUDED.status, risk_class = EXCLUDED.risk_class, safety_score = EXCLUDED.safety_score, source_registry = EXCLUDED.source_registry, source_record_id = EXCLUDED.source_record_id, source_publication_year = EXCLUDED.source_publication_year, source_url = EXCLUDED.source_url, updated_at = now();
INSERT INTO dam_reservoir (dam_id, reservoir_name, live_storage_mcm, current_storage_mcm, frl_m, updated_at) VALUES ('MPWRD-22199', 'Ghogri Medium Project', 39.01, 29.28, 595.00, now()) ON CONFLICT (dam_id) DO UPDATE SET reservoir_name = EXCLUDED.reservoir_name, live_storage_mcm = EXCLUDED.live_storage_mcm, current_storage_mcm = EXCLUDED.current_storage_mcm, frl_m = EXCLUDED.frl_m, updated_at = now();
INSERT INTO dam_engineering (dam_id, instrumentation, updated_at) VALUES ('MPWRD-22199', '{"basin_office": "Chief Engineer WRD, Narmadapuram", "gate_count_open": null, "gate_discharge_cumec": null, "last_year_level_m": null, "last_year_live_capacity_mcm": null, "last_year_live_storage_percent": null, "mpwrd_reservoir_code": "22199", "reading_time": "08:00:00", "this_year_is_stale": true, "this_year_level_observed_date": "2025-09-24"}'::jsonb, now()) ON CONFLICT (dam_id) DO UPDATE SET instrumentation = EXCLUDED.instrumentation, updated_at = now();
INSERT INTO mpwrd_reservoir_levels (source_registry, report_date, reservoir_code, dam_id, basin_office, reservoir_name, reading_time, district, frl_m, live_capacity_at_frl_mcm, this_year_level_m, this_year_live_capacity_mcm, this_year_live_storage_percent, this_year_level_observed_date, this_year_is_stale, gate_count_open, gate_discharge_cumec, last_year_level_m, last_year_live_capacity_mcm, last_year_live_storage_percent, source_url, raw, fetched_at) VALUES ('MPWRD', '2026-05-25', '22199', 'MPWRD-22199', 'Chief Engineer WRD, Narmadapuram', 'Ghogri Medium Project', '08:00:00', 'Betul', 595.00, 39.01, 591.70, 29.28, 75, '2025-09-24', TRUE, NULL, NULL, NULL, NULL, NULL, 'https://eims1.mpwrd.gov.in/fcmreport/control/main', '{"district": "Betul", "frl_m": "595.00", "gate_count_open": "", "gate_discharge_cumec": "", "last_year_level_m": "", "last_year_live_capacity_mcm": "", "last_year_live_storage_percent": "", "live_capacity_at_frl_mcm": "39.01", "reservoir": "Ghogri Medium Project [22199]", "serial": "241.", "this_year_level_m": "591.70*", "this_year_live_capacity_mcm": "29.28", "this_year_live_storage_percent": "75", "time": "08:00:00"}'::jsonb, now()) ON CONFLICT (source_registry, report_date, reservoir_code) DO UPDATE SET dam_id = EXCLUDED.dam_id, basin_office = EXCLUDED.basin_office, reservoir_name = EXCLUDED.reservoir_name, reading_time = EXCLUDED.reading_time, district = EXCLUDED.district, frl_m = EXCLUDED.frl_m, live_capacity_at_frl_mcm = EXCLUDED.live_capacity_at_frl_mcm, this_year_level_m = EXCLUDED.this_year_level_m, this_year_live_capacity_mcm = EXCLUDED.this_year_live_capacity_mcm, this_year_live_storage_percent = EXCLUDED.this_year_live_storage_percent, this_year_level_observed_date = EXCLUDED.this_year_level_observed_date, this_year_is_stale = EXCLUDED.this_year_is_stale, gate_count_open = EXCLUDED.gate_count_open, gate_discharge_cumec = EXCLUDED.gate_discharge_cumec, last_year_level_m = EXCLUDED.last_year_level_m, last_year_live_capacity_mcm = EXCLUDED.last_year_live_capacity_mcm, last_year_live_storage_percent = EXCLUDED.last_year_live_storage_percent, source_url = EXCLUDED.source_url, raw = EXCLUDED.raw, fetched_at = now();
INSERT INTO dams (dam_id, dam_name, state, district, river_basin, owner_agency, status, risk_class, safety_score, source_registry, source_record_id, source_publication_year, source_url, updated_at) VALUES ('MPWRD-22638', 'Godhna Tank', 'Madhya Pradesh', 'Betul', 'Chief Engineer WRD, Narmadapuram', 'Madhya Pradesh Water Resources Department', 'operational'::dam_status, 'low'::risk_class, 100.00, 'MPWRD', '22638', 2026, 'https://eims1.mpwrd.gov.in/fcmreport/control/main', now()) ON CONFLICT (dam_id) DO UPDATE SET dam_name = EXCLUDED.dam_name, state = EXCLUDED.state, district = EXCLUDED.district, river_basin = EXCLUDED.river_basin, owner_agency = EXCLUDED.owner_agency, status = EXCLUDED.status, risk_class = EXCLUDED.risk_class, safety_score = EXCLUDED.safety_score, source_registry = EXCLUDED.source_registry, source_record_id = EXCLUDED.source_record_id, source_publication_year = EXCLUDED.source_publication_year, source_url = EXCLUDED.source_url, updated_at = now();
INSERT INTO dam_reservoir (dam_id, reservoir_name, live_storage_mcm, current_storage_mcm, frl_m, updated_at) VALUES ('MPWRD-22638', 'Godhna Tank', 8.10, 8.10, 74.75, now()) ON CONFLICT (dam_id) DO UPDATE SET reservoir_name = EXCLUDED.reservoir_name, live_storage_mcm = EXCLUDED.live_storage_mcm, current_storage_mcm = EXCLUDED.current_storage_mcm, frl_m = EXCLUDED.frl_m, updated_at = now();
INSERT INTO dam_engineering (dam_id, instrumentation, updated_at) VALUES ('MPWRD-22638', '{"basin_office": "Chief Engineer WRD, Narmadapuram", "gate_count_open": null, "gate_discharge_cumec": null, "last_year_level_m": null, "last_year_live_capacity_mcm": null, "last_year_live_storage_percent": null, "mpwrd_reservoir_code": "22638", "reading_time": "08:00:00", "this_year_is_stale": true, "this_year_level_observed_date": "2025-09-24"}'::jsonb, now()) ON CONFLICT (dam_id) DO UPDATE SET instrumentation = EXCLUDED.instrumentation, updated_at = now();
INSERT INTO mpwrd_reservoir_levels (source_registry, report_date, reservoir_code, dam_id, basin_office, reservoir_name, reading_time, district, frl_m, live_capacity_at_frl_mcm, this_year_level_m, this_year_live_capacity_mcm, this_year_live_storage_percent, this_year_level_observed_date, this_year_is_stale, gate_count_open, gate_discharge_cumec, last_year_level_m, last_year_live_capacity_mcm, last_year_live_storage_percent, source_url, raw, fetched_at) VALUES ('MPWRD', '2026-05-25', '22638', 'MPWRD-22638', 'Chief Engineer WRD, Narmadapuram', 'Godhna Tank', '08:00:00', 'Betul', 74.75, 8.10, 74.75, 8.10, 100, '2025-09-24', TRUE, NULL, NULL, NULL, NULL, NULL, 'https://eims1.mpwrd.gov.in/fcmreport/control/main', '{"district": "Betul", "frl_m": "74.75", "gate_count_open": "", "gate_discharge_cumec": "", "last_year_level_m": "", "last_year_live_capacity_mcm": "", "last_year_live_storage_percent": "", "live_capacity_at_frl_mcm": "8.10", "reservoir": "Godhna Tank [22638]", "serial": "242.", "this_year_level_m": "74.75 *", "this_year_live_capacity_mcm": "8.10", "this_year_live_storage_percent": "100", "time": "08:00:00"}'::jsonb, now()) ON CONFLICT (source_registry, report_date, reservoir_code) DO UPDATE SET dam_id = EXCLUDED.dam_id, basin_office = EXCLUDED.basin_office, reservoir_name = EXCLUDED.reservoir_name, reading_time = EXCLUDED.reading_time, district = EXCLUDED.district, frl_m = EXCLUDED.frl_m, live_capacity_at_frl_mcm = EXCLUDED.live_capacity_at_frl_mcm, this_year_level_m = EXCLUDED.this_year_level_m, this_year_live_capacity_mcm = EXCLUDED.this_year_live_capacity_mcm, this_year_live_storage_percent = EXCLUDED.this_year_live_storage_percent, this_year_level_observed_date = EXCLUDED.this_year_level_observed_date, this_year_is_stale = EXCLUDED.this_year_is_stale, gate_count_open = EXCLUDED.gate_count_open, gate_discharge_cumec = EXCLUDED.gate_discharge_cumec, last_year_level_m = EXCLUDED.last_year_level_m, last_year_live_capacity_mcm = EXCLUDED.last_year_live_capacity_mcm, last_year_live_storage_percent = EXCLUDED.last_year_live_storage_percent, source_url = EXCLUDED.source_url, raw = EXCLUDED.raw, fetched_at = now();
INSERT INTO dams (dam_id, dam_name, state, district, river_basin, owner_agency, status, risk_class, safety_score, source_registry, source_record_id, source_publication_year, source_url, updated_at) VALUES ('MPWRD-27970', 'Imli Dhana Tank', 'Madhya Pradesh', 'Harda', 'Chief Engineer WRD, Narmadapuram', 'Madhya Pradesh Water Resources Department', 'operational'::dam_status, 'low'::risk_class, 100.00, 'MPWRD', '27970', 2026, 'https://eims1.mpwrd.gov.in/fcmreport/control/main', now()) ON CONFLICT (dam_id) DO UPDATE SET dam_name = EXCLUDED.dam_name, state = EXCLUDED.state, district = EXCLUDED.district, river_basin = EXCLUDED.river_basin, owner_agency = EXCLUDED.owner_agency, status = EXCLUDED.status, risk_class = EXCLUDED.risk_class, safety_score = EXCLUDED.safety_score, source_registry = EXCLUDED.source_registry, source_record_id = EXCLUDED.source_record_id, source_publication_year = EXCLUDED.source_publication_year, source_url = EXCLUDED.source_url, updated_at = now();
INSERT INTO dam_reservoir (dam_id, reservoir_name, live_storage_mcm, current_storage_mcm, frl_m, updated_at) VALUES ('MPWRD-27970', 'Imli Dhana Tank', 8.47, 8.47, 321.30, now()) ON CONFLICT (dam_id) DO UPDATE SET reservoir_name = EXCLUDED.reservoir_name, live_storage_mcm = EXCLUDED.live_storage_mcm, current_storage_mcm = EXCLUDED.current_storage_mcm, frl_m = EXCLUDED.frl_m, updated_at = now();
INSERT INTO dam_engineering (dam_id, instrumentation, updated_at) VALUES ('MPWRD-27970', '{"basin_office": "Chief Engineer WRD, Narmadapuram", "gate_count_open": null, "gate_discharge_cumec": null, "last_year_level_m": null, "last_year_live_capacity_mcm": null, "last_year_live_storage_percent": null, "mpwrd_reservoir_code": "27970", "reading_time": "08:00:00", "this_year_is_stale": true, "this_year_level_observed_date": "2025-08-31"}'::jsonb, now()) ON CONFLICT (dam_id) DO UPDATE SET instrumentation = EXCLUDED.instrumentation, updated_at = now();
INSERT INTO mpwrd_reservoir_levels (source_registry, report_date, reservoir_code, dam_id, basin_office, reservoir_name, reading_time, district, frl_m, live_capacity_at_frl_mcm, this_year_level_m, this_year_live_capacity_mcm, this_year_live_storage_percent, this_year_level_observed_date, this_year_is_stale, gate_count_open, gate_discharge_cumec, last_year_level_m, last_year_live_capacity_mcm, last_year_live_storage_percent, source_url, raw, fetched_at) VALUES ('MPWRD', '2026-05-25', '27970', 'MPWRD-27970', 'Chief Engineer WRD, Narmadapuram', 'Imli Dhana Tank', '08:00:00', 'Harda', 321.30, 8.47, 321.30, 8.47, 100, '2025-08-31', TRUE, NULL, NULL, NULL, NULL, NULL, 'https://eims1.mpwrd.gov.in/fcmreport/control/main', '{"district": "Harda", "frl_m": "321.30", "gate_count_open": "", "gate_discharge_cumec": "", "last_year_level_m": "", "last_year_live_capacity_mcm": "", "last_year_live_storage_percent": "", "live_capacity_at_frl_mcm": "8.47", "reservoir": "Imli Dhana Tank [27970]", "serial": "243.", "this_year_level_m": "321.30 *", "this_year_live_capacity_mcm": "8.47", "this_year_live_storage_percent": "100", "time": "08:00:00"}'::jsonb, now()) ON CONFLICT (source_registry, report_date, reservoir_code) DO UPDATE SET dam_id = EXCLUDED.dam_id, basin_office = EXCLUDED.basin_office, reservoir_name = EXCLUDED.reservoir_name, reading_time = EXCLUDED.reading_time, district = EXCLUDED.district, frl_m = EXCLUDED.frl_m, live_capacity_at_frl_mcm = EXCLUDED.live_capacity_at_frl_mcm, this_year_level_m = EXCLUDED.this_year_level_m, this_year_live_capacity_mcm = EXCLUDED.this_year_live_capacity_mcm, this_year_live_storage_percent = EXCLUDED.this_year_live_storage_percent, this_year_level_observed_date = EXCLUDED.this_year_level_observed_date, this_year_is_stale = EXCLUDED.this_year_is_stale, gate_count_open = EXCLUDED.gate_count_open, gate_discharge_cumec = EXCLUDED.gate_discharge_cumec, last_year_level_m = EXCLUDED.last_year_level_m, last_year_live_capacity_mcm = EXCLUDED.last_year_live_capacity_mcm, last_year_live_storage_percent = EXCLUDED.last_year_live_storage_percent, source_url = EXCLUDED.source_url, raw = EXCLUDED.raw, fetched_at = now();
INSERT INTO dams (dam_id, dam_name, state, district, river_basin, owner_agency, status, risk_class, safety_score, source_registry, source_record_id, source_publication_year, source_url, updated_at) VALUES ('MPWRD-10966', 'Kolar Dam', 'Madhya Pradesh', 'Sehore', 'Chief Engineer WRD, Narmadapuram', 'Madhya Pradesh Water Resources Department', 'operational'::dam_status, 'low'::risk_class, 99.00, 'MPWRD', '10966', 2026, 'https://eims1.mpwrd.gov.in/fcmreport/control/main', now()) ON CONFLICT (dam_id) DO UPDATE SET dam_name = EXCLUDED.dam_name, state = EXCLUDED.state, district = EXCLUDED.district, river_basin = EXCLUDED.river_basin, owner_agency = EXCLUDED.owner_agency, status = EXCLUDED.status, risk_class = EXCLUDED.risk_class, safety_score = EXCLUDED.safety_score, source_registry = EXCLUDED.source_registry, source_record_id = EXCLUDED.source_record_id, source_publication_year = EXCLUDED.source_publication_year, source_url = EXCLUDED.source_url, updated_at = now();
INSERT INTO dam_reservoir (dam_id, reservoir_name, live_storage_mcm, current_storage_mcm, frl_m, updated_at) VALUES ('MPWRD-10966', 'Kolar Dam', 265.00, 263.25, 462.20, now()) ON CONFLICT (dam_id) DO UPDATE SET reservoir_name = EXCLUDED.reservoir_name, live_storage_mcm = EXCLUDED.live_storage_mcm, current_storage_mcm = EXCLUDED.current_storage_mcm, frl_m = EXCLUDED.frl_m, updated_at = now();
INSERT INTO dam_engineering (dam_id, instrumentation, updated_at) VALUES ('MPWRD-10966', '{"basin_office": "Chief Engineer WRD, Narmadapuram", "gate_count_open": null, "gate_discharge_cumec": null, "last_year_level_m": null, "last_year_live_capacity_mcm": null, "last_year_live_storage_percent": null, "mpwrd_reservoir_code": "10966", "reading_time": "08:00:00", "this_year_is_stale": true, "this_year_level_observed_date": "2025-09-25"}'::jsonb, now()) ON CONFLICT (dam_id) DO UPDATE SET instrumentation = EXCLUDED.instrumentation, updated_at = now();
INSERT INTO mpwrd_reservoir_levels (source_registry, report_date, reservoir_code, dam_id, basin_office, reservoir_name, reading_time, district, frl_m, live_capacity_at_frl_mcm, this_year_level_m, this_year_live_capacity_mcm, this_year_live_storage_percent, this_year_level_observed_date, this_year_is_stale, gate_count_open, gate_discharge_cumec, last_year_level_m, last_year_live_capacity_mcm, last_year_live_storage_percent, source_url, raw, fetched_at) VALUES ('MPWRD', '2026-05-25', '10966', 'MPWRD-10966', 'Chief Engineer WRD, Narmadapuram', 'Kolar Dam', '08:00:00', 'Sehore', 462.20, 265.00, 462.13, 263.25, 99, '2025-09-25', TRUE, NULL, NULL, NULL, NULL, NULL, 'https://eims1.mpwrd.gov.in/fcmreport/control/main', '{"district": "Sehore", "frl_m": "462.20", "gate_count_open": "", "gate_discharge_cumec": "", "last_year_level_m": "", "last_year_live_capacity_mcm": "", "last_year_live_storage_percent": "", "live_capacity_at_frl_mcm": "265.00", "reservoir": "Kolar Dam [10966]", "serial": "244.", "this_year_level_m": "462.13*", "this_year_live_capacity_mcm": "263.25", "this_year_live_storage_percent": "99", "time": "08:00:00"}'::jsonb, now()) ON CONFLICT (source_registry, report_date, reservoir_code) DO UPDATE SET dam_id = EXCLUDED.dam_id, basin_office = EXCLUDED.basin_office, reservoir_name = EXCLUDED.reservoir_name, reading_time = EXCLUDED.reading_time, district = EXCLUDED.district, frl_m = EXCLUDED.frl_m, live_capacity_at_frl_mcm = EXCLUDED.live_capacity_at_frl_mcm, this_year_level_m = EXCLUDED.this_year_level_m, this_year_live_capacity_mcm = EXCLUDED.this_year_live_capacity_mcm, this_year_live_storage_percent = EXCLUDED.this_year_live_storage_percent, this_year_level_observed_date = EXCLUDED.this_year_level_observed_date, this_year_is_stale = EXCLUDED.this_year_is_stale, gate_count_open = EXCLUDED.gate_count_open, gate_discharge_cumec = EXCLUDED.gate_discharge_cumec, last_year_level_m = EXCLUDED.last_year_level_m, last_year_live_capacity_mcm = EXCLUDED.last_year_live_capacity_mcm, last_year_live_storage_percent = EXCLUDED.last_year_live_storage_percent, source_url = EXCLUDED.source_url, raw = EXCLUDED.raw, fetched_at = now();
INSERT INTO dams (dam_id, dam_name, state, district, river_basin, owner_agency, status, risk_class, safety_score, source_registry, source_record_id, source_publication_year, source_url, updated_at) VALUES ('MPWRD-43471', 'Nirgud Medium Project', 'Madhya Pradesh', 'Betul', 'Chief Engineer WRD, Narmadapuram', 'Madhya Pradesh Water Resources Department', 'operational'::dam_status, 'low'::risk_class, 58.00, 'MPWRD', '43471', 2026, 'https://eims1.mpwrd.gov.in/fcmreport/control/main', now()) ON CONFLICT (dam_id) DO UPDATE SET dam_name = EXCLUDED.dam_name, state = EXCLUDED.state, district = EXCLUDED.district, river_basin = EXCLUDED.river_basin, owner_agency = EXCLUDED.owner_agency, status = EXCLUDED.status, risk_class = EXCLUDED.risk_class, safety_score = EXCLUDED.safety_score, source_registry = EXCLUDED.source_registry, source_record_id = EXCLUDED.source_record_id, source_publication_year = EXCLUDED.source_publication_year, source_url = EXCLUDED.source_url, updated_at = now();
INSERT INTO dam_reservoir (dam_id, reservoir_name, live_storage_mcm, current_storage_mcm, frl_m, updated_at) VALUES ('MPWRD-43471', 'Nirgud Medium Project', 14.02, 8.19, 600.50, now()) ON CONFLICT (dam_id) DO UPDATE SET reservoir_name = EXCLUDED.reservoir_name, live_storage_mcm = EXCLUDED.live_storage_mcm, current_storage_mcm = EXCLUDED.current_storage_mcm, frl_m = EXCLUDED.frl_m, updated_at = now();
INSERT INTO dam_engineering (dam_id, instrumentation, updated_at) VALUES ('MPWRD-43471', '{"basin_office": "Chief Engineer WRD, Narmadapuram", "gate_count_open": null, "gate_discharge_cumec": null, "last_year_level_m": null, "last_year_live_capacity_mcm": null, "last_year_live_storage_percent": null, "mpwrd_reservoir_code": "43471", "reading_time": "08:00:00", "this_year_is_stale": true, "this_year_level_observed_date": "2025-09-24"}'::jsonb, now()) ON CONFLICT (dam_id) DO UPDATE SET instrumentation = EXCLUDED.instrumentation, updated_at = now();
INSERT INTO mpwrd_reservoir_levels (source_registry, report_date, reservoir_code, dam_id, basin_office, reservoir_name, reading_time, district, frl_m, live_capacity_at_frl_mcm, this_year_level_m, this_year_live_capacity_mcm, this_year_live_storage_percent, this_year_level_observed_date, this_year_is_stale, gate_count_open, gate_discharge_cumec, last_year_level_m, last_year_live_capacity_mcm, last_year_live_storage_percent, source_url, raw, fetched_at) VALUES ('MPWRD', '2026-05-25', '43471', 'MPWRD-43471', 'Chief Engineer WRD, Narmadapuram', 'Nirgud Medium Project', '08:00:00', 'Betul', 600.50, 14.02, 593.20, 8.19, 58, '2025-09-24', TRUE, NULL, NULL, NULL, NULL, NULL, 'https://eims1.mpwrd.gov.in/fcmreport/control/main', '{"district": "Betul", "frl_m": "600.50", "gate_count_open": "", "gate_discharge_cumec": "", "last_year_level_m": "", "last_year_live_capacity_mcm": "", "last_year_live_storage_percent": "", "live_capacity_at_frl_mcm": "14.02", "reservoir": "Nirgud Medium Project [43471]", "serial": "245.", "this_year_level_m": "593.20*", "this_year_live_capacity_mcm": "8.19", "this_year_live_storage_percent": "58", "time": "08:00:00"}'::jsonb, now()) ON CONFLICT (source_registry, report_date, reservoir_code) DO UPDATE SET dam_id = EXCLUDED.dam_id, basin_office = EXCLUDED.basin_office, reservoir_name = EXCLUDED.reservoir_name, reading_time = EXCLUDED.reading_time, district = EXCLUDED.district, frl_m = EXCLUDED.frl_m, live_capacity_at_frl_mcm = EXCLUDED.live_capacity_at_frl_mcm, this_year_level_m = EXCLUDED.this_year_level_m, this_year_live_capacity_mcm = EXCLUDED.this_year_live_capacity_mcm, this_year_live_storage_percent = EXCLUDED.this_year_live_storage_percent, this_year_level_observed_date = EXCLUDED.this_year_level_observed_date, this_year_is_stale = EXCLUDED.this_year_is_stale, gate_count_open = EXCLUDED.gate_count_open, gate_discharge_cumec = EXCLUDED.gate_discharge_cumec, last_year_level_m = EXCLUDED.last_year_level_m, last_year_live_capacity_mcm = EXCLUDED.last_year_live_capacity_mcm, last_year_live_storage_percent = EXCLUDED.last_year_live_storage_percent, source_url = EXCLUDED.source_url, raw = EXCLUDED.raw, fetched_at = now();
INSERT INTO dams (dam_id, dam_name, state, district, river_basin, owner_agency, status, risk_class, safety_score, source_registry, source_record_id, source_publication_year, source_url, updated_at) VALUES ('MPWRD-39183', 'Parasdoh Tank', 'Madhya Pradesh', 'Betul', 'Chief Engineer WRD, Narmadapuram', 'Madhya Pradesh Water Resources Department', 'operational'::dam_status, 'low'::risk_class, 98.00, 'MPWRD', '39183', 2026, 'https://eims1.mpwrd.gov.in/fcmreport/control/main', now()) ON CONFLICT (dam_id) DO UPDATE SET dam_name = EXCLUDED.dam_name, state = EXCLUDED.state, district = EXCLUDED.district, river_basin = EXCLUDED.river_basin, owner_agency = EXCLUDED.owner_agency, status = EXCLUDED.status, risk_class = EXCLUDED.risk_class, safety_score = EXCLUDED.safety_score, source_registry = EXCLUDED.source_registry, source_record_id = EXCLUDED.source_record_id, source_publication_year = EXCLUDED.source_publication_year, source_url = EXCLUDED.source_url, updated_at = now();
INSERT INTO dam_reservoir (dam_id, reservoir_name, live_storage_mcm, current_storage_mcm, frl_m, updated_at) VALUES ('MPWRD-39183', 'Parasdoh Tank', 69.82, 68.57, 639.10, now()) ON CONFLICT (dam_id) DO UPDATE SET reservoir_name = EXCLUDED.reservoir_name, live_storage_mcm = EXCLUDED.live_storage_mcm, current_storage_mcm = EXCLUDED.current_storage_mcm, frl_m = EXCLUDED.frl_m, updated_at = now();
INSERT INTO dam_engineering (dam_id, instrumentation, updated_at) VALUES ('MPWRD-39183', '{"basin_office": "Chief Engineer WRD, Narmadapuram", "gate_count_open": null, "gate_discharge_cumec": null, "last_year_level_m": null, "last_year_live_capacity_mcm": null, "last_year_live_storage_percent": null, "mpwrd_reservoir_code": "39183", "reading_time": "08:00:00", "this_year_is_stale": true, "this_year_level_observed_date": "2025-09-25"}'::jsonb, now()) ON CONFLICT (dam_id) DO UPDATE SET instrumentation = EXCLUDED.instrumentation, updated_at = now();
INSERT INTO mpwrd_reservoir_levels (source_registry, report_date, reservoir_code, dam_id, basin_office, reservoir_name, reading_time, district, frl_m, live_capacity_at_frl_mcm, this_year_level_m, this_year_live_capacity_mcm, this_year_live_storage_percent, this_year_level_observed_date, this_year_is_stale, gate_count_open, gate_discharge_cumec, last_year_level_m, last_year_live_capacity_mcm, last_year_live_storage_percent, source_url, raw, fetched_at) VALUES ('MPWRD', '2026-05-25', '39183', 'MPWRD-39183', 'Chief Engineer WRD, Narmadapuram', 'Parasdoh Tank', '08:00:00', 'Betul', 639.10, 69.82, 638.98, 68.57, 98, '2025-09-25', TRUE, NULL, NULL, NULL, NULL, NULL, 'https://eims1.mpwrd.gov.in/fcmreport/control/main', '{"district": "Betul", "frl_m": "639.10", "gate_count_open": "", "gate_discharge_cumec": "", "last_year_level_m": "", "last_year_live_capacity_mcm": "", "last_year_live_storage_percent": "", "live_capacity_at_frl_mcm": "69.82", "reservoir": "Parasdoh Tank [39183]", "serial": "246.", "this_year_level_m": "638.98*", "this_year_live_capacity_mcm": "68.57", "this_year_live_storage_percent": "98", "time": "08:00:00"}'::jsonb, now()) ON CONFLICT (source_registry, report_date, reservoir_code) DO UPDATE SET dam_id = EXCLUDED.dam_id, basin_office = EXCLUDED.basin_office, reservoir_name = EXCLUDED.reservoir_name, reading_time = EXCLUDED.reading_time, district = EXCLUDED.district, frl_m = EXCLUDED.frl_m, live_capacity_at_frl_mcm = EXCLUDED.live_capacity_at_frl_mcm, this_year_level_m = EXCLUDED.this_year_level_m, this_year_live_capacity_mcm = EXCLUDED.this_year_live_capacity_mcm, this_year_live_storage_percent = EXCLUDED.this_year_live_storage_percent, this_year_level_observed_date = EXCLUDED.this_year_level_observed_date, this_year_is_stale = EXCLUDED.this_year_is_stale, gate_count_open = EXCLUDED.gate_count_open, gate_discharge_cumec = EXCLUDED.gate_discharge_cumec, last_year_level_m = EXCLUDED.last_year_level_m, last_year_live_capacity_mcm = EXCLUDED.last_year_live_capacity_mcm, last_year_live_storage_percent = EXCLUDED.last_year_live_storage_percent, source_url = EXCLUDED.source_url, raw = EXCLUDED.raw, fetched_at = now();
INSERT INTO dams (dam_id, dam_name, state, district, river_basin, owner_agency, status, risk_class, safety_score, source_registry, source_record_id, source_publication_year, source_url, updated_at) VALUES ('MPWRD-10940', 'Ranipur Tank', 'Madhya Pradesh', 'Betul', 'Chief Engineer WRD, Narmadapuram', 'Madhya Pradesh Water Resources Department', 'operational'::dam_status, 'moderate'::risk_class, 49.00, 'MPWRD', '10940', 2026, 'https://eims1.mpwrd.gov.in/fcmreport/control/main', now()) ON CONFLICT (dam_id) DO UPDATE SET dam_name = EXCLUDED.dam_name, state = EXCLUDED.state, district = EXCLUDED.district, river_basin = EXCLUDED.river_basin, owner_agency = EXCLUDED.owner_agency, status = EXCLUDED.status, risk_class = EXCLUDED.risk_class, safety_score = EXCLUDED.safety_score, source_registry = EXCLUDED.source_registry, source_record_id = EXCLUDED.source_record_id, source_publication_year = EXCLUDED.source_publication_year, source_url = EXCLUDED.source_url, updated_at = now();
INSERT INTO dam_reservoir (dam_id, reservoir_name, live_storage_mcm, current_storage_mcm, frl_m, updated_at) VALUES ('MPWRD-10940', 'Ranipur Tank', 9.31, 4.65, 464.75, now()) ON CONFLICT (dam_id) DO UPDATE SET reservoir_name = EXCLUDED.reservoir_name, live_storage_mcm = EXCLUDED.live_storage_mcm, current_storage_mcm = EXCLUDED.current_storage_mcm, frl_m = EXCLUDED.frl_m, updated_at = now();
INSERT INTO dam_engineering (dam_id, instrumentation, updated_at) VALUES ('MPWRD-10940', '{"basin_office": "Chief Engineer WRD, Narmadapuram", "gate_count_open": null, "gate_discharge_cumec": null, "last_year_level_m": null, "last_year_live_capacity_mcm": null, "last_year_live_storage_percent": null, "mpwrd_reservoir_code": "10940", "reading_time": "08:00:00", "this_year_is_stale": true, "this_year_level_observed_date": "2025-09-24"}'::jsonb, now()) ON CONFLICT (dam_id) DO UPDATE SET instrumentation = EXCLUDED.instrumentation, updated_at = now();
INSERT INTO mpwrd_reservoir_levels (source_registry, report_date, reservoir_code, dam_id, basin_office, reservoir_name, reading_time, district, frl_m, live_capacity_at_frl_mcm, this_year_level_m, this_year_live_capacity_mcm, this_year_live_storage_percent, this_year_level_observed_date, this_year_is_stale, gate_count_open, gate_discharge_cumec, last_year_level_m, last_year_live_capacity_mcm, last_year_live_storage_percent, source_url, raw, fetched_at) VALUES ('MPWRD', '2026-05-25', '10940', 'MPWRD-10940', 'Chief Engineer WRD, Narmadapuram', 'Ranipur Tank', '08:00:00', 'Betul', 464.75, 9.31, 459.55, 4.65, 49, '2025-09-24', TRUE, NULL, NULL, NULL, NULL, NULL, 'https://eims1.mpwrd.gov.in/fcmreport/control/main', '{"district": "Betul", "frl_m": "464.75", "gate_count_open": "", "gate_discharge_cumec": "", "last_year_level_m": "", "last_year_live_capacity_mcm": "", "last_year_live_storage_percent": "", "live_capacity_at_frl_mcm": "9.31", "reservoir": "Ranipur Tank [10940]", "serial": "247.", "this_year_level_m": "459.55*", "this_year_live_capacity_mcm": "4.65", "this_year_live_storage_percent": "49", "time": "08:00:00"}'::jsonb, now()) ON CONFLICT (source_registry, report_date, reservoir_code) DO UPDATE SET dam_id = EXCLUDED.dam_id, basin_office = EXCLUDED.basin_office, reservoir_name = EXCLUDED.reservoir_name, reading_time = EXCLUDED.reading_time, district = EXCLUDED.district, frl_m = EXCLUDED.frl_m, live_capacity_at_frl_mcm = EXCLUDED.live_capacity_at_frl_mcm, this_year_level_m = EXCLUDED.this_year_level_m, this_year_live_capacity_mcm = EXCLUDED.this_year_live_capacity_mcm, this_year_live_storage_percent = EXCLUDED.this_year_live_storage_percent, this_year_level_observed_date = EXCLUDED.this_year_level_observed_date, this_year_is_stale = EXCLUDED.this_year_is_stale, gate_count_open = EXCLUDED.gate_count_open, gate_discharge_cumec = EXCLUDED.gate_discharge_cumec, last_year_level_m = EXCLUDED.last_year_level_m, last_year_live_capacity_mcm = EXCLUDED.last_year_live_capacity_mcm, last_year_live_storage_percent = EXCLUDED.last_year_live_storage_percent, source_url = EXCLUDED.source_url, raw = EXCLUDED.raw, fetched_at = now();
INSERT INTO dams (dam_id, dam_name, state, district, river_basin, owner_agency, status, risk_class, safety_score, source_registry, source_record_id, source_publication_year, source_url, updated_at) VALUES ('MPWRD-10893', 'Sampana Dam', 'Madhya Pradesh', 'Betul', 'Chief Engineer WRD, Narmadapuram', 'Madhya Pradesh Water Resources Department', 'operational'::dam_status, 'low'::risk_class, 100.00, 'MPWRD', '10893', 2026, 'https://eims1.mpwrd.gov.in/fcmreport/control/main', now()) ON CONFLICT (dam_id) DO UPDATE SET dam_name = EXCLUDED.dam_name, state = EXCLUDED.state, district = EXCLUDED.district, river_basin = EXCLUDED.river_basin, owner_agency = EXCLUDED.owner_agency, status = EXCLUDED.status, risk_class = EXCLUDED.risk_class, safety_score = EXCLUDED.safety_score, source_registry = EXCLUDED.source_registry, source_record_id = EXCLUDED.source_record_id, source_publication_year = EXCLUDED.source_publication_year, source_url = EXCLUDED.source_url, updated_at = now();
INSERT INTO dam_reservoir (dam_id, reservoir_name, live_storage_mcm, current_storage_mcm, frl_m, updated_at) VALUES ('MPWRD-10893', 'Sampana Dam', 14.32, 14.32, 694.48, now()) ON CONFLICT (dam_id) DO UPDATE SET reservoir_name = EXCLUDED.reservoir_name, live_storage_mcm = EXCLUDED.live_storage_mcm, current_storage_mcm = EXCLUDED.current_storage_mcm, frl_m = EXCLUDED.frl_m, updated_at = now();
INSERT INTO dam_engineering (dam_id, instrumentation, updated_at) VALUES ('MPWRD-10893', '{"basin_office": "Chief Engineer WRD, Narmadapuram", "gate_count_open": null, "gate_discharge_cumec": null, "last_year_level_m": null, "last_year_live_capacity_mcm": null, "last_year_live_storage_percent": null, "mpwrd_reservoir_code": "10893", "reading_time": "08:00:00", "this_year_is_stale": true, "this_year_level_observed_date": "2025-09-23"}'::jsonb, now()) ON CONFLICT (dam_id) DO UPDATE SET instrumentation = EXCLUDED.instrumentation, updated_at = now();
INSERT INTO mpwrd_reservoir_levels (source_registry, report_date, reservoir_code, dam_id, basin_office, reservoir_name, reading_time, district, frl_m, live_capacity_at_frl_mcm, this_year_level_m, this_year_live_capacity_mcm, this_year_live_storage_percent, this_year_level_observed_date, this_year_is_stale, gate_count_open, gate_discharge_cumec, last_year_level_m, last_year_live_capacity_mcm, last_year_live_storage_percent, source_url, raw, fetched_at) VALUES ('MPWRD', '2026-05-25', '10893', 'MPWRD-10893', 'Chief Engineer WRD, Narmadapuram', 'Sampana Dam', '08:00:00', 'Betul', 694.48, 14.32, 694.48, 14.32, 100, '2025-09-23', TRUE, NULL, NULL, NULL, NULL, NULL, 'https://eims1.mpwrd.gov.in/fcmreport/control/main', '{"district": "Betul", "frl_m": "694.48", "gate_count_open": "", "gate_discharge_cumec": "", "last_year_level_m": "", "last_year_live_capacity_mcm": "", "last_year_live_storage_percent": "", "live_capacity_at_frl_mcm": "14.32", "reservoir": "Sampana Dam [10893]", "serial": "248.", "this_year_level_m": "694.48 *", "this_year_live_capacity_mcm": "14.32", "this_year_live_storage_percent": "100", "time": "08:00:00"}'::jsonb, now()) ON CONFLICT (source_registry, report_date, reservoir_code) DO UPDATE SET dam_id = EXCLUDED.dam_id, basin_office = EXCLUDED.basin_office, reservoir_name = EXCLUDED.reservoir_name, reading_time = EXCLUDED.reading_time, district = EXCLUDED.district, frl_m = EXCLUDED.frl_m, live_capacity_at_frl_mcm = EXCLUDED.live_capacity_at_frl_mcm, this_year_level_m = EXCLUDED.this_year_level_m, this_year_live_capacity_mcm = EXCLUDED.this_year_live_capacity_mcm, this_year_live_storage_percent = EXCLUDED.this_year_live_storage_percent, this_year_level_observed_date = EXCLUDED.this_year_level_observed_date, this_year_is_stale = EXCLUDED.this_year_is_stale, gate_count_open = EXCLUDED.gate_count_open, gate_discharge_cumec = EXCLUDED.gate_discharge_cumec, last_year_level_m = EXCLUDED.last_year_level_m, last_year_live_capacity_mcm = EXCLUDED.last_year_live_capacity_mcm, last_year_live_storage_percent = EXCLUDED.last_year_live_storage_percent, source_url = EXCLUDED.source_url, raw = EXCLUDED.raw, fetched_at = now();
INSERT INTO dams (dam_id, dam_name, state, district, river_basin, owner_agency, status, risk_class, safety_score, source_registry, source_record_id, source_publication_year, source_url, updated_at) VALUES ('MPWRD-10899', 'Son Khedi Tank', 'Madhya Pradesh', 'Betul', 'Chief Engineer WRD, Narmadapuram', 'Madhya Pradesh Water Resources Department', 'operational'::dam_status, 'low'::risk_class, 100.00, 'MPWRD', '10899', 2026, 'https://eims1.mpwrd.gov.in/fcmreport/control/main', now()) ON CONFLICT (dam_id) DO UPDATE SET dam_name = EXCLUDED.dam_name, state = EXCLUDED.state, district = EXCLUDED.district, river_basin = EXCLUDED.river_basin, owner_agency = EXCLUDED.owner_agency, status = EXCLUDED.status, risk_class = EXCLUDED.risk_class, safety_score = EXCLUDED.safety_score, source_registry = EXCLUDED.source_registry, source_record_id = EXCLUDED.source_record_id, source_publication_year = EXCLUDED.source_publication_year, source_url = EXCLUDED.source_url, updated_at = now();
INSERT INTO dam_reservoir (dam_id, reservoir_name, live_storage_mcm, current_storage_mcm, frl_m, updated_at) VALUES ('MPWRD-10899', 'Son Khedi Tank', 4.59, 4.59, 717.74, now()) ON CONFLICT (dam_id) DO UPDATE SET reservoir_name = EXCLUDED.reservoir_name, live_storage_mcm = EXCLUDED.live_storage_mcm, current_storage_mcm = EXCLUDED.current_storage_mcm, frl_m = EXCLUDED.frl_m, updated_at = now();
INSERT INTO dam_engineering (dam_id, instrumentation, updated_at) VALUES ('MPWRD-10899', '{"basin_office": "Chief Engineer WRD, Narmadapuram", "gate_count_open": null, "gate_discharge_cumec": null, "last_year_level_m": null, "last_year_live_capacity_mcm": null, "last_year_live_storage_percent": null, "mpwrd_reservoir_code": "10899", "reading_time": "08:00:00", "this_year_is_stale": true, "this_year_level_observed_date": "2025-09-24"}'::jsonb, now()) ON CONFLICT (dam_id) DO UPDATE SET instrumentation = EXCLUDED.instrumentation, updated_at = now();
INSERT INTO mpwrd_reservoir_levels (source_registry, report_date, reservoir_code, dam_id, basin_office, reservoir_name, reading_time, district, frl_m, live_capacity_at_frl_mcm, this_year_level_m, this_year_live_capacity_mcm, this_year_live_storage_percent, this_year_level_observed_date, this_year_is_stale, gate_count_open, gate_discharge_cumec, last_year_level_m, last_year_live_capacity_mcm, last_year_live_storage_percent, source_url, raw, fetched_at) VALUES ('MPWRD', '2026-05-25', '10899', 'MPWRD-10899', 'Chief Engineer WRD, Narmadapuram', 'Son Khedi Tank', '08:00:00', 'Betul', 717.74, 4.59, 717.73, 4.59, 100, '2025-09-24', TRUE, NULL, NULL, NULL, NULL, NULL, 'https://eims1.mpwrd.gov.in/fcmreport/control/main', '{"district": "Betul", "frl_m": "717.74", "gate_count_open": "", "gate_discharge_cumec": "", "last_year_level_m": "", "last_year_live_capacity_mcm": "", "last_year_live_storage_percent": "", "live_capacity_at_frl_mcm": "4.59", "reservoir": "Son Khedi Tank [10899]", "serial": "249.", "this_year_level_m": "717.73*", "this_year_live_capacity_mcm": "4.59", "this_year_live_storage_percent": "100", "time": "08:00:00"}'::jsonb, now()) ON CONFLICT (source_registry, report_date, reservoir_code) DO UPDATE SET dam_id = EXCLUDED.dam_id, basin_office = EXCLUDED.basin_office, reservoir_name = EXCLUDED.reservoir_name, reading_time = EXCLUDED.reading_time, district = EXCLUDED.district, frl_m = EXCLUDED.frl_m, live_capacity_at_frl_mcm = EXCLUDED.live_capacity_at_frl_mcm, this_year_level_m = EXCLUDED.this_year_level_m, this_year_live_capacity_mcm = EXCLUDED.this_year_live_capacity_mcm, this_year_live_storage_percent = EXCLUDED.this_year_live_storage_percent, this_year_level_observed_date = EXCLUDED.this_year_level_observed_date, this_year_is_stale = EXCLUDED.this_year_is_stale, gate_count_open = EXCLUDED.gate_count_open, gate_discharge_cumec = EXCLUDED.gate_discharge_cumec, last_year_level_m = EXCLUDED.last_year_level_m, last_year_live_capacity_mcm = EXCLUDED.last_year_live_capacity_mcm, last_year_live_storage_percent = EXCLUDED.last_year_live_storage_percent, source_url = EXCLUDED.source_url, raw = EXCLUDED.raw, fetched_at = now();
INSERT INTO dams (dam_id, dam_name, state, district, river_basin, owner_agency, status, risk_class, safety_score, source_registry, source_record_id, source_publication_year, source_url, updated_at) VALUES ('MPWRD-10962', 'Tawa Dam', 'Madhya Pradesh', 'Narmadapuram', 'Chief Engineer WRD, Narmadapuram', 'Madhya Pradesh Water Resources Department', 'operational'::dam_status, 'low'::risk_class, 67.00, 'MPWRD', '10962', 2026, 'https://eims1.mpwrd.gov.in/fcmreport/control/main', now()) ON CONFLICT (dam_id) DO UPDATE SET dam_name = EXCLUDED.dam_name, state = EXCLUDED.state, district = EXCLUDED.district, river_basin = EXCLUDED.river_basin, owner_agency = EXCLUDED.owner_agency, status = EXCLUDED.status, risk_class = EXCLUDED.risk_class, safety_score = EXCLUDED.safety_score, source_registry = EXCLUDED.source_registry, source_record_id = EXCLUDED.source_record_id, source_publication_year = EXCLUDED.source_publication_year, source_url = EXCLUDED.source_url, updated_at = now();
INSERT INTO dam_reservoir (dam_id, reservoir_name, live_storage_mcm, current_storage_mcm, frl_m, updated_at) VALUES ('MPWRD-10962', 'Tawa Dam', 1944.18, 1305.16, 355.39, now()) ON CONFLICT (dam_id) DO UPDATE SET reservoir_name = EXCLUDED.reservoir_name, live_storage_mcm = EXCLUDED.live_storage_mcm, current_storage_mcm = EXCLUDED.current_storage_mcm, frl_m = EXCLUDED.frl_m, updated_at = now();
INSERT INTO dam_engineering (dam_id, instrumentation, updated_at) VALUES ('MPWRD-10962', '{"basin_office": "Chief Engineer WRD, Narmadapuram", "gate_count_open": null, "gate_discharge_cumec": null, "last_year_level_m": null, "last_year_live_capacity_mcm": null, "last_year_live_storage_percent": null, "mpwrd_reservoir_code": "10962", "reading_time": "08:00:00", "this_year_is_stale": true, "this_year_level_observed_date": "2026-01-20"}'::jsonb, now()) ON CONFLICT (dam_id) DO UPDATE SET instrumentation = EXCLUDED.instrumentation, updated_at = now();
INSERT INTO mpwrd_reservoir_levels (source_registry, report_date, reservoir_code, dam_id, basin_office, reservoir_name, reading_time, district, frl_m, live_capacity_at_frl_mcm, this_year_level_m, this_year_live_capacity_mcm, this_year_live_storage_percent, this_year_level_observed_date, this_year_is_stale, gate_count_open, gate_discharge_cumec, last_year_level_m, last_year_live_capacity_mcm, last_year_live_storage_percent, source_url, raw, fetched_at) VALUES ('MPWRD', '2026-05-25', '10962', 'MPWRD-10962', 'Chief Engineer WRD, Narmadapuram', 'Tawa Dam', '08:00:00', 'Narmadapuram', 355.39, 1944.18, 351.73, 1305.16, 67, '2026-01-20', TRUE, NULL, NULL, NULL, NULL, NULL, 'https://eims1.mpwrd.gov.in/fcmreport/control/main', '{"district": "Narmadapuram", "frl_m": "355.39", "gate_count_open": "", "gate_discharge_cumec": "", "last_year_level_m": "", "last_year_live_capacity_mcm": "", "last_year_live_storage_percent": "", "live_capacity_at_frl_mcm": "1944.18", "reservoir": "Tawa Dam [10962]", "serial": "250.", "this_year_level_m": "351.73*", "this_year_live_capacity_mcm": "1305.16", "this_year_live_storage_percent": "67", "time": "08:00:00"}'::jsonb, now()) ON CONFLICT (source_registry, report_date, reservoir_code) DO UPDATE SET dam_id = EXCLUDED.dam_id, basin_office = EXCLUDED.basin_office, reservoir_name = EXCLUDED.reservoir_name, reading_time = EXCLUDED.reading_time, district = EXCLUDED.district, frl_m = EXCLUDED.frl_m, live_capacity_at_frl_mcm = EXCLUDED.live_capacity_at_frl_mcm, this_year_level_m = EXCLUDED.this_year_level_m, this_year_live_capacity_mcm = EXCLUDED.this_year_live_capacity_mcm, this_year_live_storage_percent = EXCLUDED.this_year_live_storage_percent, this_year_level_observed_date = EXCLUDED.this_year_level_observed_date, this_year_is_stale = EXCLUDED.this_year_is_stale, gate_count_open = EXCLUDED.gate_count_open, gate_discharge_cumec = EXCLUDED.gate_discharge_cumec, last_year_level_m = EXCLUDED.last_year_level_m, last_year_live_capacity_mcm = EXCLUDED.last_year_live_capacity_mcm, last_year_live_storage_percent = EXCLUDED.last_year_live_storage_percent, source_url = EXCLUDED.source_url, raw = EXCLUDED.raw, fetched_at = now();
INSERT INTO dams (dam_id, dam_name, state, district, river_basin, owner_agency, status, risk_class, safety_score, source_registry, source_record_id, source_publication_year, source_url, updated_at) VALUES ('MPWRD-23881', 'Wardha Medium Project', 'Madhya Pradesh', 'Betul', 'Chief Engineer WRD, Narmadapuram', 'Madhya Pradesh Water Resources Department', 'operational'::dam_status, 'low'::risk_class, 70.00, 'MPWRD', '23881', 2026, 'https://eims1.mpwrd.gov.in/fcmreport/control/main', now()) ON CONFLICT (dam_id) DO UPDATE SET dam_name = EXCLUDED.dam_name, state = EXCLUDED.state, district = EXCLUDED.district, river_basin = EXCLUDED.river_basin, owner_agency = EXCLUDED.owner_agency, status = EXCLUDED.status, risk_class = EXCLUDED.risk_class, safety_score = EXCLUDED.safety_score, source_registry = EXCLUDED.source_registry, source_record_id = EXCLUDED.source_record_id, source_publication_year = EXCLUDED.source_publication_year, source_url = EXCLUDED.source_url, updated_at = now();
INSERT INTO dam_reservoir (dam_id, reservoir_name, live_storage_mcm, current_storage_mcm, frl_m, updated_at) VALUES ('MPWRD-23881', 'Wardha Medium Project', 23.30, 16.43, 675.40, now()) ON CONFLICT (dam_id) DO UPDATE SET reservoir_name = EXCLUDED.reservoir_name, live_storage_mcm = EXCLUDED.live_storage_mcm, current_storage_mcm = EXCLUDED.current_storage_mcm, frl_m = EXCLUDED.frl_m, updated_at = now();
INSERT INTO dam_engineering (dam_id, instrumentation, updated_at) VALUES ('MPWRD-23881', '{"basin_office": "Chief Engineer WRD, Narmadapuram", "gate_count_open": null, "gate_discharge_cumec": null, "last_year_level_m": null, "last_year_live_capacity_mcm": null, "last_year_live_storage_percent": null, "mpwrd_reservoir_code": "23881", "reading_time": "08:00:00", "this_year_is_stale": true, "this_year_level_observed_date": "2025-09-24"}'::jsonb, now()) ON CONFLICT (dam_id) DO UPDATE SET instrumentation = EXCLUDED.instrumentation, updated_at = now();
INSERT INTO mpwrd_reservoir_levels (source_registry, report_date, reservoir_code, dam_id, basin_office, reservoir_name, reading_time, district, frl_m, live_capacity_at_frl_mcm, this_year_level_m, this_year_live_capacity_mcm, this_year_live_storage_percent, this_year_level_observed_date, this_year_is_stale, gate_count_open, gate_discharge_cumec, last_year_level_m, last_year_live_capacity_mcm, last_year_live_storage_percent, source_url, raw, fetched_at) VALUES ('MPWRD', '2026-05-25', '23881', 'MPWRD-23881', 'Chief Engineer WRD, Narmadapuram', 'Wardha Medium Project', '08:00:00', 'Betul', 675.40, 23.30, 671.50, 16.43, 70, '2025-09-24', TRUE, NULL, NULL, NULL, NULL, NULL, 'https://eims1.mpwrd.gov.in/fcmreport/control/main', '{"district": "Betul", "frl_m": "675.40", "gate_count_open": "", "gate_discharge_cumec": "", "last_year_level_m": "", "last_year_live_capacity_mcm": "", "last_year_live_storage_percent": "", "live_capacity_at_frl_mcm": "23.30", "reservoir": "Wardha Medium Project [23881]", "serial": "251.", "this_year_level_m": "671.50*", "this_year_live_capacity_mcm": "16.43", "this_year_live_storage_percent": "70", "time": "08:00:00"}'::jsonb, now()) ON CONFLICT (source_registry, report_date, reservoir_code) DO UPDATE SET dam_id = EXCLUDED.dam_id, basin_office = EXCLUDED.basin_office, reservoir_name = EXCLUDED.reservoir_name, reading_time = EXCLUDED.reading_time, district = EXCLUDED.district, frl_m = EXCLUDED.frl_m, live_capacity_at_frl_mcm = EXCLUDED.live_capacity_at_frl_mcm, this_year_level_m = EXCLUDED.this_year_level_m, this_year_live_capacity_mcm = EXCLUDED.this_year_live_capacity_mcm, this_year_live_storage_percent = EXCLUDED.this_year_live_storage_percent, this_year_level_observed_date = EXCLUDED.this_year_level_observed_date, this_year_is_stale = EXCLUDED.this_year_is_stale, gate_count_open = EXCLUDED.gate_count_open, gate_discharge_cumec = EXCLUDED.gate_discharge_cumec, last_year_level_m = EXCLUDED.last_year_level_m, last_year_live_capacity_mcm = EXCLUDED.last_year_live_capacity_mcm, last_year_live_storage_percent = EXCLUDED.last_year_live_storage_percent, source_url = EXCLUDED.source_url, raw = EXCLUDED.raw, fetched_at = now();
INSERT INTO dams (dam_id, dam_name, state, district, river_basin, owner_agency, status, risk_class, safety_score, source_registry, source_record_id, source_publication_year, source_url, updated_at) VALUES ('MPWRD-10193', 'Akhajhiri Dam', 'Madhya Pradesh', 'Shivpuri', 'Chief Engineer Yamuna Basin, Gwalior', 'Madhya Pradesh Water Resources Department', 'operational'::dam_status, 'low'::risk_class, 100.00, 'MPWRD', '10193', 2026, 'https://eims1.mpwrd.gov.in/fcmreport/control/main', now()) ON CONFLICT (dam_id) DO UPDATE SET dam_name = EXCLUDED.dam_name, state = EXCLUDED.state, district = EXCLUDED.district, river_basin = EXCLUDED.river_basin, owner_agency = EXCLUDED.owner_agency, status = EXCLUDED.status, risk_class = EXCLUDED.risk_class, safety_score = EXCLUDED.safety_score, source_registry = EXCLUDED.source_registry, source_record_id = EXCLUDED.source_record_id, source_publication_year = EXCLUDED.source_publication_year, source_url = EXCLUDED.source_url, updated_at = now();
INSERT INTO dam_reservoir (dam_id, reservoir_name, live_storage_mcm, current_storage_mcm, frl_m, updated_at) VALUES ('MPWRD-10193', 'Akhajhiri Dam', 9.87, 10.02, 124.96, now()) ON CONFLICT (dam_id) DO UPDATE SET reservoir_name = EXCLUDED.reservoir_name, live_storage_mcm = EXCLUDED.live_storage_mcm, current_storage_mcm = EXCLUDED.current_storage_mcm, frl_m = EXCLUDED.frl_m, updated_at = now();
INSERT INTO dam_engineering (dam_id, instrumentation, updated_at) VALUES ('MPWRD-10193', '{"basin_office": "Chief Engineer Yamuna Basin, Gwalior", "gate_count_open": null, "gate_discharge_cumec": null, "last_year_level_m": null, "last_year_live_capacity_mcm": null, "last_year_live_storage_percent": null, "mpwrd_reservoir_code": "10193", "reading_time": "08:00:00", "this_year_is_stale": true, "this_year_level_observed_date": "2025-09-24"}'::jsonb, now()) ON CONFLICT (dam_id) DO UPDATE SET instrumentation = EXCLUDED.instrumentation, updated_at = now();
INSERT INTO mpwrd_reservoir_levels (source_registry, report_date, reservoir_code, dam_id, basin_office, reservoir_name, reading_time, district, frl_m, live_capacity_at_frl_mcm, this_year_level_m, this_year_live_capacity_mcm, this_year_live_storage_percent, this_year_level_observed_date, this_year_is_stale, gate_count_open, gate_discharge_cumec, last_year_level_m, last_year_live_capacity_mcm, last_year_live_storage_percent, source_url, raw, fetched_at) VALUES ('MPWRD', '2026-05-25', '10193', 'MPWRD-10193', 'Chief Engineer Yamuna Basin, Gwalior', 'Akhajhiri Dam', '08:00:00', 'Shivpuri', 124.96, 9.87, 125.00, 10.02, 100, '2025-09-24', TRUE, NULL, NULL, NULL, NULL, NULL, 'https://eims1.mpwrd.gov.in/fcmreport/control/main', '{"district": "Shivpuri", "frl_m": "124.96", "gate_count_open": "", "gate_discharge_cumec": "", "last_year_level_m": "", "last_year_live_capacity_mcm": "", "last_year_live_storage_percent": "", "live_capacity_at_frl_mcm": "9.87", "reservoir": "Akhajhiri Dam [10193]", "serial": "252.", "this_year_level_m": "125.00 *", "this_year_live_capacity_mcm": "10.02", "this_year_live_storage_percent": "100", "time": "08:00:00"}'::jsonb, now()) ON CONFLICT (source_registry, report_date, reservoir_code) DO UPDATE SET dam_id = EXCLUDED.dam_id, basin_office = EXCLUDED.basin_office, reservoir_name = EXCLUDED.reservoir_name, reading_time = EXCLUDED.reading_time, district = EXCLUDED.district, frl_m = EXCLUDED.frl_m, live_capacity_at_frl_mcm = EXCLUDED.live_capacity_at_frl_mcm, this_year_level_m = EXCLUDED.this_year_level_m, this_year_live_capacity_mcm = EXCLUDED.this_year_live_capacity_mcm, this_year_live_storage_percent = EXCLUDED.this_year_live_storage_percent, this_year_level_observed_date = EXCLUDED.this_year_level_observed_date, this_year_is_stale = EXCLUDED.this_year_is_stale, gate_count_open = EXCLUDED.gate_count_open, gate_discharge_cumec = EXCLUDED.gate_discharge_cumec, last_year_level_m = EXCLUDED.last_year_level_m, last_year_live_capacity_mcm = EXCLUDED.last_year_live_capacity_mcm, last_year_live_storage_percent = EXCLUDED.last_year_live_storage_percent, source_url = EXCLUDED.source_url, raw = EXCLUDED.raw, fetched_at = now();
INSERT INTO dams (dam_id, dam_name, state, district, river_basin, owner_agency, status, risk_class, safety_score, source_registry, source_record_id, source_publication_year, source_url, updated_at) VALUES ('MPWRD-24033', 'Alapur Tank', 'Madhya Pradesh', 'Gwalior', 'Chief Engineer Yamuna Basin, Gwalior', 'Madhya Pradesh Water Resources Department', 'operational'::dam_status, 'low'::risk_class, 55.00, 'MPWRD', '24033', 2026, 'https://eims1.mpwrd.gov.in/fcmreport/control/main', now()) ON CONFLICT (dam_id) DO UPDATE SET dam_name = EXCLUDED.dam_name, state = EXCLUDED.state, district = EXCLUDED.district, river_basin = EXCLUDED.river_basin, owner_agency = EXCLUDED.owner_agency, status = EXCLUDED.status, risk_class = EXCLUDED.risk_class, safety_score = EXCLUDED.safety_score, source_registry = EXCLUDED.source_registry, source_record_id = EXCLUDED.source_record_id, source_publication_year = EXCLUDED.source_publication_year, source_url = EXCLUDED.source_url, updated_at = now();
INSERT INTO dam_reservoir (dam_id, reservoir_name, live_storage_mcm, current_storage_mcm, frl_m, updated_at) VALUES ('MPWRD-24033', 'Alapur Tank', 7.63, 4.23, 217.02, now()) ON CONFLICT (dam_id) DO UPDATE SET reservoir_name = EXCLUDED.reservoir_name, live_storage_mcm = EXCLUDED.live_storage_mcm, current_storage_mcm = EXCLUDED.current_storage_mcm, frl_m = EXCLUDED.frl_m, updated_at = now();
INSERT INTO dam_engineering (dam_id, instrumentation, updated_at) VALUES ('MPWRD-24033', '{"basin_office": "Chief Engineer Yamuna Basin, Gwalior", "gate_count_open": null, "gate_discharge_cumec": null, "last_year_level_m": null, "last_year_live_capacity_mcm": null, "last_year_live_storage_percent": null, "mpwrd_reservoir_code": "24033", "reading_time": "08:00:00", "this_year_is_stale": true, "this_year_level_observed_date": "2025-09-24"}'::jsonb, now()) ON CONFLICT (dam_id) DO UPDATE SET instrumentation = EXCLUDED.instrumentation, updated_at = now();
INSERT INTO mpwrd_reservoir_levels (source_registry, report_date, reservoir_code, dam_id, basin_office, reservoir_name, reading_time, district, frl_m, live_capacity_at_frl_mcm, this_year_level_m, this_year_live_capacity_mcm, this_year_live_storage_percent, this_year_level_observed_date, this_year_is_stale, gate_count_open, gate_discharge_cumec, last_year_level_m, last_year_live_capacity_mcm, last_year_live_storage_percent, source_url, raw, fetched_at) VALUES ('MPWRD', '2026-05-25', '24033', 'MPWRD-24033', 'Chief Engineer Yamuna Basin, Gwalior', 'Alapur Tank', '08:00:00', 'Gwalior', 217.02, 7.63, 215.70, 4.23, 55, '2025-09-24', TRUE, NULL, NULL, NULL, NULL, NULL, 'https://eims1.mpwrd.gov.in/fcmreport/control/main', '{"district": "Gwalior", "frl_m": "217.02", "gate_count_open": "", "gate_discharge_cumec": "", "last_year_level_m": "", "last_year_live_capacity_mcm": "", "last_year_live_storage_percent": "", "live_capacity_at_frl_mcm": "7.63", "reservoir": "Alapur Tank [24033]", "serial": "253.", "this_year_level_m": "215.70*", "this_year_live_capacity_mcm": "4.23", "this_year_live_storage_percent": "55", "time": "08:00:00"}'::jsonb, now()) ON CONFLICT (source_registry, report_date, reservoir_code) DO UPDATE SET dam_id = EXCLUDED.dam_id, basin_office = EXCLUDED.basin_office, reservoir_name = EXCLUDED.reservoir_name, reading_time = EXCLUDED.reading_time, district = EXCLUDED.district, frl_m = EXCLUDED.frl_m, live_capacity_at_frl_mcm = EXCLUDED.live_capacity_at_frl_mcm, this_year_level_m = EXCLUDED.this_year_level_m, this_year_live_capacity_mcm = EXCLUDED.this_year_live_capacity_mcm, this_year_live_storage_percent = EXCLUDED.this_year_live_storage_percent, this_year_level_observed_date = EXCLUDED.this_year_level_observed_date, this_year_is_stale = EXCLUDED.this_year_is_stale, gate_count_open = EXCLUDED.gate_count_open, gate_discharge_cumec = EXCLUDED.gate_discharge_cumec, last_year_level_m = EXCLUDED.last_year_level_m, last_year_live_capacity_mcm = EXCLUDED.last_year_live_capacity_mcm, last_year_live_storage_percent = EXCLUDED.last_year_live_storage_percent, source_url = EXCLUDED.source_url, raw = EXCLUDED.raw, fetched_at = now();
INSERT INTO dams (dam_id, dam_name, state, district, river_basin, owner_agency, status, risk_class, safety_score, source_registry, source_record_id, source_publication_year, source_url, updated_at) VALUES ('MPWRD-26333', 'Ander Tank', 'Madhya Pradesh', 'Shivpuri', 'Chief Engineer Yamuna Basin, Gwalior', 'Madhya Pradesh Water Resources Department', 'operational'::dam_status, 'low'::risk_class, 100.00, 'MPWRD', '26333', 2026, 'https://eims1.mpwrd.gov.in/fcmreport/control/main', now()) ON CONFLICT (dam_id) DO UPDATE SET dam_name = EXCLUDED.dam_name, state = EXCLUDED.state, district = EXCLUDED.district, river_basin = EXCLUDED.river_basin, owner_agency = EXCLUDED.owner_agency, status = EXCLUDED.status, risk_class = EXCLUDED.risk_class, safety_score = EXCLUDED.safety_score, source_registry = EXCLUDED.source_registry, source_record_id = EXCLUDED.source_record_id, source_publication_year = EXCLUDED.source_publication_year, source_url = EXCLUDED.source_url, updated_at = now();
INSERT INTO dam_reservoir (dam_id, reservoir_name, live_storage_mcm, current_storage_mcm, frl_m, updated_at) VALUES ('MPWRD-26333', 'Ander Tank', 4.51, 5.05, 153.00, now()) ON CONFLICT (dam_id) DO UPDATE SET reservoir_name = EXCLUDED.reservoir_name, live_storage_mcm = EXCLUDED.live_storage_mcm, current_storage_mcm = EXCLUDED.current_storage_mcm, frl_m = EXCLUDED.frl_m, updated_at = now();
INSERT INTO dam_engineering (dam_id, instrumentation, updated_at) VALUES ('MPWRD-26333', '{"basin_office": "Chief Engineer Yamuna Basin, Gwalior", "gate_count_open": null, "gate_discharge_cumec": null, "last_year_level_m": null, "last_year_live_capacity_mcm": null, "last_year_live_storage_percent": null, "mpwrd_reservoir_code": "26333", "reading_time": "08:00:00", "this_year_is_stale": true, "this_year_level_observed_date": "2025-07-14"}'::jsonb, now()) ON CONFLICT (dam_id) DO UPDATE SET instrumentation = EXCLUDED.instrumentation, updated_at = now();
INSERT INTO mpwrd_reservoir_levels (source_registry, report_date, reservoir_code, dam_id, basin_office, reservoir_name, reading_time, district, frl_m, live_capacity_at_frl_mcm, this_year_level_m, this_year_live_capacity_mcm, this_year_live_storage_percent, this_year_level_observed_date, this_year_is_stale, gate_count_open, gate_discharge_cumec, last_year_level_m, last_year_live_capacity_mcm, last_year_live_storage_percent, source_url, raw, fetched_at) VALUES ('MPWRD', '2026-05-25', '26333', 'MPWRD-26333', 'Chief Engineer Yamuna Basin, Gwalior', 'Ander Tank', '08:00:00', 'Shivpuri', 153.00, 4.51, 153.30, 5.05, 100, '2025-07-14', TRUE, NULL, NULL, NULL, NULL, NULL, 'https://eims1.mpwrd.gov.in/fcmreport/control/main', '{"district": "Shivpuri", "frl_m": "153.00", "gate_count_open": "", "gate_discharge_cumec": "", "last_year_level_m": "", "last_year_live_capacity_mcm": "", "last_year_live_storage_percent": "", "live_capacity_at_frl_mcm": "4.51", "reservoir": "Ander Tank [26333]", "serial": "254.", "this_year_level_m": "153.30 *", "this_year_live_capacity_mcm": "5.05", "this_year_live_storage_percent": "100", "time": "08:00:00"}'::jsonb, now()) ON CONFLICT (source_registry, report_date, reservoir_code) DO UPDATE SET dam_id = EXCLUDED.dam_id, basin_office = EXCLUDED.basin_office, reservoir_name = EXCLUDED.reservoir_name, reading_time = EXCLUDED.reading_time, district = EXCLUDED.district, frl_m = EXCLUDED.frl_m, live_capacity_at_frl_mcm = EXCLUDED.live_capacity_at_frl_mcm, this_year_level_m = EXCLUDED.this_year_level_m, this_year_live_capacity_mcm = EXCLUDED.this_year_live_capacity_mcm, this_year_live_storage_percent = EXCLUDED.this_year_live_storage_percent, this_year_level_observed_date = EXCLUDED.this_year_level_observed_date, this_year_is_stale = EXCLUDED.this_year_is_stale, gate_count_open = EXCLUDED.gate_count_open, gate_discharge_cumec = EXCLUDED.gate_discharge_cumec, last_year_level_m = EXCLUDED.last_year_level_m, last_year_live_capacity_mcm = EXCLUDED.last_year_live_capacity_mcm, last_year_live_storage_percent = EXCLUDED.last_year_live_storage_percent, source_url = EXCLUDED.source_url, raw = EXCLUDED.raw, fetched_at = now();
INSERT INTO dams (dam_id, dam_name, state, district, river_basin, owner_agency, status, risk_class, safety_score, source_registry, source_record_id, source_publication_year, source_url, updated_at) VALUES ('MPWRD-10174', 'Aoda Tank', 'Madhya Pradesh', 'Sheopur', 'Chief Engineer Yamuna Basin, Gwalior', 'Madhya Pradesh Water Resources Department', 'operational'::dam_status, 'low'::risk_class, 99.00, 'MPWRD', '10174', 2026, 'https://eims1.mpwrd.gov.in/fcmreport/control/main', now()) ON CONFLICT (dam_id) DO UPDATE SET dam_name = EXCLUDED.dam_name, state = EXCLUDED.state, district = EXCLUDED.district, river_basin = EXCLUDED.river_basin, owner_agency = EXCLUDED.owner_agency, status = EXCLUDED.status, risk_class = EXCLUDED.risk_class, safety_score = EXCLUDED.safety_score, source_registry = EXCLUDED.source_registry, source_record_id = EXCLUDED.source_record_id, source_publication_year = EXCLUDED.source_publication_year, source_url = EXCLUDED.source_url, updated_at = now();
INSERT INTO dam_reservoir (dam_id, reservoir_name, live_storage_mcm, current_storage_mcm, frl_m, updated_at) VALUES ('MPWRD-10174', 'Aoda Tank', 45.00, 44.98, 348.23, now()) ON CONFLICT (dam_id) DO UPDATE SET reservoir_name = EXCLUDED.reservoir_name, live_storage_mcm = EXCLUDED.live_storage_mcm, current_storage_mcm = EXCLUDED.current_storage_mcm, frl_m = EXCLUDED.frl_m, updated_at = now();
INSERT INTO dam_engineering (dam_id, instrumentation, updated_at) VALUES ('MPWRD-10174', '{"basin_office": "Chief Engineer Yamuna Basin, Gwalior", "gate_count_open": null, "gate_discharge_cumec": null, "last_year_level_m": null, "last_year_live_capacity_mcm": null, "last_year_live_storage_percent": null, "mpwrd_reservoir_code": "10174", "reading_time": "08:00:00", "this_year_is_stale": true, "this_year_level_observed_date": "2025-09-25"}'::jsonb, now()) ON CONFLICT (dam_id) DO UPDATE SET instrumentation = EXCLUDED.instrumentation, updated_at = now();
INSERT INTO mpwrd_reservoir_levels (source_registry, report_date, reservoir_code, dam_id, basin_office, reservoir_name, reading_time, district, frl_m, live_capacity_at_frl_mcm, this_year_level_m, this_year_live_capacity_mcm, this_year_live_storage_percent, this_year_level_observed_date, this_year_is_stale, gate_count_open, gate_discharge_cumec, last_year_level_m, last_year_live_capacity_mcm, last_year_live_storage_percent, source_url, raw, fetched_at) VALUES ('MPWRD', '2026-05-25', '10174', 'MPWRD-10174', 'Chief Engineer Yamuna Basin, Gwalior', 'Aoda Tank', '08:00:00', 'Sheopur', 348.23, 45.00, 348.23, 44.98, 99, '2025-09-25', TRUE, NULL, NULL, NULL, NULL, NULL, 'https://eims1.mpwrd.gov.in/fcmreport/control/main', '{"district": "Sheopur", "frl_m": "348.23", "gate_count_open": "", "gate_discharge_cumec": "", "last_year_level_m": "", "last_year_live_capacity_mcm": "", "last_year_live_storage_percent": "", "live_capacity_at_frl_mcm": "45.00", "reservoir": "Aoda Tank [10174]", "serial": "255.", "this_year_level_m": "348.23 *", "this_year_live_capacity_mcm": "44.98", "this_year_live_storage_percent": "99", "time": "08:00:00"}'::jsonb, now()) ON CONFLICT (source_registry, report_date, reservoir_code) DO UPDATE SET dam_id = EXCLUDED.dam_id, basin_office = EXCLUDED.basin_office, reservoir_name = EXCLUDED.reservoir_name, reading_time = EXCLUDED.reading_time, district = EXCLUDED.district, frl_m = EXCLUDED.frl_m, live_capacity_at_frl_mcm = EXCLUDED.live_capacity_at_frl_mcm, this_year_level_m = EXCLUDED.this_year_level_m, this_year_live_capacity_mcm = EXCLUDED.this_year_live_capacity_mcm, this_year_live_storage_percent = EXCLUDED.this_year_live_storage_percent, this_year_level_observed_date = EXCLUDED.this_year_level_observed_date, this_year_is_stale = EXCLUDED.this_year_is_stale, gate_count_open = EXCLUDED.gate_count_open, gate_discharge_cumec = EXCLUDED.gate_discharge_cumec, last_year_level_m = EXCLUDED.last_year_level_m, last_year_live_capacity_mcm = EXCLUDED.last_year_live_capacity_mcm, last_year_live_storage_percent = EXCLUDED.last_year_live_storage_percent, source_url = EXCLUDED.source_url, raw = EXCLUDED.raw, fetched_at = now();
INSERT INTO dams (dam_id, dam_name, state, district, river_basin, owner_agency, status, risk_class, safety_score, source_registry, source_record_id, source_publication_year, source_url, updated_at) VALUES ('MPWRD-41700', 'Asan Barrage', 'Madhya Pradesh', 'Morena', 'Chief Engineer Yamuna Basin, Gwalior', 'Madhya Pradesh Water Resources Department', 'operational'::dam_status, 'moderate'::risk_class, 70.00, 'MPWRD', '41700', 2026, 'https://eims1.mpwrd.gov.in/fcmreport/control/main', now()) ON CONFLICT (dam_id) DO UPDATE SET dam_name = EXCLUDED.dam_name, state = EXCLUDED.state, district = EXCLUDED.district, river_basin = EXCLUDED.river_basin, owner_agency = EXCLUDED.owner_agency, status = EXCLUDED.status, risk_class = EXCLUDED.risk_class, safety_score = EXCLUDED.safety_score, source_registry = EXCLUDED.source_registry, source_record_id = EXCLUDED.source_record_id, source_publication_year = EXCLUDED.source_publication_year, source_url = EXCLUDED.source_url, updated_at = now();
INSERT INTO dam_reservoir (dam_id, reservoir_name, live_storage_mcm, current_storage_mcm, frl_m, updated_at) VALUES ('MPWRD-41700', 'Asan Barrage', 31.77, 0.00, 185.00, now()) ON CONFLICT (dam_id) DO UPDATE SET reservoir_name = EXCLUDED.reservoir_name, live_storage_mcm = EXCLUDED.live_storage_mcm, current_storage_mcm = EXCLUDED.current_storage_mcm, frl_m = EXCLUDED.frl_m, updated_at = now();
INSERT INTO dam_engineering (dam_id, instrumentation, updated_at) VALUES ('MPWRD-41700', '{"basin_office": "Chief Engineer Yamuna Basin, Gwalior", "gate_count_open": null, "gate_discharge_cumec": null, "last_year_level_m": null, "last_year_live_capacity_mcm": null, "last_year_live_storage_percent": null, "mpwrd_reservoir_code": "41700", "reading_time": "08:00:00", "this_year_is_stale": true, "this_year_level_observed_date": "2025-09-24"}'::jsonb, now()) ON CONFLICT (dam_id) DO UPDATE SET instrumentation = EXCLUDED.instrumentation, updated_at = now();
INSERT INTO mpwrd_reservoir_levels (source_registry, report_date, reservoir_code, dam_id, basin_office, reservoir_name, reading_time, district, frl_m, live_capacity_at_frl_mcm, this_year_level_m, this_year_live_capacity_mcm, this_year_live_storage_percent, this_year_level_observed_date, this_year_is_stale, gate_count_open, gate_discharge_cumec, last_year_level_m, last_year_live_capacity_mcm, last_year_live_storage_percent, source_url, raw, fetched_at) VALUES ('MPWRD', '2026-05-25', '41700', 'MPWRD-41700', 'Chief Engineer Yamuna Basin, Gwalior', 'Asan Barrage', '08:00:00', 'Morena', 185.00, 31.77, 176.00, 0.00, NULL, '2025-09-24', TRUE, NULL, NULL, NULL, NULL, NULL, 'https://eims1.mpwrd.gov.in/fcmreport/control/main', '{"district": "Morena", "frl_m": "185.00", "gate_count_open": "", "gate_discharge_cumec": "", "last_year_level_m": "", "last_year_live_capacity_mcm": "", "last_year_live_storage_percent": "", "live_capacity_at_frl_mcm": "31.77", "reservoir": "Asan Barrage [41700]", "serial": "256.", "this_year_level_m": "176.00*", "this_year_live_capacity_mcm": "0.00", "this_year_live_storage_percent": "", "time": "08:00:00"}'::jsonb, now()) ON CONFLICT (source_registry, report_date, reservoir_code) DO UPDATE SET dam_id = EXCLUDED.dam_id, basin_office = EXCLUDED.basin_office, reservoir_name = EXCLUDED.reservoir_name, reading_time = EXCLUDED.reading_time, district = EXCLUDED.district, frl_m = EXCLUDED.frl_m, live_capacity_at_frl_mcm = EXCLUDED.live_capacity_at_frl_mcm, this_year_level_m = EXCLUDED.this_year_level_m, this_year_live_capacity_mcm = EXCLUDED.this_year_live_capacity_mcm, this_year_live_storage_percent = EXCLUDED.this_year_live_storage_percent, this_year_level_observed_date = EXCLUDED.this_year_level_observed_date, this_year_is_stale = EXCLUDED.this_year_is_stale, gate_count_open = EXCLUDED.gate_count_open, gate_discharge_cumec = EXCLUDED.gate_discharge_cumec, last_year_level_m = EXCLUDED.last_year_level_m, last_year_live_capacity_mcm = EXCLUDED.last_year_live_capacity_mcm, last_year_live_storage_percent = EXCLUDED.last_year_live_storage_percent, source_url = EXCLUDED.source_url, raw = EXCLUDED.raw, fetched_at = now();
INSERT INTO dams (dam_id, dam_name, state, district, river_basin, owner_agency, status, risk_class, safety_score, source_registry, source_record_id, source_publication_year, source_url, updated_at) VALUES ('MPWRD-25993', 'Bairad Tank', 'Madhya Pradesh', 'Shivpuri', 'Chief Engineer Yamuna Basin, Gwalior', 'Madhya Pradesh Water Resources Department', 'operational'::dam_status, 'low'::risk_class, 100.00, 'MPWRD', '25993', 2026, 'https://eims1.mpwrd.gov.in/fcmreport/control/main', now()) ON CONFLICT (dam_id) DO UPDATE SET dam_name = EXCLUDED.dam_name, state = EXCLUDED.state, district = EXCLUDED.district, river_basin = EXCLUDED.river_basin, owner_agency = EXCLUDED.owner_agency, status = EXCLUDED.status, risk_class = EXCLUDED.risk_class, safety_score = EXCLUDED.safety_score, source_registry = EXCLUDED.source_registry, source_record_id = EXCLUDED.source_record_id, source_publication_year = EXCLUDED.source_publication_year, source_url = EXCLUDED.source_url, updated_at = now();
INSERT INTO dam_reservoir (dam_id, reservoir_name, live_storage_mcm, current_storage_mcm, frl_m, updated_at) VALUES ('MPWRD-25993', 'Bairad Tank', 5.85, 5.85, 97.25, now()) ON CONFLICT (dam_id) DO UPDATE SET reservoir_name = EXCLUDED.reservoir_name, live_storage_mcm = EXCLUDED.live_storage_mcm, current_storage_mcm = EXCLUDED.current_storage_mcm, frl_m = EXCLUDED.frl_m, updated_at = now();
INSERT INTO dam_engineering (dam_id, instrumentation, updated_at) VALUES ('MPWRD-25993', '{"basin_office": "Chief Engineer Yamuna Basin, Gwalior", "gate_count_open": null, "gate_discharge_cumec": null, "last_year_level_m": null, "last_year_live_capacity_mcm": null, "last_year_live_storage_percent": null, "mpwrd_reservoir_code": "25993", "reading_time": "08:00:00", "this_year_is_stale": true, "this_year_level_observed_date": "2025-09-09"}'::jsonb, now()) ON CONFLICT (dam_id) DO UPDATE SET instrumentation = EXCLUDED.instrumentation, updated_at = now();
INSERT INTO mpwrd_reservoir_levels (source_registry, report_date, reservoir_code, dam_id, basin_office, reservoir_name, reading_time, district, frl_m, live_capacity_at_frl_mcm, this_year_level_m, this_year_live_capacity_mcm, this_year_live_storage_percent, this_year_level_observed_date, this_year_is_stale, gate_count_open, gate_discharge_cumec, last_year_level_m, last_year_live_capacity_mcm, last_year_live_storage_percent, source_url, raw, fetched_at) VALUES ('MPWRD', '2026-05-25', '25993', 'MPWRD-25993', 'Chief Engineer Yamuna Basin, Gwalior', 'Bairad Tank', '08:00:00', 'Shivpuri', 97.25, 5.85, 97.25, 5.85, 100, '2025-09-09', TRUE, NULL, NULL, NULL, NULL, NULL, 'https://eims1.mpwrd.gov.in/fcmreport/control/main', '{"district": "Shivpuri", "frl_m": "97.25", "gate_count_open": "", "gate_discharge_cumec": "", "last_year_level_m": "", "last_year_live_capacity_mcm": "", "last_year_live_storage_percent": "", "live_capacity_at_frl_mcm": "5.85", "reservoir": "Bairad Tank [25993]", "serial": "257.", "this_year_level_m": "97.25 *", "this_year_live_capacity_mcm": "5.85", "this_year_live_storage_percent": "100", "time": "08:00:00"}'::jsonb, now()) ON CONFLICT (source_registry, report_date, reservoir_code) DO UPDATE SET dam_id = EXCLUDED.dam_id, basin_office = EXCLUDED.basin_office, reservoir_name = EXCLUDED.reservoir_name, reading_time = EXCLUDED.reading_time, district = EXCLUDED.district, frl_m = EXCLUDED.frl_m, live_capacity_at_frl_mcm = EXCLUDED.live_capacity_at_frl_mcm, this_year_level_m = EXCLUDED.this_year_level_m, this_year_live_capacity_mcm = EXCLUDED.this_year_live_capacity_mcm, this_year_live_storage_percent = EXCLUDED.this_year_live_storage_percent, this_year_level_observed_date = EXCLUDED.this_year_level_observed_date, this_year_is_stale = EXCLUDED.this_year_is_stale, gate_count_open = EXCLUDED.gate_count_open, gate_discharge_cumec = EXCLUDED.gate_discharge_cumec, last_year_level_m = EXCLUDED.last_year_level_m, last_year_live_capacity_mcm = EXCLUDED.last_year_live_capacity_mcm, last_year_live_storage_percent = EXCLUDED.last_year_live_storage_percent, source_url = EXCLUDED.source_url, raw = EXCLUDED.raw, fetched_at = now();
INSERT INTO dams (dam_id, dam_name, state, district, river_basin, owner_agency, status, risk_class, safety_score, source_registry, source_record_id, source_publication_year, source_url, updated_at) VALUES ('MPWRD-23416', 'Bardha Tank', 'Madhya Pradesh', 'Morena', 'Chief Engineer Yamuna Basin, Gwalior', 'Madhya Pradesh Water Resources Department', 'operational'::dam_status, 'low'::risk_class, 100.00, 'MPWRD', '23416', 2026, 'https://eims1.mpwrd.gov.in/fcmreport/control/main', now()) ON CONFLICT (dam_id) DO UPDATE SET dam_name = EXCLUDED.dam_name, state = EXCLUDED.state, district = EXCLUDED.district, river_basin = EXCLUDED.river_basin, owner_agency = EXCLUDED.owner_agency, status = EXCLUDED.status, risk_class = EXCLUDED.risk_class, safety_score = EXCLUDED.safety_score, source_registry = EXCLUDED.source_registry, source_record_id = EXCLUDED.source_record_id, source_publication_year = EXCLUDED.source_publication_year, source_url = EXCLUDED.source_url, updated_at = now();
INSERT INTO dam_reservoir (dam_id, reservoir_name, live_storage_mcm, current_storage_mcm, frl_m, updated_at) VALUES ('MPWRD-23416', 'Bardha Tank', 8.55, 9.19, 246.88, now()) ON CONFLICT (dam_id) DO UPDATE SET reservoir_name = EXCLUDED.reservoir_name, live_storage_mcm = EXCLUDED.live_storage_mcm, current_storage_mcm = EXCLUDED.current_storage_mcm, frl_m = EXCLUDED.frl_m, updated_at = now();
INSERT INTO dam_engineering (dam_id, instrumentation, updated_at) VALUES ('MPWRD-23416', '{"basin_office": "Chief Engineer Yamuna Basin, Gwalior", "gate_count_open": null, "gate_discharge_cumec": null, "last_year_level_m": null, "last_year_live_capacity_mcm": null, "last_year_live_storage_percent": null, "mpwrd_reservoir_code": "23416", "reading_time": "08:00:00", "this_year_is_stale": true, "this_year_level_observed_date": "2025-08-23"}'::jsonb, now()) ON CONFLICT (dam_id) DO UPDATE SET instrumentation = EXCLUDED.instrumentation, updated_at = now();
INSERT INTO mpwrd_reservoir_levels (source_registry, report_date, reservoir_code, dam_id, basin_office, reservoir_name, reading_time, district, frl_m, live_capacity_at_frl_mcm, this_year_level_m, this_year_live_capacity_mcm, this_year_live_storage_percent, this_year_level_observed_date, this_year_is_stale, gate_count_open, gate_discharge_cumec, last_year_level_m, last_year_live_capacity_mcm, last_year_live_storage_percent, source_url, raw, fetched_at) VALUES ('MPWRD', '2026-05-25', '23416', 'MPWRD-23416', 'Chief Engineer Yamuna Basin, Gwalior', 'Bardha Tank', '08:00:00', 'Morena', 246.88, 8.55, 247.19, 9.19, 100, '2025-08-23', TRUE, NULL, NULL, NULL, NULL, NULL, 'https://eims1.mpwrd.gov.in/fcmreport/control/main', '{"district": "Morena", "frl_m": "246.88", "gate_count_open": "", "gate_discharge_cumec": "", "last_year_level_m": "", "last_year_live_capacity_mcm": "", "last_year_live_storage_percent": "", "live_capacity_at_frl_mcm": "8.55", "reservoir": "Bardha Tank [23416]", "serial": "258.", "this_year_level_m": "247.19 *", "this_year_live_capacity_mcm": "9.19", "this_year_live_storage_percent": "100", "time": "08:00:00"}'::jsonb, now()) ON CONFLICT (source_registry, report_date, reservoir_code) DO UPDATE SET dam_id = EXCLUDED.dam_id, basin_office = EXCLUDED.basin_office, reservoir_name = EXCLUDED.reservoir_name, reading_time = EXCLUDED.reading_time, district = EXCLUDED.district, frl_m = EXCLUDED.frl_m, live_capacity_at_frl_mcm = EXCLUDED.live_capacity_at_frl_mcm, this_year_level_m = EXCLUDED.this_year_level_m, this_year_live_capacity_mcm = EXCLUDED.this_year_live_capacity_mcm, this_year_live_storage_percent = EXCLUDED.this_year_live_storage_percent, this_year_level_observed_date = EXCLUDED.this_year_level_observed_date, this_year_is_stale = EXCLUDED.this_year_is_stale, gate_count_open = EXCLUDED.gate_count_open, gate_discharge_cumec = EXCLUDED.gate_discharge_cumec, last_year_level_m = EXCLUDED.last_year_level_m, last_year_live_capacity_mcm = EXCLUDED.last_year_live_capacity_mcm, last_year_live_storage_percent = EXCLUDED.last_year_live_storage_percent, source_url = EXCLUDED.source_url, raw = EXCLUDED.raw, fetched_at = now();
INSERT INTO dams (dam_id, dam_name, state, district, river_basin, owner_agency, status, risk_class, safety_score, source_registry, source_record_id, source_publication_year, source_url, updated_at) VALUES ('MPWRD-26247', 'Bhagora Tank', 'Madhya Pradesh', 'Shivpuri', 'Chief Engineer Yamuna Basin, Gwalior', 'Madhya Pradesh Water Resources Department', 'operational'::dam_status, 'low'::risk_class, 100.00, 'MPWRD', '26247', 2026, 'https://eims1.mpwrd.gov.in/fcmreport/control/main', now()) ON CONFLICT (dam_id) DO UPDATE SET dam_name = EXCLUDED.dam_name, state = EXCLUDED.state, district = EXCLUDED.district, river_basin = EXCLUDED.river_basin, owner_agency = EXCLUDED.owner_agency, status = EXCLUDED.status, risk_class = EXCLUDED.risk_class, safety_score = EXCLUDED.safety_score, source_registry = EXCLUDED.source_registry, source_record_id = EXCLUDED.source_record_id, source_publication_year = EXCLUDED.source_publication_year, source_url = EXCLUDED.source_url, updated_at = now();
INSERT INTO dam_reservoir (dam_id, reservoir_name, live_storage_mcm, current_storage_mcm, frl_m, updated_at) VALUES ('MPWRD-26247', 'Bhagora Tank', 6.04, 6.04, 323.68, now()) ON CONFLICT (dam_id) DO UPDATE SET reservoir_name = EXCLUDED.reservoir_name, live_storage_mcm = EXCLUDED.live_storage_mcm, current_storage_mcm = EXCLUDED.current_storage_mcm, frl_m = EXCLUDED.frl_m, updated_at = now();
INSERT INTO dam_engineering (dam_id, instrumentation, updated_at) VALUES ('MPWRD-26247', '{"basin_office": "Chief Engineer Yamuna Basin, Gwalior", "gate_count_open": null, "gate_discharge_cumec": null, "last_year_level_m": null, "last_year_live_capacity_mcm": null, "last_year_live_storage_percent": null, "mpwrd_reservoir_code": "26247", "reading_time": "08:00:00", "this_year_is_stale": true, "this_year_level_observed_date": "2025-09-09"}'::jsonb, now()) ON CONFLICT (dam_id) DO UPDATE SET instrumentation = EXCLUDED.instrumentation, updated_at = now();
INSERT INTO mpwrd_reservoir_levels (source_registry, report_date, reservoir_code, dam_id, basin_office, reservoir_name, reading_time, district, frl_m, live_capacity_at_frl_mcm, this_year_level_m, this_year_live_capacity_mcm, this_year_live_storage_percent, this_year_level_observed_date, this_year_is_stale, gate_count_open, gate_discharge_cumec, last_year_level_m, last_year_live_capacity_mcm, last_year_live_storage_percent, source_url, raw, fetched_at) VALUES ('MPWRD', '2026-05-25', '26247', 'MPWRD-26247', 'Chief Engineer Yamuna Basin, Gwalior', 'Bhagora Tank', '08:00:00', 'Shivpuri', 323.68, 6.04, 323.68, 6.04, 100, '2025-09-09', TRUE, NULL, NULL, NULL, NULL, NULL, 'https://eims1.mpwrd.gov.in/fcmreport/control/main', '{"district": "Shivpuri", "frl_m": "323.68", "gate_count_open": "", "gate_discharge_cumec": "", "last_year_level_m": "", "last_year_live_capacity_mcm": "", "last_year_live_storage_percent": "", "live_capacity_at_frl_mcm": "6.04", "reservoir": "Bhagora Tank [26247]", "serial": "259.", "this_year_level_m": "323.68 *", "this_year_live_capacity_mcm": "6.04", "this_year_live_storage_percent": "100", "time": "08:00:00"}'::jsonb, now()) ON CONFLICT (source_registry, report_date, reservoir_code) DO UPDATE SET dam_id = EXCLUDED.dam_id, basin_office = EXCLUDED.basin_office, reservoir_name = EXCLUDED.reservoir_name, reading_time = EXCLUDED.reading_time, district = EXCLUDED.district, frl_m = EXCLUDED.frl_m, live_capacity_at_frl_mcm = EXCLUDED.live_capacity_at_frl_mcm, this_year_level_m = EXCLUDED.this_year_level_m, this_year_live_capacity_mcm = EXCLUDED.this_year_live_capacity_mcm, this_year_live_storage_percent = EXCLUDED.this_year_live_storage_percent, this_year_level_observed_date = EXCLUDED.this_year_level_observed_date, this_year_is_stale = EXCLUDED.this_year_is_stale, gate_count_open = EXCLUDED.gate_count_open, gate_discharge_cumec = EXCLUDED.gate_discharge_cumec, last_year_level_m = EXCLUDED.last_year_level_m, last_year_live_capacity_mcm = EXCLUDED.last_year_live_capacity_mcm, last_year_live_storage_percent = EXCLUDED.last_year_live_storage_percent, source_url = EXCLUDED.source_url, raw = EXCLUDED.raw, fetched_at = now();
INSERT INTO dams (dam_id, dam_name, state, district, river_basin, owner_agency, status, risk_class, safety_score, source_registry, source_record_id, source_publication_year, source_url, updated_at) VALUES ('MPWRD-27531', 'Birpur Tank', 'Madhya Pradesh', 'Sheopur', 'Chief Engineer Yamuna Basin, Gwalior', 'Madhya Pradesh Water Resources Department', 'operational'::dam_status, 'low'::risk_class, 92.00, 'MPWRD', '27531', 2026, 'https://eims1.mpwrd.gov.in/fcmreport/control/main', now()) ON CONFLICT (dam_id) DO UPDATE SET dam_name = EXCLUDED.dam_name, state = EXCLUDED.state, district = EXCLUDED.district, river_basin = EXCLUDED.river_basin, owner_agency = EXCLUDED.owner_agency, status = EXCLUDED.status, risk_class = EXCLUDED.risk_class, safety_score = EXCLUDED.safety_score, source_registry = EXCLUDED.source_registry, source_record_id = EXCLUDED.source_record_id, source_publication_year = EXCLUDED.source_publication_year, source_url = EXCLUDED.source_url, updated_at = now();
INSERT INTO dam_reservoir (dam_id, reservoir_name, live_storage_mcm, current_storage_mcm, frl_m, updated_at) VALUES ('MPWRD-27531', 'Birpur Tank', 5.32, 4.91, 32.99, now()) ON CONFLICT (dam_id) DO UPDATE SET reservoir_name = EXCLUDED.reservoir_name, live_storage_mcm = EXCLUDED.live_storage_mcm, current_storage_mcm = EXCLUDED.current_storage_mcm, frl_m = EXCLUDED.frl_m, updated_at = now();
INSERT INTO dam_engineering (dam_id, instrumentation, updated_at) VALUES ('MPWRD-27531', '{"basin_office": "Chief Engineer Yamuna Basin, Gwalior", "gate_count_open": null, "gate_discharge_cumec": null, "last_year_level_m": null, "last_year_live_capacity_mcm": null, "last_year_live_storage_percent": null, "mpwrd_reservoir_code": "27531", "reading_time": "08:00:00", "this_year_is_stale": true, "this_year_level_observed_date": "2025-08-19"}'::jsonb, now()) ON CONFLICT (dam_id) DO UPDATE SET instrumentation = EXCLUDED.instrumentation, updated_at = now();
INSERT INTO mpwrd_reservoir_levels (source_registry, report_date, reservoir_code, dam_id, basin_office, reservoir_name, reading_time, district, frl_m, live_capacity_at_frl_mcm, this_year_level_m, this_year_live_capacity_mcm, this_year_live_storage_percent, this_year_level_observed_date, this_year_is_stale, gate_count_open, gate_discharge_cumec, last_year_level_m, last_year_live_capacity_mcm, last_year_live_storage_percent, source_url, raw, fetched_at) VALUES ('MPWRD', '2026-05-25', '27531', 'MPWRD-27531', 'Chief Engineer Yamuna Basin, Gwalior', 'Birpur Tank', '08:00:00', 'Sheopur', 32.99, 5.32, 32.68, 4.91, 92, '2025-08-19', TRUE, NULL, NULL, NULL, NULL, NULL, 'https://eims1.mpwrd.gov.in/fcmreport/control/main', '{"district": "Sheopur", "frl_m": "32.99", "gate_count_open": "", "gate_discharge_cumec": "", "last_year_level_m": "", "last_year_live_capacity_mcm": "", "last_year_live_storage_percent": "", "live_capacity_at_frl_mcm": "5.32", "reservoir": "Birpur Tank [27531]", "serial": "260.", "this_year_level_m": "32.68*", "this_year_live_capacity_mcm": "4.91", "this_year_live_storage_percent": "92", "time": "08:00:00"}'::jsonb, now()) ON CONFLICT (source_registry, report_date, reservoir_code) DO UPDATE SET dam_id = EXCLUDED.dam_id, basin_office = EXCLUDED.basin_office, reservoir_name = EXCLUDED.reservoir_name, reading_time = EXCLUDED.reading_time, district = EXCLUDED.district, frl_m = EXCLUDED.frl_m, live_capacity_at_frl_mcm = EXCLUDED.live_capacity_at_frl_mcm, this_year_level_m = EXCLUDED.this_year_level_m, this_year_live_capacity_mcm = EXCLUDED.this_year_live_capacity_mcm, this_year_live_storage_percent = EXCLUDED.this_year_live_storage_percent, this_year_level_observed_date = EXCLUDED.this_year_level_observed_date, this_year_is_stale = EXCLUDED.this_year_is_stale, gate_count_open = EXCLUDED.gate_count_open, gate_discharge_cumec = EXCLUDED.gate_discharge_cumec, last_year_level_m = EXCLUDED.last_year_level_m, last_year_live_capacity_mcm = EXCLUDED.last_year_live_capacity_mcm, last_year_live_storage_percent = EXCLUDED.last_year_live_storage_percent, source_url = EXCLUDED.source_url, raw = EXCLUDED.raw, fetched_at = now();
INSERT INTO dams (dam_id, dam_name, state, district, river_basin, owner_agency, status, risk_class, safety_score, source_registry, source_record_id, source_publication_year, source_url, updated_at) VALUES ('MPWRD-10182', 'Budhna Dam', 'Madhya Pradesh', 'Shivpuri', 'Chief Engineer Yamuna Basin, Gwalior', 'Madhya Pradesh Water Resources Department', 'operational'::dam_status, 'low'::risk_class, 100.00, 'MPWRD', '10182', 2026, 'https://eims1.mpwrd.gov.in/fcmreport/control/main', now()) ON CONFLICT (dam_id) DO UPDATE SET dam_name = EXCLUDED.dam_name, state = EXCLUDED.state, district = EXCLUDED.district, river_basin = EXCLUDED.river_basin, owner_agency = EXCLUDED.owner_agency, status = EXCLUDED.status, risk_class = EXCLUDED.risk_class, safety_score = EXCLUDED.safety_score, source_registry = EXCLUDED.source_registry, source_record_id = EXCLUDED.source_record_id, source_publication_year = EXCLUDED.source_publication_year, source_url = EXCLUDED.source_url, updated_at = now();
INSERT INTO dam_reservoir (dam_id, reservoir_name, live_storage_mcm, current_storage_mcm, frl_m, updated_at) VALUES ('MPWRD-10182', 'Budhna Dam', 13.84, 13.84, 103.00, now()) ON CONFLICT (dam_id) DO UPDATE SET reservoir_name = EXCLUDED.reservoir_name, live_storage_mcm = EXCLUDED.live_storage_mcm, current_storage_mcm = EXCLUDED.current_storage_mcm, frl_m = EXCLUDED.frl_m, updated_at = now();
INSERT INTO dam_engineering (dam_id, instrumentation, updated_at) VALUES ('MPWRD-10182', '{"basin_office": "Chief Engineer Yamuna Basin, Gwalior", "gate_count_open": null, "gate_discharge_cumec": null, "last_year_level_m": null, "last_year_live_capacity_mcm": null, "last_year_live_storage_percent": null, "mpwrd_reservoir_code": "10182", "reading_time": "08:00:00", "this_year_is_stale": true, "this_year_level_observed_date": "2025-09-23"}'::jsonb, now()) ON CONFLICT (dam_id) DO UPDATE SET instrumentation = EXCLUDED.instrumentation, updated_at = now();
INSERT INTO mpwrd_reservoir_levels (source_registry, report_date, reservoir_code, dam_id, basin_office, reservoir_name, reading_time, district, frl_m, live_capacity_at_frl_mcm, this_year_level_m, this_year_live_capacity_mcm, this_year_live_storage_percent, this_year_level_observed_date, this_year_is_stale, gate_count_open, gate_discharge_cumec, last_year_level_m, last_year_live_capacity_mcm, last_year_live_storage_percent, source_url, raw, fetched_at) VALUES ('MPWRD', '2026-05-25', '10182', 'MPWRD-10182', 'Chief Engineer Yamuna Basin, Gwalior', 'Budhna Dam', '08:00:00', 'Shivpuri', 103.00, 13.84, 103.00, 13.84, 100, '2025-09-23', TRUE, NULL, NULL, NULL, NULL, NULL, 'https://eims1.mpwrd.gov.in/fcmreport/control/main', '{"district": "Shivpuri", "frl_m": "103.00", "gate_count_open": "", "gate_discharge_cumec": "", "last_year_level_m": "", "last_year_live_capacity_mcm": "", "last_year_live_storage_percent": "", "live_capacity_at_frl_mcm": "13.84", "reservoir": "Budhna Dam [10182]", "serial": "261.", "this_year_level_m": "103.00 *", "this_year_live_capacity_mcm": "13.84", "this_year_live_storage_percent": "100", "time": "08:00:00"}'::jsonb, now()) ON CONFLICT (source_registry, report_date, reservoir_code) DO UPDATE SET dam_id = EXCLUDED.dam_id, basin_office = EXCLUDED.basin_office, reservoir_name = EXCLUDED.reservoir_name, reading_time = EXCLUDED.reading_time, district = EXCLUDED.district, frl_m = EXCLUDED.frl_m, live_capacity_at_frl_mcm = EXCLUDED.live_capacity_at_frl_mcm, this_year_level_m = EXCLUDED.this_year_level_m, this_year_live_capacity_mcm = EXCLUDED.this_year_live_capacity_mcm, this_year_live_storage_percent = EXCLUDED.this_year_live_storage_percent, this_year_level_observed_date = EXCLUDED.this_year_level_observed_date, this_year_is_stale = EXCLUDED.this_year_is_stale, gate_count_open = EXCLUDED.gate_count_open, gate_discharge_cumec = EXCLUDED.gate_discharge_cumec, last_year_level_m = EXCLUDED.last_year_level_m, last_year_live_capacity_mcm = EXCLUDED.last_year_live_capacity_mcm, last_year_live_storage_percent = EXCLUDED.last_year_live_storage_percent, source_url = EXCLUDED.source_url, raw = EXCLUDED.raw, fetched_at = now();
INSERT INTO dams (dam_id, dam_name, state, district, river_basin, owner_agency, status, risk_class, safety_score, source_registry, source_record_id, source_publication_year, source_url, updated_at) VALUES ('MPWRD-10186', 'Chandpatha Tank', 'Madhya Pradesh', 'Shivpuri', 'Chief Engineer Yamuna Basin, Gwalior', 'Madhya Pradesh Water Resources Department', 'operational'::dam_status, 'low'::risk_class, 84.00, 'MPWRD', '10186', 2026, 'https://eims1.mpwrd.gov.in/fcmreport/control/main', now()) ON CONFLICT (dam_id) DO UPDATE SET dam_name = EXCLUDED.dam_name, state = EXCLUDED.state, district = EXCLUDED.district, river_basin = EXCLUDED.river_basin, owner_agency = EXCLUDED.owner_agency, status = EXCLUDED.status, risk_class = EXCLUDED.risk_class, safety_score = EXCLUDED.safety_score, source_registry = EXCLUDED.source_registry, source_record_id = EXCLUDED.source_record_id, source_publication_year = EXCLUDED.source_publication_year, source_url = EXCLUDED.source_url, updated_at = now();
INSERT INTO dam_reservoir (dam_id, reservoir_name, live_storage_mcm, current_storage_mcm, frl_m, updated_at) VALUES ('MPWRD-10186', 'Chandpatha Tank', 7.38, 6.24, 345.02, now()) ON CONFLICT (dam_id) DO UPDATE SET reservoir_name = EXCLUDED.reservoir_name, live_storage_mcm = EXCLUDED.live_storage_mcm, current_storage_mcm = EXCLUDED.current_storage_mcm, frl_m = EXCLUDED.frl_m, updated_at = now();
INSERT INTO dam_engineering (dam_id, instrumentation, updated_at) VALUES ('MPWRD-10186', '{"basin_office": "Chief Engineer Yamuna Basin, Gwalior", "gate_count_open": null, "gate_discharge_cumec": null, "last_year_level_m": null, "last_year_live_capacity_mcm": null, "last_year_live_storage_percent": null, "mpwrd_reservoir_code": "10186", "reading_time": "08:00:00", "this_year_is_stale": true, "this_year_level_observed_date": "2025-09-09"}'::jsonb, now()) ON CONFLICT (dam_id) DO UPDATE SET instrumentation = EXCLUDED.instrumentation, updated_at = now();
INSERT INTO mpwrd_reservoir_levels (source_registry, report_date, reservoir_code, dam_id, basin_office, reservoir_name, reading_time, district, frl_m, live_capacity_at_frl_mcm, this_year_level_m, this_year_live_capacity_mcm, this_year_live_storage_percent, this_year_level_observed_date, this_year_is_stale, gate_count_open, gate_discharge_cumec, last_year_level_m, last_year_live_capacity_mcm, last_year_live_storage_percent, source_url, raw, fetched_at) VALUES ('MPWRD', '2026-05-25', '10186', 'MPWRD-10186', 'Chief Engineer Yamuna Basin, Gwalior', 'Chandpatha Tank', '08:00:00', 'Shivpuri', 345.02, 7.38, 344.46, 6.24, 84, '2025-09-09', TRUE, NULL, NULL, NULL, NULL, NULL, 'https://eims1.mpwrd.gov.in/fcmreport/control/main', '{"district": "Shivpuri", "frl_m": "345.02", "gate_count_open": "", "gate_discharge_cumec": "", "last_year_level_m": "", "last_year_live_capacity_mcm": "", "last_year_live_storage_percent": "", "live_capacity_at_frl_mcm": "7.38", "reservoir": "Chandpatha Tank [10186]", "serial": "262.", "this_year_level_m": "344.46*", "this_year_live_capacity_mcm": "6.24", "this_year_live_storage_percent": "84", "time": "08:00:00"}'::jsonb, now()) ON CONFLICT (source_registry, report_date, reservoir_code) DO UPDATE SET dam_id = EXCLUDED.dam_id, basin_office = EXCLUDED.basin_office, reservoir_name = EXCLUDED.reservoir_name, reading_time = EXCLUDED.reading_time, district = EXCLUDED.district, frl_m = EXCLUDED.frl_m, live_capacity_at_frl_mcm = EXCLUDED.live_capacity_at_frl_mcm, this_year_level_m = EXCLUDED.this_year_level_m, this_year_live_capacity_mcm = EXCLUDED.this_year_live_capacity_mcm, this_year_live_storage_percent = EXCLUDED.this_year_live_storage_percent, this_year_level_observed_date = EXCLUDED.this_year_level_observed_date, this_year_is_stale = EXCLUDED.this_year_is_stale, gate_count_open = EXCLUDED.gate_count_open, gate_discharge_cumec = EXCLUDED.gate_discharge_cumec, last_year_level_m = EXCLUDED.last_year_level_m, last_year_live_capacity_mcm = EXCLUDED.last_year_live_capacity_mcm, last_year_live_storage_percent = EXCLUDED.last_year_live_storage_percent, source_url = EXCLUDED.source_url, raw = EXCLUDED.raw, fetched_at = now();
INSERT INTO dams (dam_id, dam_name, state, district, river_basin, owner_agency, status, risk_class, safety_score, source_registry, source_record_id, source_publication_year, source_url, updated_at) VALUES ('MPWRD-10183', 'Dhapora Tank', 'Madhya Pradesh', 'Shivpuri', 'Chief Engineer Yamuna Basin, Gwalior', 'Madhya Pradesh Water Resources Department', 'operational'::dam_status, 'low'::risk_class, 99.00, 'MPWRD', '10183', 2026, 'https://eims1.mpwrd.gov.in/fcmreport/control/main', now()) ON CONFLICT (dam_id) DO UPDATE SET dam_name = EXCLUDED.dam_name, state = EXCLUDED.state, district = EXCLUDED.district, river_basin = EXCLUDED.river_basin, owner_agency = EXCLUDED.owner_agency, status = EXCLUDED.status, risk_class = EXCLUDED.risk_class, safety_score = EXCLUDED.safety_score, source_registry = EXCLUDED.source_registry, source_record_id = EXCLUDED.source_record_id, source_publication_year = EXCLUDED.source_publication_year, source_url = EXCLUDED.source_url, updated_at = now();
INSERT INTO dam_reservoir (dam_id, reservoir_name, live_storage_mcm, current_storage_mcm, frl_m, updated_at) VALUES ('MPWRD-10183', 'Dhapora Tank', 6.24, 6.20, 452.32, now()) ON CONFLICT (dam_id) DO UPDATE SET reservoir_name = EXCLUDED.reservoir_name, live_storage_mcm = EXCLUDED.live_storage_mcm, current_storage_mcm = EXCLUDED.current_storage_mcm, frl_m = EXCLUDED.frl_m, updated_at = now();
INSERT INTO dam_engineering (dam_id, instrumentation, updated_at) VALUES ('MPWRD-10183', '{"basin_office": "Chief Engineer Yamuna Basin, Gwalior", "gate_count_open": null, "gate_discharge_cumec": null, "last_year_level_m": null, "last_year_live_capacity_mcm": null, "last_year_live_storage_percent": null, "mpwrd_reservoir_code": "10183", "reading_time": "08:00:00", "this_year_is_stale": true, "this_year_level_observed_date": "2025-09-16"}'::jsonb, now()) ON CONFLICT (dam_id) DO UPDATE SET instrumentation = EXCLUDED.instrumentation, updated_at = now();
INSERT INTO mpwrd_reservoir_levels (source_registry, report_date, reservoir_code, dam_id, basin_office, reservoir_name, reading_time, district, frl_m, live_capacity_at_frl_mcm, this_year_level_m, this_year_live_capacity_mcm, this_year_live_storage_percent, this_year_level_observed_date, this_year_is_stale, gate_count_open, gate_discharge_cumec, last_year_level_m, last_year_live_capacity_mcm, last_year_live_storage_percent, source_url, raw, fetched_at) VALUES ('MPWRD', '2026-05-25', '10183', 'MPWRD-10183', 'Chief Engineer Yamuna Basin, Gwalior', 'Dhapora Tank', '08:00:00', 'Shivpuri', 452.32, 6.24, 452.30, 6.20, 99, '2025-09-16', TRUE, NULL, NULL, NULL, NULL, NULL, 'https://eims1.mpwrd.gov.in/fcmreport/control/main', '{"district": "Shivpuri", "frl_m": "452.32", "gate_count_open": "", "gate_discharge_cumec": "", "last_year_level_m": "", "last_year_live_capacity_mcm": "", "last_year_live_storage_percent": "", "live_capacity_at_frl_mcm": "6.24", "reservoir": "Dhapora Tank [10183]", "serial": "263.", "this_year_level_m": "452.30*", "this_year_live_capacity_mcm": "6.20", "this_year_live_storage_percent": "99", "time": "08:00:00"}'::jsonb, now()) ON CONFLICT (source_registry, report_date, reservoir_code) DO UPDATE SET dam_id = EXCLUDED.dam_id, basin_office = EXCLUDED.basin_office, reservoir_name = EXCLUDED.reservoir_name, reading_time = EXCLUDED.reading_time, district = EXCLUDED.district, frl_m = EXCLUDED.frl_m, live_capacity_at_frl_mcm = EXCLUDED.live_capacity_at_frl_mcm, this_year_level_m = EXCLUDED.this_year_level_m, this_year_live_capacity_mcm = EXCLUDED.this_year_live_capacity_mcm, this_year_live_storage_percent = EXCLUDED.this_year_live_storage_percent, this_year_level_observed_date = EXCLUDED.this_year_level_observed_date, this_year_is_stale = EXCLUDED.this_year_is_stale, gate_count_open = EXCLUDED.gate_count_open, gate_discharge_cumec = EXCLUDED.gate_discharge_cumec, last_year_level_m = EXCLUDED.last_year_level_m, last_year_live_capacity_mcm = EXCLUDED.last_year_live_capacity_mcm, last_year_live_storage_percent = EXCLUDED.last_year_live_storage_percent, source_url = EXCLUDED.source_url, raw = EXCLUDED.raw, fetched_at = now();
INSERT INTO dams (dam_id, dam_name, state, district, river_basin, owner_agency, status, risk_class, safety_score, source_registry, source_record_id, source_publication_year, source_url, updated_at) VALUES ('MPWRD-26534', 'Dinara Tank', 'Madhya Pradesh', 'Shivpuri', 'Chief Engineer Yamuna Basin, Gwalior', 'Madhya Pradesh Water Resources Department', 'operational'::dam_status, 'low'::risk_class, 100.00, 'MPWRD', '26534', 2026, 'https://eims1.mpwrd.gov.in/fcmreport/control/main', now()) ON CONFLICT (dam_id) DO UPDATE SET dam_name = EXCLUDED.dam_name, state = EXCLUDED.state, district = EXCLUDED.district, river_basin = EXCLUDED.river_basin, owner_agency = EXCLUDED.owner_agency, status = EXCLUDED.status, risk_class = EXCLUDED.risk_class, safety_score = EXCLUDED.safety_score, source_registry = EXCLUDED.source_registry, source_record_id = EXCLUDED.source_record_id, source_publication_year = EXCLUDED.source_publication_year, source_url = EXCLUDED.source_url, updated_at = now();
INSERT INTO dam_reservoir (dam_id, reservoir_name, live_storage_mcm, current_storage_mcm, frl_m, updated_at) VALUES ('MPWRD-26534', 'Dinara Tank', 13.14, 14.65, 65.38, now()) ON CONFLICT (dam_id) DO UPDATE SET reservoir_name = EXCLUDED.reservoir_name, live_storage_mcm = EXCLUDED.live_storage_mcm, current_storage_mcm = EXCLUDED.current_storage_mcm, frl_m = EXCLUDED.frl_m, updated_at = now();
INSERT INTO dam_engineering (dam_id, instrumentation, updated_at) VALUES ('MPWRD-26534', '{"basin_office": "Chief Engineer Yamuna Basin, Gwalior", "gate_count_open": null, "gate_discharge_cumec": null, "last_year_level_m": null, "last_year_live_capacity_mcm": null, "last_year_live_storage_percent": null, "mpwrd_reservoir_code": "26534", "reading_time": "08:00:00", "this_year_is_stale": true, "this_year_level_observed_date": "2025-07-14"}'::jsonb, now()) ON CONFLICT (dam_id) DO UPDATE SET instrumentation = EXCLUDED.instrumentation, updated_at = now();
INSERT INTO mpwrd_reservoir_levels (source_registry, report_date, reservoir_code, dam_id, basin_office, reservoir_name, reading_time, district, frl_m, live_capacity_at_frl_mcm, this_year_level_m, this_year_live_capacity_mcm, this_year_live_storage_percent, this_year_level_observed_date, this_year_is_stale, gate_count_open, gate_discharge_cumec, last_year_level_m, last_year_live_capacity_mcm, last_year_live_storage_percent, source_url, raw, fetched_at) VALUES ('MPWRD', '2026-05-25', '26534', 'MPWRD-26534', 'Chief Engineer Yamuna Basin, Gwalior', 'Dinara Tank', '08:00:00', 'Shivpuri', 65.38, 13.14, 65.68, 14.65, 100, '2025-07-14', TRUE, NULL, NULL, NULL, NULL, NULL, 'https://eims1.mpwrd.gov.in/fcmreport/control/main', '{"district": "Shivpuri", "frl_m": "65.38", "gate_count_open": "", "gate_discharge_cumec": "", "last_year_level_m": "", "last_year_live_capacity_mcm": "", "last_year_live_storage_percent": "", "live_capacity_at_frl_mcm": "13.14", "reservoir": "Dinara Tank [26534]", "serial": "264.", "this_year_level_m": "65.68 *", "this_year_live_capacity_mcm": "14.65", "this_year_live_storage_percent": "100", "time": "08:00:00"}'::jsonb, now()) ON CONFLICT (source_registry, report_date, reservoir_code) DO UPDATE SET dam_id = EXCLUDED.dam_id, basin_office = EXCLUDED.basin_office, reservoir_name = EXCLUDED.reservoir_name, reading_time = EXCLUDED.reading_time, district = EXCLUDED.district, frl_m = EXCLUDED.frl_m, live_capacity_at_frl_mcm = EXCLUDED.live_capacity_at_frl_mcm, this_year_level_m = EXCLUDED.this_year_level_m, this_year_live_capacity_mcm = EXCLUDED.this_year_live_capacity_mcm, this_year_live_storage_percent = EXCLUDED.this_year_live_storage_percent, this_year_level_observed_date = EXCLUDED.this_year_level_observed_date, this_year_is_stale = EXCLUDED.this_year_is_stale, gate_count_open = EXCLUDED.gate_count_open, gate_discharge_cumec = EXCLUDED.gate_discharge_cumec, last_year_level_m = EXCLUDED.last_year_level_m, last_year_live_capacity_mcm = EXCLUDED.last_year_live_capacity_mcm, last_year_live_storage_percent = EXCLUDED.last_year_live_storage_percent, source_url = EXCLUDED.source_url, raw = EXCLUDED.raw, fetched_at = now();
INSERT INTO dams (dam_id, dam_name, state, district, river_basin, owner_agency, status, risk_class, safety_score, source_registry, source_record_id, source_publication_year, source_url, updated_at) VALUES ('MPWRD-10204', 'Harsi Dam', 'Madhya Pradesh', 'Gwalior', 'Chief Engineer Yamuna Basin, Gwalior', 'Madhya Pradesh Water Resources Department', 'operational'::dam_status, 'low'::risk_class, 92.00, 'MPWRD', '10204', 2026, 'https://eims1.mpwrd.gov.in/fcmreport/control/main', now()) ON CONFLICT (dam_id) DO UPDATE SET dam_name = EXCLUDED.dam_name, state = EXCLUDED.state, district = EXCLUDED.district, river_basin = EXCLUDED.river_basin, owner_agency = EXCLUDED.owner_agency, status = EXCLUDED.status, risk_class = EXCLUDED.risk_class, safety_score = EXCLUDED.safety_score, source_registry = EXCLUDED.source_registry, source_record_id = EXCLUDED.source_record_id, source_publication_year = EXCLUDED.source_publication_year, source_url = EXCLUDED.source_url, updated_at = now();
INSERT INTO dam_reservoir (dam_id, reservoir_name, live_storage_mcm, current_storage_mcm, frl_m, updated_at) VALUES ('MPWRD-10204', 'Harsi Dam', 192.67, 178.33, 264.93, now()) ON CONFLICT (dam_id) DO UPDATE SET reservoir_name = EXCLUDED.reservoir_name, live_storage_mcm = EXCLUDED.live_storage_mcm, current_storage_mcm = EXCLUDED.current_storage_mcm, frl_m = EXCLUDED.frl_m, updated_at = now();
INSERT INTO dam_engineering (dam_id, instrumentation, updated_at) VALUES ('MPWRD-10204', '{"basin_office": "Chief Engineer Yamuna Basin, Gwalior", "gate_count_open": null, "gate_discharge_cumec": null, "last_year_level_m": null, "last_year_live_capacity_mcm": null, "last_year_live_storage_percent": null, "mpwrd_reservoir_code": "10204", "reading_time": "08:00:00", "this_year_is_stale": true, "this_year_level_observed_date": "2025-09-25"}'::jsonb, now()) ON CONFLICT (dam_id) DO UPDATE SET instrumentation = EXCLUDED.instrumentation, updated_at = now();
INSERT INTO mpwrd_reservoir_levels (source_registry, report_date, reservoir_code, dam_id, basin_office, reservoir_name, reading_time, district, frl_m, live_capacity_at_frl_mcm, this_year_level_m, this_year_live_capacity_mcm, this_year_live_storage_percent, this_year_level_observed_date, this_year_is_stale, gate_count_open, gate_discharge_cumec, last_year_level_m, last_year_live_capacity_mcm, last_year_live_storage_percent, source_url, raw, fetched_at) VALUES ('MPWRD', '2026-05-25', '10204', 'MPWRD-10204', 'Chief Engineer Yamuna Basin, Gwalior', 'Harsi Dam', '08:00:00', 'Gwalior', 264.93, 192.67, 264.34, 178.33, 92, '2025-09-25', TRUE, NULL, NULL, NULL, NULL, NULL, 'https://eims1.mpwrd.gov.in/fcmreport/control/main', '{"district": "Gwalior", "frl_m": "264.93", "gate_count_open": "", "gate_discharge_cumec": "", "last_year_level_m": "", "last_year_live_capacity_mcm": "", "last_year_live_storage_percent": "", "live_capacity_at_frl_mcm": "192.67", "reservoir": "Harsi Dam [10204]", "serial": "265.", "this_year_level_m": "264.34*", "this_year_live_capacity_mcm": "178.33", "this_year_live_storage_percent": "92", "time": "08:00:00"}'::jsonb, now()) ON CONFLICT (source_registry, report_date, reservoir_code) DO UPDATE SET dam_id = EXCLUDED.dam_id, basin_office = EXCLUDED.basin_office, reservoir_name = EXCLUDED.reservoir_name, reading_time = EXCLUDED.reading_time, district = EXCLUDED.district, frl_m = EXCLUDED.frl_m, live_capacity_at_frl_mcm = EXCLUDED.live_capacity_at_frl_mcm, this_year_level_m = EXCLUDED.this_year_level_m, this_year_live_capacity_mcm = EXCLUDED.this_year_live_capacity_mcm, this_year_live_storage_percent = EXCLUDED.this_year_live_storage_percent, this_year_level_observed_date = EXCLUDED.this_year_level_observed_date, this_year_is_stale = EXCLUDED.this_year_is_stale, gate_count_open = EXCLUDED.gate_count_open, gate_discharge_cumec = EXCLUDED.gate_discharge_cumec, last_year_level_m = EXCLUDED.last_year_level_m, last_year_live_capacity_mcm = EXCLUDED.last_year_live_capacity_mcm, last_year_live_storage_percent = EXCLUDED.last_year_live_storage_percent, source_url = EXCLUDED.source_url, raw = EXCLUDED.raw, fetched_at = now();
INSERT INTO dams (dam_id, dam_name, state, district, river_basin, owner_agency, status, risk_class, safety_score, source_registry, source_record_id, source_publication_year, source_url, updated_at) VALUES ('MPWRD-23610', 'Jakha Simariya Tank', 'Madhya Pradesh', 'Gwalior', 'Chief Engineer Yamuna Basin, Gwalior', 'Madhya Pradesh Water Resources Department', 'operational'::dam_status, 'low'::risk_class, 100.00, 'MPWRD', '23610', 2026, 'https://eims1.mpwrd.gov.in/fcmreport/control/main', now()) ON CONFLICT (dam_id) DO UPDATE SET dam_name = EXCLUDED.dam_name, state = EXCLUDED.state, district = EXCLUDED.district, river_basin = EXCLUDED.river_basin, owner_agency = EXCLUDED.owner_agency, status = EXCLUDED.status, risk_class = EXCLUDED.risk_class, safety_score = EXCLUDED.safety_score, source_registry = EXCLUDED.source_registry, source_record_id = EXCLUDED.source_record_id, source_publication_year = EXCLUDED.source_publication_year, source_url = EXCLUDED.source_url, updated_at = now();
INSERT INTO dam_reservoir (dam_id, reservoir_name, live_storage_mcm, current_storage_mcm, frl_m, updated_at) VALUES ('MPWRD-23610', 'Jakha Simariya Tank', 4.31, 4.31, 266.85, now()) ON CONFLICT (dam_id) DO UPDATE SET reservoir_name = EXCLUDED.reservoir_name, live_storage_mcm = EXCLUDED.live_storage_mcm, current_storage_mcm = EXCLUDED.current_storage_mcm, frl_m = EXCLUDED.frl_m, updated_at = now();
INSERT INTO dam_engineering (dam_id, instrumentation, updated_at) VALUES ('MPWRD-23610', '{"basin_office": "Chief Engineer Yamuna Basin, Gwalior", "gate_count_open": null, "gate_discharge_cumec": null, "last_year_level_m": null, "last_year_live_capacity_mcm": null, "last_year_live_storage_percent": null, "mpwrd_reservoir_code": "23610", "reading_time": "08:00:00", "this_year_is_stale": true, "this_year_level_observed_date": "2025-09-24"}'::jsonb, now()) ON CONFLICT (dam_id) DO UPDATE SET instrumentation = EXCLUDED.instrumentation, updated_at = now();
INSERT INTO mpwrd_reservoir_levels (source_registry, report_date, reservoir_code, dam_id, basin_office, reservoir_name, reading_time, district, frl_m, live_capacity_at_frl_mcm, this_year_level_m, this_year_live_capacity_mcm, this_year_live_storage_percent, this_year_level_observed_date, this_year_is_stale, gate_count_open, gate_discharge_cumec, last_year_level_m, last_year_live_capacity_mcm, last_year_live_storage_percent, source_url, raw, fetched_at) VALUES ('MPWRD', '2026-05-25', '23610', 'MPWRD-23610', 'Chief Engineer Yamuna Basin, Gwalior', 'Jakha Simariya Tank', '08:00:00', 'Gwalior', 266.85, 4.31, 266.85, 4.31, 100, '2025-09-24', TRUE, NULL, NULL, NULL, NULL, NULL, 'https://eims1.mpwrd.gov.in/fcmreport/control/main', '{"district": "Gwalior", "frl_m": "266.85", "gate_count_open": "", "gate_discharge_cumec": "", "last_year_level_m": "", "last_year_live_capacity_mcm": "", "last_year_live_storage_percent": "", "live_capacity_at_frl_mcm": "4.31", "reservoir": "Jakha Simariya Tank [23610]", "serial": "266.", "this_year_level_m": "266.85 *", "this_year_live_capacity_mcm": "4.31", "this_year_live_storage_percent": "100", "time": "08:00:00"}'::jsonb, now()) ON CONFLICT (source_registry, report_date, reservoir_code) DO UPDATE SET dam_id = EXCLUDED.dam_id, basin_office = EXCLUDED.basin_office, reservoir_name = EXCLUDED.reservoir_name, reading_time = EXCLUDED.reading_time, district = EXCLUDED.district, frl_m = EXCLUDED.frl_m, live_capacity_at_frl_mcm = EXCLUDED.live_capacity_at_frl_mcm, this_year_level_m = EXCLUDED.this_year_level_m, this_year_live_capacity_mcm = EXCLUDED.this_year_live_capacity_mcm, this_year_live_storage_percent = EXCLUDED.this_year_live_storage_percent, this_year_level_observed_date = EXCLUDED.this_year_level_observed_date, this_year_is_stale = EXCLUDED.this_year_is_stale, gate_count_open = EXCLUDED.gate_count_open, gate_discharge_cumec = EXCLUDED.gate_discharge_cumec, last_year_level_m = EXCLUDED.last_year_level_m, last_year_live_capacity_mcm = EXCLUDED.last_year_live_capacity_mcm, last_year_live_storage_percent = EXCLUDED.last_year_live_storage_percent, source_url = EXCLUDED.source_url, raw = EXCLUDED.raw, fetched_at = now();
INSERT INTO dams (dam_id, dam_name, state, district, river_basin, owner_agency, status, risk_class, safety_score, source_registry, source_record_id, source_publication_year, source_url, updated_at) VALUES ('MPWRD-10203', 'Kaketo Dam', 'Madhya Pradesh', 'Gwalior', 'Chief Engineer Yamuna Basin, Gwalior', 'Madhya Pradesh Water Resources Department', 'operational'::dam_status, 'low'::risk_class, 92.00, 'MPWRD', '10203', 2026, 'https://eims1.mpwrd.gov.in/fcmreport/control/main', now()) ON CONFLICT (dam_id) DO UPDATE SET dam_name = EXCLUDED.dam_name, state = EXCLUDED.state, district = EXCLUDED.district, river_basin = EXCLUDED.river_basin, owner_agency = EXCLUDED.owner_agency, status = EXCLUDED.status, risk_class = EXCLUDED.risk_class, safety_score = EXCLUDED.safety_score, source_registry = EXCLUDED.source_registry, source_record_id = EXCLUDED.source_record_id, source_publication_year = EXCLUDED.source_publication_year, source_url = EXCLUDED.source_url, updated_at = now();
INSERT INTO dam_reservoir (dam_id, reservoir_name, live_storage_mcm, current_storage_mcm, frl_m, updated_at) VALUES ('MPWRD-10203', 'Kaketo Dam', 79.12, 72.86, 342.74, now()) ON CONFLICT (dam_id) DO UPDATE SET reservoir_name = EXCLUDED.reservoir_name, live_storage_mcm = EXCLUDED.live_storage_mcm, current_storage_mcm = EXCLUDED.current_storage_mcm, frl_m = EXCLUDED.frl_m, updated_at = now();
INSERT INTO dam_engineering (dam_id, instrumentation, updated_at) VALUES ('MPWRD-10203', '{"basin_office": "Chief Engineer Yamuna Basin, Gwalior", "gate_count_open": null, "gate_discharge_cumec": null, "last_year_level_m": null, "last_year_live_capacity_mcm": null, "last_year_live_storage_percent": null, "mpwrd_reservoir_code": "10203", "reading_time": "08:00:00", "this_year_is_stale": true, "this_year_level_observed_date": "2025-09-25"}'::jsonb, now()) ON CONFLICT (dam_id) DO UPDATE SET instrumentation = EXCLUDED.instrumentation, updated_at = now();
INSERT INTO mpwrd_reservoir_levels (source_registry, report_date, reservoir_code, dam_id, basin_office, reservoir_name, reading_time, district, frl_m, live_capacity_at_frl_mcm, this_year_level_m, this_year_live_capacity_mcm, this_year_live_storage_percent, this_year_level_observed_date, this_year_is_stale, gate_count_open, gate_discharge_cumec, last_year_level_m, last_year_live_capacity_mcm, last_year_live_storage_percent, source_url, raw, fetched_at) VALUES ('MPWRD', '2026-05-25', '10203', 'MPWRD-10203', 'Chief Engineer Yamuna Basin, Gwalior', 'Kaketo Dam', '08:00:00', 'Gwalior', 342.74, 79.12, 342.00, 72.86, 92, '2025-09-25', TRUE, NULL, NULL, NULL, NULL, NULL, 'https://eims1.mpwrd.gov.in/fcmreport/control/main', '{"district": "Gwalior", "frl_m": "342.74", "gate_count_open": "", "gate_discharge_cumec": "", "last_year_level_m": "", "last_year_live_capacity_mcm": "", "last_year_live_storage_percent": "", "live_capacity_at_frl_mcm": "79.12", "reservoir": "Kaketo Dam [10203]", "serial": "267.", "this_year_level_m": "342.00*", "this_year_live_capacity_mcm": "72.86", "this_year_live_storage_percent": "92", "time": "08:00:00"}'::jsonb, now()) ON CONFLICT (source_registry, report_date, reservoir_code) DO UPDATE SET dam_id = EXCLUDED.dam_id, basin_office = EXCLUDED.basin_office, reservoir_name = EXCLUDED.reservoir_name, reading_time = EXCLUDED.reading_time, district = EXCLUDED.district, frl_m = EXCLUDED.frl_m, live_capacity_at_frl_mcm = EXCLUDED.live_capacity_at_frl_mcm, this_year_level_m = EXCLUDED.this_year_level_m, this_year_live_capacity_mcm = EXCLUDED.this_year_live_capacity_mcm, this_year_live_storage_percent = EXCLUDED.this_year_live_storage_percent, this_year_level_observed_date = EXCLUDED.this_year_level_observed_date, this_year_is_stale = EXCLUDED.this_year_is_stale, gate_count_open = EXCLUDED.gate_count_open, gate_discharge_cumec = EXCLUDED.gate_discharge_cumec, last_year_level_m = EXCLUDED.last_year_level_m, last_year_live_capacity_mcm = EXCLUDED.last_year_live_capacity_mcm, last_year_live_storage_percent = EXCLUDED.last_year_live_storage_percent, source_url = EXCLUDED.source_url, raw = EXCLUDED.raw, fetched_at = now();
INSERT INTO dams (dam_id, dam_name, state, district, river_basin, owner_agency, status, risk_class, safety_score, source_registry, source_record_id, source_publication_year, source_url, updated_at) VALUES ('MPWRD-10178', 'Kotwal Tank', 'Madhya Pradesh', 'Morena', 'Chief Engineer Yamuna Basin, Gwalior', 'Madhya Pradesh Water Resources Department', 'operational'::dam_status, 'low'::risk_class, 100.00, 'MPWRD', '10178', 2026, 'https://eims1.mpwrd.gov.in/fcmreport/control/main', now()) ON CONFLICT (dam_id) DO UPDATE SET dam_name = EXCLUDED.dam_name, state = EXCLUDED.state, district = EXCLUDED.district, river_basin = EXCLUDED.river_basin, owner_agency = EXCLUDED.owner_agency, status = EXCLUDED.status, risk_class = EXCLUDED.risk_class, safety_score = EXCLUDED.safety_score, source_registry = EXCLUDED.source_registry, source_record_id = EXCLUDED.source_record_id, source_publication_year = EXCLUDED.source_publication_year, source_url = EXCLUDED.source_url, updated_at = now();
INSERT INTO dam_reservoir (dam_id, reservoir_name, live_storage_mcm, current_storage_mcm, frl_m, updated_at) VALUES ('MPWRD-10178', 'Kotwal Tank', 57.45, 57.62, 168.39, now()) ON CONFLICT (dam_id) DO UPDATE SET reservoir_name = EXCLUDED.reservoir_name, live_storage_mcm = EXCLUDED.live_storage_mcm, current_storage_mcm = EXCLUDED.current_storage_mcm, frl_m = EXCLUDED.frl_m, updated_at = now();
INSERT INTO dam_engineering (dam_id, instrumentation, updated_at) VALUES ('MPWRD-10178', '{"basin_office": "Chief Engineer Yamuna Basin, Gwalior", "gate_count_open": null, "gate_discharge_cumec": null, "last_year_level_m": null, "last_year_live_capacity_mcm": null, "last_year_live_storage_percent": null, "mpwrd_reservoir_code": "10178", "reading_time": "08:00:00", "this_year_is_stale": true, "this_year_level_observed_date": "2025-09-25"}'::jsonb, now()) ON CONFLICT (dam_id) DO UPDATE SET instrumentation = EXCLUDED.instrumentation, updated_at = now();
INSERT INTO mpwrd_reservoir_levels (source_registry, report_date, reservoir_code, dam_id, basin_office, reservoir_name, reading_time, district, frl_m, live_capacity_at_frl_mcm, this_year_level_m, this_year_live_capacity_mcm, this_year_live_storage_percent, this_year_level_observed_date, this_year_is_stale, gate_count_open, gate_discharge_cumec, last_year_level_m, last_year_live_capacity_mcm, last_year_live_storage_percent, source_url, raw, fetched_at) VALUES ('MPWRD', '2026-05-25', '10178', 'MPWRD-10178', 'Chief Engineer Yamuna Basin, Gwalior', 'Kotwal Tank', '08:00:00', 'Morena', 168.39, 57.45, 168.39, 57.62, 100, '2025-09-25', TRUE, NULL, NULL, NULL, NULL, NULL, 'https://eims1.mpwrd.gov.in/fcmreport/control/main', '{"district": "Morena", "frl_m": "168.39", "gate_count_open": "", "gate_discharge_cumec": "", "last_year_level_m": "", "last_year_live_capacity_mcm": "", "last_year_live_storage_percent": "", "live_capacity_at_frl_mcm": "57.45", "reservoir": "Kotwal Tank [10178]", "serial": "268.", "this_year_level_m": "168.39 *", "this_year_live_capacity_mcm": "57.62", "this_year_live_storage_percent": "100", "time": "08:00:00"}'::jsonb, now()) ON CONFLICT (source_registry, report_date, reservoir_code) DO UPDATE SET dam_id = EXCLUDED.dam_id, basin_office = EXCLUDED.basin_office, reservoir_name = EXCLUDED.reservoir_name, reading_time = EXCLUDED.reading_time, district = EXCLUDED.district, frl_m = EXCLUDED.frl_m, live_capacity_at_frl_mcm = EXCLUDED.live_capacity_at_frl_mcm, this_year_level_m = EXCLUDED.this_year_level_m, this_year_live_capacity_mcm = EXCLUDED.this_year_live_capacity_mcm, this_year_live_storage_percent = EXCLUDED.this_year_live_storage_percent, this_year_level_observed_date = EXCLUDED.this_year_level_observed_date, this_year_is_stale = EXCLUDED.this_year_is_stale, gate_count_open = EXCLUDED.gate_count_open, gate_discharge_cumec = EXCLUDED.gate_discharge_cumec, last_year_level_m = EXCLUDED.last_year_level_m, last_year_live_capacity_mcm = EXCLUDED.last_year_live_capacity_mcm, last_year_live_storage_percent = EXCLUDED.last_year_live_storage_percent, source_url = EXCLUDED.source_url, raw = EXCLUDED.raw, fetched_at = now();
INSERT INTO dams (dam_id, dam_name, state, district, river_basin, owner_agency, status, risk_class, safety_score, source_registry, source_record_id, source_publication_year, source_url, updated_at) VALUES ('MPWRD-10202', 'Madhar Tank', 'Madhya Pradesh', 'Shivpuri', 'Chief Engineer Yamuna Basin, Gwalior', 'Madhya Pradesh Water Resources Department', 'operational'::dam_status, 'low'::risk_class, 100.00, 'MPWRD', '10202', 2026, 'https://eims1.mpwrd.gov.in/fcmreport/control/main', now()) ON CONFLICT (dam_id) DO UPDATE SET dam_name = EXCLUDED.dam_name, state = EXCLUDED.state, district = EXCLUDED.district, river_basin = EXCLUDED.river_basin, owner_agency = EXCLUDED.owner_agency, status = EXCLUDED.status, risk_class = EXCLUDED.risk_class, safety_score = EXCLUDED.safety_score, source_registry = EXCLUDED.source_registry, source_record_id = EXCLUDED.source_record_id, source_publication_year = EXCLUDED.source_publication_year, source_url = EXCLUDED.source_url, updated_at = now();
INSERT INTO dam_reservoir (dam_id, reservoir_name, live_storage_mcm, current_storage_mcm, frl_m, updated_at) VALUES ('MPWRD-10202', 'Madhar Tank', 8.78, 9.05, 160.85, now()) ON CONFLICT (dam_id) DO UPDATE SET reservoir_name = EXCLUDED.reservoir_name, live_storage_mcm = EXCLUDED.live_storage_mcm, current_storage_mcm = EXCLUDED.current_storage_mcm, frl_m = EXCLUDED.frl_m, updated_at = now();
INSERT INTO dam_engineering (dam_id, instrumentation, updated_at) VALUES ('MPWRD-10202', '{"basin_office": "Chief Engineer Yamuna Basin, Gwalior", "gate_count_open": null, "gate_discharge_cumec": null, "last_year_level_m": null, "last_year_live_capacity_mcm": null, "last_year_live_storage_percent": null, "mpwrd_reservoir_code": "10202", "reading_time": "08:00:00", "this_year_is_stale": true, "this_year_level_observed_date": "2025-07-14"}'::jsonb, now()) ON CONFLICT (dam_id) DO UPDATE SET instrumentation = EXCLUDED.instrumentation, updated_at = now();
INSERT INTO mpwrd_reservoir_levels (source_registry, report_date, reservoir_code, dam_id, basin_office, reservoir_name, reading_time, district, frl_m, live_capacity_at_frl_mcm, this_year_level_m, this_year_live_capacity_mcm, this_year_live_storage_percent, this_year_level_observed_date, this_year_is_stale, gate_count_open, gate_discharge_cumec, last_year_level_m, last_year_live_capacity_mcm, last_year_live_storage_percent, source_url, raw, fetched_at) VALUES ('MPWRD', '2026-05-25', '10202', 'MPWRD-10202', 'Chief Engineer Yamuna Basin, Gwalior', 'Madhar Tank', '08:00:00', 'Shivpuri', 160.85, 8.78, 161.00, 9.05, 100, '2025-07-14', TRUE, NULL, NULL, NULL, NULL, NULL, 'https://eims1.mpwrd.gov.in/fcmreport/control/main', '{"district": "Shivpuri", "frl_m": "160.85", "gate_count_open": "", "gate_discharge_cumec": "", "last_year_level_m": "", "last_year_live_capacity_mcm": "", "last_year_live_storage_percent": "", "live_capacity_at_frl_mcm": "8.78", "reservoir": "Madhar Tank [10202]", "serial": "269.", "this_year_level_m": "161.00 *", "this_year_live_capacity_mcm": "9.05", "this_year_live_storage_percent": "100", "time": "08:00:00"}'::jsonb, now()) ON CONFLICT (source_registry, report_date, reservoir_code) DO UPDATE SET dam_id = EXCLUDED.dam_id, basin_office = EXCLUDED.basin_office, reservoir_name = EXCLUDED.reservoir_name, reading_time = EXCLUDED.reading_time, district = EXCLUDED.district, frl_m = EXCLUDED.frl_m, live_capacity_at_frl_mcm = EXCLUDED.live_capacity_at_frl_mcm, this_year_level_m = EXCLUDED.this_year_level_m, this_year_live_capacity_mcm = EXCLUDED.this_year_live_capacity_mcm, this_year_live_storage_percent = EXCLUDED.this_year_live_storage_percent, this_year_level_observed_date = EXCLUDED.this_year_level_observed_date, this_year_is_stale = EXCLUDED.this_year_is_stale, gate_count_open = EXCLUDED.gate_count_open, gate_discharge_cumec = EXCLUDED.gate_discharge_cumec, last_year_level_m = EXCLUDED.last_year_level_m, last_year_live_capacity_mcm = EXCLUDED.last_year_live_capacity_mcm, last_year_live_storage_percent = EXCLUDED.last_year_live_storage_percent, source_url = EXCLUDED.source_url, raw = EXCLUDED.raw, fetched_at = now();
INSERT INTO dams (dam_id, dam_name, state, district, river_basin, owner_agency, status, risk_class, safety_score, source_registry, source_record_id, source_publication_year, source_url, updated_at) VALUES ('MPWRD-20771', 'Mahuar Dam', 'Madhya Pradesh', 'Shivpuri', 'Chief Engineer Yamuna Basin, Gwalior', 'Madhya Pradesh Water Resources Department', 'operational'::dam_status, 'low'::risk_class, 100.00, 'MPWRD', '20771', 2026, 'https://eims1.mpwrd.gov.in/fcmreport/control/main', now()) ON CONFLICT (dam_id) DO UPDATE SET dam_name = EXCLUDED.dam_name, state = EXCLUDED.state, district = EXCLUDED.district, river_basin = EXCLUDED.river_basin, owner_agency = EXCLUDED.owner_agency, status = EXCLUDED.status, risk_class = EXCLUDED.risk_class, safety_score = EXCLUDED.safety_score, source_registry = EXCLUDED.source_registry, source_record_id = EXCLUDED.source_record_id, source_publication_year = EXCLUDED.source_publication_year, source_url = EXCLUDED.source_url, updated_at = now();
INSERT INTO dam_reservoir (dam_id, reservoir_name, live_storage_mcm, current_storage_mcm, frl_m, updated_at) VALUES ('MPWRD-20771', 'Mahuar Dam', 65.03, 65.03, 331.00, now()) ON CONFLICT (dam_id) DO UPDATE SET reservoir_name = EXCLUDED.reservoir_name, live_storage_mcm = EXCLUDED.live_storage_mcm, current_storage_mcm = EXCLUDED.current_storage_mcm, frl_m = EXCLUDED.frl_m, updated_at = now();
INSERT INTO dam_engineering (dam_id, instrumentation, updated_at) VALUES ('MPWRD-20771', '{"basin_office": "Chief Engineer Yamuna Basin, Gwalior", "gate_count_open": null, "gate_discharge_cumec": null, "last_year_level_m": null, "last_year_live_capacity_mcm": null, "last_year_live_storage_percent": null, "mpwrd_reservoir_code": "20771", "reading_time": "08:00:00", "this_year_is_stale": true, "this_year_level_observed_date": "2025-09-25"}'::jsonb, now()) ON CONFLICT (dam_id) DO UPDATE SET instrumentation = EXCLUDED.instrumentation, updated_at = now();
INSERT INTO mpwrd_reservoir_levels (source_registry, report_date, reservoir_code, dam_id, basin_office, reservoir_name, reading_time, district, frl_m, live_capacity_at_frl_mcm, this_year_level_m, this_year_live_capacity_mcm, this_year_live_storage_percent, this_year_level_observed_date, this_year_is_stale, gate_count_open, gate_discharge_cumec, last_year_level_m, last_year_live_capacity_mcm, last_year_live_storage_percent, source_url, raw, fetched_at) VALUES ('MPWRD', '2026-05-25', '20771', 'MPWRD-20771', 'Chief Engineer Yamuna Basin, Gwalior', 'Mahuar Dam', '08:00:00', 'Shivpuri', 331.00, 65.03, 331.00, 65.03, 100, '2025-09-25', TRUE, NULL, NULL, NULL, NULL, NULL, 'https://eims1.mpwrd.gov.in/fcmreport/control/main', '{"district": "Shivpuri", "frl_m": "331.00", "gate_count_open": "", "gate_discharge_cumec": "", "last_year_level_m": "", "last_year_live_capacity_mcm": "", "last_year_live_storage_percent": "", "live_capacity_at_frl_mcm": "65.03", "reservoir": "Mahuar Dam [20771]", "serial": "270.", "this_year_level_m": "331.00 *", "this_year_live_capacity_mcm": "65.03", "this_year_live_storage_percent": "100", "time": "08:00:00"}'::jsonb, now()) ON CONFLICT (source_registry, report_date, reservoir_code) DO UPDATE SET dam_id = EXCLUDED.dam_id, basin_office = EXCLUDED.basin_office, reservoir_name = EXCLUDED.reservoir_name, reading_time = EXCLUDED.reading_time, district = EXCLUDED.district, frl_m = EXCLUDED.frl_m, live_capacity_at_frl_mcm = EXCLUDED.live_capacity_at_frl_mcm, this_year_level_m = EXCLUDED.this_year_level_m, this_year_live_capacity_mcm = EXCLUDED.this_year_live_capacity_mcm, this_year_live_storage_percent = EXCLUDED.this_year_live_storage_percent, this_year_level_observed_date = EXCLUDED.this_year_level_observed_date, this_year_is_stale = EXCLUDED.this_year_is_stale, gate_count_open = EXCLUDED.gate_count_open, gate_discharge_cumec = EXCLUDED.gate_discharge_cumec, last_year_level_m = EXCLUDED.last_year_level_m, last_year_live_capacity_mcm = EXCLUDED.last_year_live_capacity_mcm, last_year_live_storage_percent = EXCLUDED.last_year_live_storage_percent, source_url = EXCLUDED.source_url, raw = EXCLUDED.raw, fetched_at = now();
INSERT INTO dams (dam_id, dam_name, state, district, river_basin, owner_agency, status, risk_class, safety_score, source_registry, source_record_id, source_publication_year, source_url, updated_at) VALUES ('MPWRD-26820', 'Moonjwar Tank', 'Madhya Pradesh', 'Shivpuri', 'Chief Engineer Yamuna Basin, Gwalior', 'Madhya Pradesh Water Resources Department', 'operational'::dam_status, 'moderate'::risk_class, 70.00, 'MPWRD', '26820', 2026, 'https://eims1.mpwrd.gov.in/fcmreport/control/main', now()) ON CONFLICT (dam_id) DO UPDATE SET dam_name = EXCLUDED.dam_name, state = EXCLUDED.state, district = EXCLUDED.district, river_basin = EXCLUDED.river_basin, owner_agency = EXCLUDED.owner_agency, status = EXCLUDED.status, risk_class = EXCLUDED.risk_class, safety_score = EXCLUDED.safety_score, source_registry = EXCLUDED.source_registry, source_record_id = EXCLUDED.source_record_id, source_publication_year = EXCLUDED.source_publication_year, source_url = EXCLUDED.source_url, updated_at = now();
INSERT INTO dam_reservoir (dam_id, reservoir_name, live_storage_mcm, current_storage_mcm, frl_m, updated_at) VALUES ('MPWRD-26820', 'Moonjwar Tank', 5.64, 0.00, 161.23, now()) ON CONFLICT (dam_id) DO UPDATE SET reservoir_name = EXCLUDED.reservoir_name, live_storage_mcm = EXCLUDED.live_storage_mcm, current_storage_mcm = EXCLUDED.current_storage_mcm, frl_m = EXCLUDED.frl_m, updated_at = now();
INSERT INTO dam_engineering (dam_id, instrumentation, updated_at) VALUES ('MPWRD-26820', '{"basin_office": "Chief Engineer Yamuna Basin, Gwalior", "gate_count_open": null, "gate_discharge_cumec": null, "last_year_level_m": null, "last_year_live_capacity_mcm": null, "last_year_live_storage_percent": null, "mpwrd_reservoir_code": "26820", "reading_time": "08:00:00", "this_year_is_stale": true, "this_year_level_observed_date": "2025-06-05"}'::jsonb, now()) ON CONFLICT (dam_id) DO UPDATE SET instrumentation = EXCLUDED.instrumentation, updated_at = now();
INSERT INTO mpwrd_reservoir_levels (source_registry, report_date, reservoir_code, dam_id, basin_office, reservoir_name, reading_time, district, frl_m, live_capacity_at_frl_mcm, this_year_level_m, this_year_live_capacity_mcm, this_year_live_storage_percent, this_year_level_observed_date, this_year_is_stale, gate_count_open, gate_discharge_cumec, last_year_level_m, last_year_live_capacity_mcm, last_year_live_storage_percent, source_url, raw, fetched_at) VALUES ('MPWRD', '2026-05-25', '26820', 'MPWRD-26820', 'Chief Engineer Yamuna Basin, Gwalior', 'Moonjwar Tank', '08:00:00', 'Shivpuri', 161.23, 5.64, 154.83, 0.00, NULL, '2025-06-05', TRUE, NULL, NULL, NULL, NULL, NULL, 'https://eims1.mpwrd.gov.in/fcmreport/control/main', '{"district": "Shivpuri", "frl_m": "161.23", "gate_count_open": "", "gate_discharge_cumec": "", "last_year_level_m": "", "last_year_live_capacity_mcm": "", "last_year_live_storage_percent": "", "live_capacity_at_frl_mcm": "5.64", "reservoir": "Moonjwar Tank [26820]", "serial": "271.", "this_year_level_m": "154.83*", "this_year_live_capacity_mcm": "0.00", "this_year_live_storage_percent": "", "time": "08:00:00"}'::jsonb, now()) ON CONFLICT (source_registry, report_date, reservoir_code) DO UPDATE SET dam_id = EXCLUDED.dam_id, basin_office = EXCLUDED.basin_office, reservoir_name = EXCLUDED.reservoir_name, reading_time = EXCLUDED.reading_time, district = EXCLUDED.district, frl_m = EXCLUDED.frl_m, live_capacity_at_frl_mcm = EXCLUDED.live_capacity_at_frl_mcm, this_year_level_m = EXCLUDED.this_year_level_m, this_year_live_capacity_mcm = EXCLUDED.this_year_live_capacity_mcm, this_year_live_storage_percent = EXCLUDED.this_year_live_storage_percent, this_year_level_observed_date = EXCLUDED.this_year_level_observed_date, this_year_is_stale = EXCLUDED.this_year_is_stale, gate_count_open = EXCLUDED.gate_count_open, gate_discharge_cumec = EXCLUDED.gate_discharge_cumec, last_year_level_m = EXCLUDED.last_year_level_m, last_year_live_capacity_mcm = EXCLUDED.last_year_live_capacity_mcm, last_year_live_storage_percent = EXCLUDED.last_year_live_storage_percent, source_url = EXCLUDED.source_url, raw = EXCLUDED.raw, fetched_at = now();
INSERT INTO dams (dam_id, dam_name, state, district, river_basin, owner_agency, status, risk_class, safety_score, source_registry, source_record_id, source_publication_year, source_url, updated_at) VALUES ('MPWRD-23583', 'Nagda Tank', 'Madhya Pradesh', 'Shivpuri', 'Chief Engineer Yamuna Basin, Gwalior', 'Madhya Pradesh Water Resources Department', 'operational'::dam_status, 'low'::risk_class, 100.00, 'MPWRD', '23583', 2026, 'https://eims1.mpwrd.gov.in/fcmreport/control/main', now()) ON CONFLICT (dam_id) DO UPDATE SET dam_name = EXCLUDED.dam_name, state = EXCLUDED.state, district = EXCLUDED.district, river_basin = EXCLUDED.river_basin, owner_agency = EXCLUDED.owner_agency, status = EXCLUDED.status, risk_class = EXCLUDED.risk_class, safety_score = EXCLUDED.safety_score, source_registry = EXCLUDED.source_registry, source_record_id = EXCLUDED.source_record_id, source_publication_year = EXCLUDED.source_publication_year, source_url = EXCLUDED.source_url, updated_at = now();
INSERT INTO dam_reservoir (dam_id, reservoir_name, live_storage_mcm, current_storage_mcm, frl_m, updated_at) VALUES ('MPWRD-23583', 'Nagda Tank', 12.23, 12.94, 70.25, now()) ON CONFLICT (dam_id) DO UPDATE SET reservoir_name = EXCLUDED.reservoir_name, live_storage_mcm = EXCLUDED.live_storage_mcm, current_storage_mcm = EXCLUDED.current_storage_mcm, frl_m = EXCLUDED.frl_m, updated_at = now();
INSERT INTO dam_engineering (dam_id, instrumentation, updated_at) VALUES ('MPWRD-23583', '{"basin_office": "Chief Engineer Yamuna Basin, Gwalior", "gate_count_open": null, "gate_discharge_cumec": null, "last_year_level_m": null, "last_year_live_capacity_mcm": null, "last_year_live_storage_percent": null, "mpwrd_reservoir_code": "23583", "reading_time": "08:00:00", "this_year_is_stale": true, "this_year_level_observed_date": "2025-08-21"}'::jsonb, now()) ON CONFLICT (dam_id) DO UPDATE SET instrumentation = EXCLUDED.instrumentation, updated_at = now();
INSERT INTO mpwrd_reservoir_levels (source_registry, report_date, reservoir_code, dam_id, basin_office, reservoir_name, reading_time, district, frl_m, live_capacity_at_frl_mcm, this_year_level_m, this_year_live_capacity_mcm, this_year_live_storage_percent, this_year_level_observed_date, this_year_is_stale, gate_count_open, gate_discharge_cumec, last_year_level_m, last_year_live_capacity_mcm, last_year_live_storage_percent, source_url, raw, fetched_at) VALUES ('MPWRD', '2026-05-25', '23583', 'MPWRD-23583', 'Chief Engineer Yamuna Basin, Gwalior', 'Nagda Tank', '08:00:00', 'Shivpuri', 70.25, 12.23, 70.45, 12.94, 100, '2025-08-21', TRUE, NULL, NULL, NULL, NULL, NULL, 'https://eims1.mpwrd.gov.in/fcmreport/control/main', '{"district": "Shivpuri", "frl_m": "70.25", "gate_count_open": "", "gate_discharge_cumec": "", "last_year_level_m": "", "last_year_live_capacity_mcm": "", "last_year_live_storage_percent": "", "live_capacity_at_frl_mcm": "12.23", "reservoir": "Nagda Tank [23583]", "serial": "272.", "this_year_level_m": "70.45 *", "this_year_live_capacity_mcm": "12.94", "this_year_live_storage_percent": "100", "time": "08:00:00"}'::jsonb, now()) ON CONFLICT (source_registry, report_date, reservoir_code) DO UPDATE SET dam_id = EXCLUDED.dam_id, basin_office = EXCLUDED.basin_office, reservoir_name = EXCLUDED.reservoir_name, reading_time = EXCLUDED.reading_time, district = EXCLUDED.district, frl_m = EXCLUDED.frl_m, live_capacity_at_frl_mcm = EXCLUDED.live_capacity_at_frl_mcm, this_year_level_m = EXCLUDED.this_year_level_m, this_year_live_capacity_mcm = EXCLUDED.this_year_live_capacity_mcm, this_year_live_storage_percent = EXCLUDED.this_year_live_storage_percent, this_year_level_observed_date = EXCLUDED.this_year_level_observed_date, this_year_is_stale = EXCLUDED.this_year_is_stale, gate_count_open = EXCLUDED.gate_count_open, gate_discharge_cumec = EXCLUDED.gate_discharge_cumec, last_year_level_m = EXCLUDED.last_year_level_m, last_year_live_capacity_mcm = EXCLUDED.last_year_live_capacity_mcm, last_year_live_storage_percent = EXCLUDED.last_year_live_storage_percent, source_url = EXCLUDED.source_url, raw = EXCLUDED.raw, fetched_at = now();
INSERT INTO dams (dam_id, dam_name, state, district, river_basin, owner_agency, status, risk_class, safety_score, source_registry, source_record_id, source_publication_year, source_url, updated_at) VALUES ('MPWRD-32356', 'Pachipura Tank', 'Madhya Pradesh', 'Shivpuri', 'Chief Engineer Yamuna Basin, Gwalior', 'Madhya Pradesh Water Resources Department', 'operational'::dam_status, 'low'::risk_class, 100.00, 'MPWRD', '32356', 2026, 'https://eims1.mpwrd.gov.in/fcmreport/control/main', now()) ON CONFLICT (dam_id) DO UPDATE SET dam_name = EXCLUDED.dam_name, state = EXCLUDED.state, district = EXCLUDED.district, river_basin = EXCLUDED.river_basin, owner_agency = EXCLUDED.owner_agency, status = EXCLUDED.status, risk_class = EXCLUDED.risk_class, safety_score = EXCLUDED.safety_score, source_registry = EXCLUDED.source_registry, source_record_id = EXCLUDED.source_record_id, source_publication_year = EXCLUDED.source_publication_year, source_url = EXCLUDED.source_url, updated_at = now();
INSERT INTO dam_reservoir (dam_id, reservoir_name, live_storage_mcm, current_storage_mcm, frl_m, updated_at) VALUES ('MPWRD-32356', 'Pachipura Tank', 8.32, 8.32, 407.75, now()) ON CONFLICT (dam_id) DO UPDATE SET reservoir_name = EXCLUDED.reservoir_name, live_storage_mcm = EXCLUDED.live_storage_mcm, current_storage_mcm = EXCLUDED.current_storage_mcm, frl_m = EXCLUDED.frl_m, updated_at = now();
INSERT INTO dam_engineering (dam_id, instrumentation, updated_at) VALUES ('MPWRD-32356', '{"basin_office": "Chief Engineer Yamuna Basin, Gwalior", "gate_count_open": null, "gate_discharge_cumec": null, "last_year_level_m": null, "last_year_live_capacity_mcm": null, "last_year_live_storage_percent": null, "mpwrd_reservoir_code": "32356", "reading_time": "08:00:00", "this_year_is_stale": true, "this_year_level_observed_date": "2025-07-19"}'::jsonb, now()) ON CONFLICT (dam_id) DO UPDATE SET instrumentation = EXCLUDED.instrumentation, updated_at = now();
INSERT INTO mpwrd_reservoir_levels (source_registry, report_date, reservoir_code, dam_id, basin_office, reservoir_name, reading_time, district, frl_m, live_capacity_at_frl_mcm, this_year_level_m, this_year_live_capacity_mcm, this_year_live_storage_percent, this_year_level_observed_date, this_year_is_stale, gate_count_open, gate_discharge_cumec, last_year_level_m, last_year_live_capacity_mcm, last_year_live_storage_percent, source_url, raw, fetched_at) VALUES ('MPWRD', '2026-05-25', '32356', 'MPWRD-32356', 'Chief Engineer Yamuna Basin, Gwalior', 'Pachipura Tank', '08:00:00', 'Shivpuri', 407.75, 8.32, 407.75, 8.32, 100, '2025-07-19', TRUE, NULL, NULL, NULL, NULL, NULL, 'https://eims1.mpwrd.gov.in/fcmreport/control/main', '{"district": "Shivpuri", "frl_m": "407.75", "gate_count_open": "", "gate_discharge_cumec": "", "last_year_level_m": "", "last_year_live_capacity_mcm": "", "last_year_live_storage_percent": "", "live_capacity_at_frl_mcm": "8.32", "reservoir": "Pachipura Tank [32356]", "serial": "273.", "this_year_level_m": "407.75 *", "this_year_live_capacity_mcm": "8.32", "this_year_live_storage_percent": "100", "time": "08:00:00"}'::jsonb, now()) ON CONFLICT (source_registry, report_date, reservoir_code) DO UPDATE SET dam_id = EXCLUDED.dam_id, basin_office = EXCLUDED.basin_office, reservoir_name = EXCLUDED.reservoir_name, reading_time = EXCLUDED.reading_time, district = EXCLUDED.district, frl_m = EXCLUDED.frl_m, live_capacity_at_frl_mcm = EXCLUDED.live_capacity_at_frl_mcm, this_year_level_m = EXCLUDED.this_year_level_m, this_year_live_capacity_mcm = EXCLUDED.this_year_live_capacity_mcm, this_year_live_storage_percent = EXCLUDED.this_year_live_storage_percent, this_year_level_observed_date = EXCLUDED.this_year_level_observed_date, this_year_is_stale = EXCLUDED.this_year_is_stale, gate_count_open = EXCLUDED.gate_count_open, gate_discharge_cumec = EXCLUDED.gate_discharge_cumec, last_year_level_m = EXCLUDED.last_year_level_m, last_year_live_capacity_mcm = EXCLUDED.last_year_live_capacity_mcm, last_year_live_storage_percent = EXCLUDED.last_year_live_storage_percent, source_url = EXCLUDED.source_url, raw = EXCLUDED.raw, fetched_at = now();
INSERT INTO dams (dam_id, dam_name, state, district, river_basin, owner_agency, status, risk_class, safety_score, source_registry, source_record_id, source_publication_year, source_url, updated_at) VALUES ('MPWRD-10176', 'Pagara Tank', 'Madhya Pradesh', 'Morena', 'Chief Engineer Yamuna Basin, Gwalior', 'Madhya Pradesh Water Resources Department', 'operational'::dam_status, 'low'::risk_class, 99.00, 'MPWRD', '10176', 2026, 'https://eims1.mpwrd.gov.in/fcmreport/control/main', now()) ON CONFLICT (dam_id) DO UPDATE SET dam_name = EXCLUDED.dam_name, state = EXCLUDED.state, district = EXCLUDED.district, river_basin = EXCLUDED.river_basin, owner_agency = EXCLUDED.owner_agency, status = EXCLUDED.status, risk_class = EXCLUDED.risk_class, safety_score = EXCLUDED.safety_score, source_registry = EXCLUDED.source_registry, source_record_id = EXCLUDED.source_record_id, source_publication_year = EXCLUDED.source_publication_year, source_url = EXCLUDED.source_url, updated_at = now();
INSERT INTO dam_reservoir (dam_id, reservoir_name, live_storage_mcm, current_storage_mcm, frl_m, updated_at) VALUES ('MPWRD-10176', 'Pagara Tank', 120.54, 120.41, 199.33, now()) ON CONFLICT (dam_id) DO UPDATE SET reservoir_name = EXCLUDED.reservoir_name, live_storage_mcm = EXCLUDED.live_storage_mcm, current_storage_mcm = EXCLUDED.current_storage_mcm, frl_m = EXCLUDED.frl_m, updated_at = now();
INSERT INTO dam_engineering (dam_id, instrumentation, updated_at) VALUES ('MPWRD-10176', '{"basin_office": "Chief Engineer Yamuna Basin, Gwalior", "gate_count_open": null, "gate_discharge_cumec": null, "last_year_level_m": null, "last_year_live_capacity_mcm": null, "last_year_live_storage_percent": null, "mpwrd_reservoir_code": "10176", "reading_time": "08:00:00", "this_year_is_stale": true, "this_year_level_observed_date": "2025-09-25"}'::jsonb, now()) ON CONFLICT (dam_id) DO UPDATE SET instrumentation = EXCLUDED.instrumentation, updated_at = now();
INSERT INTO mpwrd_reservoir_levels (source_registry, report_date, reservoir_code, dam_id, basin_office, reservoir_name, reading_time, district, frl_m, live_capacity_at_frl_mcm, this_year_level_m, this_year_live_capacity_mcm, this_year_live_storage_percent, this_year_level_observed_date, this_year_is_stale, gate_count_open, gate_discharge_cumec, last_year_level_m, last_year_live_capacity_mcm, last_year_live_storage_percent, source_url, raw, fetched_at) VALUES ('MPWRD', '2026-05-25', '10176', 'MPWRD-10176', 'Chief Engineer Yamuna Basin, Gwalior', 'Pagara Tank', '08:00:00', 'Morena', 199.33, 120.54, 199.33, 120.41, 99, '2025-09-25', TRUE, NULL, NULL, NULL, NULL, NULL, 'https://eims1.mpwrd.gov.in/fcmreport/control/main', '{"district": "Morena", "frl_m": "199.33", "gate_count_open": "", "gate_discharge_cumec": "", "last_year_level_m": "", "last_year_live_capacity_mcm": "", "last_year_live_storage_percent": "", "live_capacity_at_frl_mcm": "120.54", "reservoir": "Pagara Tank [10176]", "serial": "274.", "this_year_level_m": "199.33 *", "this_year_live_capacity_mcm": "120.41", "this_year_live_storage_percent": "99", "time": "08:00:00"}'::jsonb, now()) ON CONFLICT (source_registry, report_date, reservoir_code) DO UPDATE SET dam_id = EXCLUDED.dam_id, basin_office = EXCLUDED.basin_office, reservoir_name = EXCLUDED.reservoir_name, reading_time = EXCLUDED.reading_time, district = EXCLUDED.district, frl_m = EXCLUDED.frl_m, live_capacity_at_frl_mcm = EXCLUDED.live_capacity_at_frl_mcm, this_year_level_m = EXCLUDED.this_year_level_m, this_year_live_capacity_mcm = EXCLUDED.this_year_live_capacity_mcm, this_year_live_storage_percent = EXCLUDED.this_year_live_storage_percent, this_year_level_observed_date = EXCLUDED.this_year_level_observed_date, this_year_is_stale = EXCLUDED.this_year_is_stale, gate_count_open = EXCLUDED.gate_count_open, gate_discharge_cumec = EXCLUDED.gate_discharge_cumec, last_year_level_m = EXCLUDED.last_year_level_m, last_year_live_capacity_mcm = EXCLUDED.last_year_live_capacity_mcm, last_year_live_storage_percent = EXCLUDED.last_year_live_storage_percent, source_url = EXCLUDED.source_url, raw = EXCLUDED.raw, fetched_at = now();
INSERT INTO dams (dam_id, dam_name, state, district, river_basin, owner_agency, status, risk_class, safety_score, source_registry, source_record_id, source_publication_year, source_url, updated_at) VALUES ('MPWRD-10181', 'Paronch Dam', 'Madhya Pradesh', 'Shivpuri', 'Chief Engineer Yamuna Basin, Gwalior', 'Madhya Pradesh Water Resources Department', 'operational'::dam_status, 'low'::risk_class, 100.00, 'MPWRD', '10181', 2026, 'https://eims1.mpwrd.gov.in/fcmreport/control/main', now()) ON CONFLICT (dam_id) DO UPDATE SET dam_name = EXCLUDED.dam_name, state = EXCLUDED.state, district = EXCLUDED.district, river_basin = EXCLUDED.river_basin, owner_agency = EXCLUDED.owner_agency, status = EXCLUDED.status, risk_class = EXCLUDED.risk_class, safety_score = EXCLUDED.safety_score, source_registry = EXCLUDED.source_registry, source_record_id = EXCLUDED.source_record_id, source_publication_year = EXCLUDED.source_publication_year, source_url = EXCLUDED.source_url, updated_at = now();
INSERT INTO dam_reservoir (dam_id, reservoir_name, live_storage_mcm, current_storage_mcm, frl_m, updated_at) VALUES ('MPWRD-10181', 'Paronch Dam', 15.75, 15.75, 156.66, now()) ON CONFLICT (dam_id) DO UPDATE SET reservoir_name = EXCLUDED.reservoir_name, live_storage_mcm = EXCLUDED.live_storage_mcm, current_storage_mcm = EXCLUDED.current_storage_mcm, frl_m = EXCLUDED.frl_m, updated_at = now();
INSERT INTO dam_engineering (dam_id, instrumentation, updated_at) VALUES ('MPWRD-10181', '{"basin_office": "Chief Engineer Yamuna Basin, Gwalior", "gate_count_open": null, "gate_discharge_cumec": null, "last_year_level_m": null, "last_year_live_capacity_mcm": null, "last_year_live_storage_percent": null, "mpwrd_reservoir_code": "10181", "reading_time": "08:00:00", "this_year_is_stale": true, "this_year_level_observed_date": "2025-09-16"}'::jsonb, now()) ON CONFLICT (dam_id) DO UPDATE SET instrumentation = EXCLUDED.instrumentation, updated_at = now();
INSERT INTO mpwrd_reservoir_levels (source_registry, report_date, reservoir_code, dam_id, basin_office, reservoir_name, reading_time, district, frl_m, live_capacity_at_frl_mcm, this_year_level_m, this_year_live_capacity_mcm, this_year_live_storage_percent, this_year_level_observed_date, this_year_is_stale, gate_count_open, gate_discharge_cumec, last_year_level_m, last_year_live_capacity_mcm, last_year_live_storage_percent, source_url, raw, fetched_at) VALUES ('MPWRD', '2026-05-25', '10181', 'MPWRD-10181', 'Chief Engineer Yamuna Basin, Gwalior', 'Paronch Dam', '08:00:00', 'Shivpuri', 156.66, 15.75, 156.66, 15.75, 100, '2025-09-16', TRUE, NULL, NULL, NULL, NULL, NULL, 'https://eims1.mpwrd.gov.in/fcmreport/control/main', '{"district": "Shivpuri", "frl_m": "156.66", "gate_count_open": "", "gate_discharge_cumec": "", "last_year_level_m": "", "last_year_live_capacity_mcm": "", "last_year_live_storage_percent": "", "live_capacity_at_frl_mcm": "15.75", "reservoir": "Paronch Dam [10181]", "serial": "275.", "this_year_level_m": "156.66 *", "this_year_live_capacity_mcm": "15.75", "this_year_live_storage_percent": "100", "time": "08:00:00"}'::jsonb, now()) ON CONFLICT (source_registry, report_date, reservoir_code) DO UPDATE SET dam_id = EXCLUDED.dam_id, basin_office = EXCLUDED.basin_office, reservoir_name = EXCLUDED.reservoir_name, reading_time = EXCLUDED.reading_time, district = EXCLUDED.district, frl_m = EXCLUDED.frl_m, live_capacity_at_frl_mcm = EXCLUDED.live_capacity_at_frl_mcm, this_year_level_m = EXCLUDED.this_year_level_m, this_year_live_capacity_mcm = EXCLUDED.this_year_live_capacity_mcm, this_year_live_storage_percent = EXCLUDED.this_year_live_storage_percent, this_year_level_observed_date = EXCLUDED.this_year_level_observed_date, this_year_is_stale = EXCLUDED.this_year_is_stale, gate_count_open = EXCLUDED.gate_count_open, gate_discharge_cumec = EXCLUDED.gate_discharge_cumec, last_year_level_m = EXCLUDED.last_year_level_m, last_year_live_capacity_mcm = EXCLUDED.last_year_live_capacity_mcm, last_year_live_storage_percent = EXCLUDED.last_year_live_storage_percent, source_url = EXCLUDED.source_url, raw = EXCLUDED.raw, fetched_at = now();
INSERT INTO dams (dam_id, dam_name, state, district, river_basin, owner_agency, status, risk_class, safety_score, source_registry, source_record_id, source_publication_year, source_url, updated_at) VALUES ('MPWRD-10211', 'Pehsari Dam', 'Madhya Pradesh', 'Gwalior', 'Chief Engineer Yamuna Basin, Gwalior', 'Madhya Pradesh Water Resources Department', 'operational'::dam_status, 'low'::risk_class, 87.00, 'MPWRD', '10211', 2026, 'https://eims1.mpwrd.gov.in/fcmreport/control/main', now()) ON CONFLICT (dam_id) DO UPDATE SET dam_name = EXCLUDED.dam_name, state = EXCLUDED.state, district = EXCLUDED.district, river_basin = EXCLUDED.river_basin, owner_agency = EXCLUDED.owner_agency, status = EXCLUDED.status, risk_class = EXCLUDED.risk_class, safety_score = EXCLUDED.safety_score, source_registry = EXCLUDED.source_registry, source_record_id = EXCLUDED.source_record_id, source_publication_year = EXCLUDED.source_publication_year, source_url = EXCLUDED.source_url, updated_at = now();
INSERT INTO dam_reservoir (dam_id, reservoir_name, live_storage_mcm, current_storage_mcm, frl_m, updated_at) VALUES ('MPWRD-10211', 'Pehsari Dam', 44.25, 38.93, 334.36, now()) ON CONFLICT (dam_id) DO UPDATE SET reservoir_name = EXCLUDED.reservoir_name, live_storage_mcm = EXCLUDED.live_storage_mcm, current_storage_mcm = EXCLUDED.current_storage_mcm, frl_m = EXCLUDED.frl_m, updated_at = now();
INSERT INTO dam_engineering (dam_id, instrumentation, updated_at) VALUES ('MPWRD-10211', '{"basin_office": "Chief Engineer Yamuna Basin, Gwalior", "gate_count_open": null, "gate_discharge_cumec": null, "last_year_level_m": null, "last_year_live_capacity_mcm": null, "last_year_live_storage_percent": null, "mpwrd_reservoir_code": "10211", "reading_time": "08:00:00", "this_year_is_stale": true, "this_year_level_observed_date": "2025-09-25"}'::jsonb, now()) ON CONFLICT (dam_id) DO UPDATE SET instrumentation = EXCLUDED.instrumentation, updated_at = now();
INSERT INTO mpwrd_reservoir_levels (source_registry, report_date, reservoir_code, dam_id, basin_office, reservoir_name, reading_time, district, frl_m, live_capacity_at_frl_mcm, this_year_level_m, this_year_live_capacity_mcm, this_year_live_storage_percent, this_year_level_observed_date, this_year_is_stale, gate_count_open, gate_discharge_cumec, last_year_level_m, last_year_live_capacity_mcm, last_year_live_storage_percent, source_url, raw, fetched_at) VALUES ('MPWRD', '2026-05-25', '10211', 'MPWRD-10211', 'Chief Engineer Yamuna Basin, Gwalior', 'Pehsari Dam', '08:00:00', 'Gwalior', 334.36, 44.25, 333.66, 38.93, 87, '2025-09-25', TRUE, NULL, NULL, NULL, NULL, NULL, 'https://eims1.mpwrd.gov.in/fcmreport/control/main', '{"district": "Gwalior", "frl_m": "334.36", "gate_count_open": "", "gate_discharge_cumec": "", "last_year_level_m": "", "last_year_live_capacity_mcm": "", "last_year_live_storage_percent": "", "live_capacity_at_frl_mcm": "44.25", "reservoir": "Pehsari Dam [10211]", "serial": "276.", "this_year_level_m": "333.66*", "this_year_live_capacity_mcm": "38.93", "this_year_live_storage_percent": "87", "time": "08:00:00"}'::jsonb, now()) ON CONFLICT (source_registry, report_date, reservoir_code) DO UPDATE SET dam_id = EXCLUDED.dam_id, basin_office = EXCLUDED.basin_office, reservoir_name = EXCLUDED.reservoir_name, reading_time = EXCLUDED.reading_time, district = EXCLUDED.district, frl_m = EXCLUDED.frl_m, live_capacity_at_frl_mcm = EXCLUDED.live_capacity_at_frl_mcm, this_year_level_m = EXCLUDED.this_year_level_m, this_year_live_capacity_mcm = EXCLUDED.this_year_live_capacity_mcm, this_year_live_storage_percent = EXCLUDED.this_year_live_storage_percent, this_year_level_observed_date = EXCLUDED.this_year_level_observed_date, this_year_is_stale = EXCLUDED.this_year_is_stale, gate_count_open = EXCLUDED.gate_count_open, gate_discharge_cumec = EXCLUDED.gate_discharge_cumec, last_year_level_m = EXCLUDED.last_year_level_m, last_year_live_capacity_mcm = EXCLUDED.last_year_live_capacity_mcm, last_year_live_storage_percent = EXCLUDED.last_year_live_storage_percent, source_url = EXCLUDED.source_url, raw = EXCLUDED.raw, fetched_at = now();
INSERT INTO dams (dam_id, dam_name, state, district, river_basin, owner_agency, status, risk_class, safety_score, source_registry, source_record_id, source_publication_year, source_url, updated_at) VALUES ('MPWRD-10180-277', 'Pillowa Dam', 'Madhya Pradesh', 'Bhind', 'Chief Engineer Yamuna Basin, Gwalior', 'Madhya Pradesh Water Resources Department', 'operational'::dam_status, 'low'::risk_class, 100.00, 'MPWRD', '10180-277', 2026, 'https://eims1.mpwrd.gov.in/fcmreport/control/main', now()) ON CONFLICT (dam_id) DO UPDATE SET dam_name = EXCLUDED.dam_name, state = EXCLUDED.state, district = EXCLUDED.district, river_basin = EXCLUDED.river_basin, owner_agency = EXCLUDED.owner_agency, status = EXCLUDED.status, risk_class = EXCLUDED.risk_class, safety_score = EXCLUDED.safety_score, source_registry = EXCLUDED.source_registry, source_record_id = EXCLUDED.source_record_id, source_publication_year = EXCLUDED.source_publication_year, source_url = EXCLUDED.source_url, updated_at = now();
INSERT INTO dam_reservoir (dam_id, reservoir_name, live_storage_mcm, current_storage_mcm, frl_m, updated_at) VALUES ('MPWRD-10180-277', 'Pillowa Dam', 16.95, 18.01, 168.09, now()) ON CONFLICT (dam_id) DO UPDATE SET reservoir_name = EXCLUDED.reservoir_name, live_storage_mcm = EXCLUDED.live_storage_mcm, current_storage_mcm = EXCLUDED.current_storage_mcm, frl_m = EXCLUDED.frl_m, updated_at = now();
INSERT INTO dam_engineering (dam_id, instrumentation, updated_at) VALUES ('MPWRD-10180-277', '{"basin_office": "Chief Engineer Yamuna Basin, Gwalior", "gate_count_open": null, "gate_discharge_cumec": null, "last_year_level_m": null, "last_year_live_capacity_mcm": null, "last_year_live_storage_percent": null, "mpwrd_reservoir_code": "10180-277", "reading_time": "08:00:00", "this_year_is_stale": true, "this_year_level_observed_date": "2025-09-16"}'::jsonb, now()) ON CONFLICT (dam_id) DO UPDATE SET instrumentation = EXCLUDED.instrumentation, updated_at = now();
INSERT INTO mpwrd_reservoir_levels (source_registry, report_date, reservoir_code, dam_id, basin_office, reservoir_name, reading_time, district, frl_m, live_capacity_at_frl_mcm, this_year_level_m, this_year_live_capacity_mcm, this_year_live_storage_percent, this_year_level_observed_date, this_year_is_stale, gate_count_open, gate_discharge_cumec, last_year_level_m, last_year_live_capacity_mcm, last_year_live_storage_percent, source_url, raw, fetched_at) VALUES ('MPWRD', '2026-05-25', '10180-277', 'MPWRD-10180-277', 'Chief Engineer Yamuna Basin, Gwalior', 'Pillowa Dam', '08:00:00', 'Bhind', 168.09, 16.95, 168.24, 18.01, 100, '2025-09-16', TRUE, NULL, NULL, NULL, NULL, NULL, 'https://eims1.mpwrd.gov.in/fcmreport/control/main', '{"district": "Bhind", "frl_m": "168.09", "gate_count_open": "", "gate_discharge_cumec": "", "last_year_level_m": "", "last_year_live_capacity_mcm": "", "last_year_live_storage_percent": "", "live_capacity_at_frl_mcm": "16.95", "mpwrd_reservoir_code": "10180", "reservoir": "Pillowa Dam [10180]", "serial": "277.", "this_year_level_m": "168.24 *", "this_year_live_capacity_mcm": "18.01", "this_year_live_storage_percent": "100", "time": "08:00:00"}'::jsonb, now()) ON CONFLICT (source_registry, report_date, reservoir_code) DO UPDATE SET dam_id = EXCLUDED.dam_id, basin_office = EXCLUDED.basin_office, reservoir_name = EXCLUDED.reservoir_name, reading_time = EXCLUDED.reading_time, district = EXCLUDED.district, frl_m = EXCLUDED.frl_m, live_capacity_at_frl_mcm = EXCLUDED.live_capacity_at_frl_mcm, this_year_level_m = EXCLUDED.this_year_level_m, this_year_live_capacity_mcm = EXCLUDED.this_year_live_capacity_mcm, this_year_live_storage_percent = EXCLUDED.this_year_live_storage_percent, this_year_level_observed_date = EXCLUDED.this_year_level_observed_date, this_year_is_stale = EXCLUDED.this_year_is_stale, gate_count_open = EXCLUDED.gate_count_open, gate_discharge_cumec = EXCLUDED.gate_discharge_cumec, last_year_level_m = EXCLUDED.last_year_level_m, last_year_live_capacity_mcm = EXCLUDED.last_year_live_capacity_mcm, last_year_live_storage_percent = EXCLUDED.last_year_live_storage_percent, source_url = EXCLUDED.source_url, raw = EXCLUDED.raw, fetched_at = now();
INSERT INTO dams (dam_id, dam_name, state, district, river_basin, owner_agency, status, risk_class, safety_score, source_registry, source_record_id, source_publication_year, source_url, updated_at) VALUES ('MPWRD-29234', 'Ramowa Tank', 'Madhya Pradesh', 'Gwalior', 'Chief Engineer Yamuna Basin, Gwalior', 'Madhya Pradesh Water Resources Department', 'operational'::dam_status, 'low'::risk_class, 95.00, 'MPWRD', '29234', 2026, 'https://eims1.mpwrd.gov.in/fcmreport/control/main', now()) ON CONFLICT (dam_id) DO UPDATE SET dam_name = EXCLUDED.dam_name, state = EXCLUDED.state, district = EXCLUDED.district, river_basin = EXCLUDED.river_basin, owner_agency = EXCLUDED.owner_agency, status = EXCLUDED.status, risk_class = EXCLUDED.risk_class, safety_score = EXCLUDED.safety_score, source_registry = EXCLUDED.source_registry, source_record_id = EXCLUDED.source_record_id, source_publication_year = EXCLUDED.source_publication_year, source_url = EXCLUDED.source_url, updated_at = now();
INSERT INTO dam_reservoir (dam_id, reservoir_name, live_storage_mcm, current_storage_mcm, frl_m, updated_at) VALUES ('MPWRD-29234', 'Ramowa Tank', 12.82, 12.30, 225.55, now()) ON CONFLICT (dam_id) DO UPDATE SET reservoir_name = EXCLUDED.reservoir_name, live_storage_mcm = EXCLUDED.live_storage_mcm, current_storage_mcm = EXCLUDED.current_storage_mcm, frl_m = EXCLUDED.frl_m, updated_at = now();
INSERT INTO dam_engineering (dam_id, instrumentation, updated_at) VALUES ('MPWRD-29234', '{"basin_office": "Chief Engineer Yamuna Basin, Gwalior", "gate_count_open": null, "gate_discharge_cumec": null, "last_year_level_m": null, "last_year_live_capacity_mcm": null, "last_year_live_storage_percent": null, "mpwrd_reservoir_code": "29234", "reading_time": "08:00:00", "this_year_is_stale": true, "this_year_level_observed_date": "2025-09-24"}'::jsonb, now()) ON CONFLICT (dam_id) DO UPDATE SET instrumentation = EXCLUDED.instrumentation, updated_at = now();
INSERT INTO mpwrd_reservoir_levels (source_registry, report_date, reservoir_code, dam_id, basin_office, reservoir_name, reading_time, district, frl_m, live_capacity_at_frl_mcm, this_year_level_m, this_year_live_capacity_mcm, this_year_live_storage_percent, this_year_level_observed_date, this_year_is_stale, gate_count_open, gate_discharge_cumec, last_year_level_m, last_year_live_capacity_mcm, last_year_live_storage_percent, source_url, raw, fetched_at) VALUES ('MPWRD', '2026-05-25', '29234', 'MPWRD-29234', 'Chief Engineer Yamuna Basin, Gwalior', 'Ramowa Tank', '08:00:00', 'Gwalior', 225.55, 12.82, 225.39, 12.30, 95, '2025-09-24', TRUE, NULL, NULL, NULL, NULL, NULL, 'https://eims1.mpwrd.gov.in/fcmreport/control/main', '{"district": "Gwalior", "frl_m": "225.55", "gate_count_open": "", "gate_discharge_cumec": "", "last_year_level_m": "", "last_year_live_capacity_mcm": "", "last_year_live_storage_percent": "", "live_capacity_at_frl_mcm": "12.82", "reservoir": "Ramowa Tank [29234]", "serial": "278.", "this_year_level_m": "225.39*", "this_year_live_capacity_mcm": "12.30", "this_year_live_storage_percent": "95", "time": "08:00:00"}'::jsonb, now()) ON CONFLICT (source_registry, report_date, reservoir_code) DO UPDATE SET dam_id = EXCLUDED.dam_id, basin_office = EXCLUDED.basin_office, reservoir_name = EXCLUDED.reservoir_name, reading_time = EXCLUDED.reading_time, district = EXCLUDED.district, frl_m = EXCLUDED.frl_m, live_capacity_at_frl_mcm = EXCLUDED.live_capacity_at_frl_mcm, this_year_level_m = EXCLUDED.this_year_level_m, this_year_live_capacity_mcm = EXCLUDED.this_year_live_capacity_mcm, this_year_live_storage_percent = EXCLUDED.this_year_live_storage_percent, this_year_level_observed_date = EXCLUDED.this_year_level_observed_date, this_year_is_stale = EXCLUDED.this_year_is_stale, gate_count_open = EXCLUDED.gate_count_open, gate_discharge_cumec = EXCLUDED.gate_discharge_cumec, last_year_level_m = EXCLUDED.last_year_level_m, last_year_live_capacity_mcm = EXCLUDED.last_year_live_capacity_mcm, last_year_live_storage_percent = EXCLUDED.last_year_live_storage_percent, source_url = EXCLUDED.source_url, raw = EXCLUDED.raw, fetched_at = now();
INSERT INTO dams (dam_id, dam_name, state, district, river_basin, owner_agency, status, risk_class, safety_score, source_registry, source_record_id, source_publication_year, source_url, updated_at) VALUES ('MPWRD-31190', 'Sunaj Tank', 'Madhya Pradesh', 'Shivpuri', 'Chief Engineer Yamuna Basin, Gwalior', 'Madhya Pradesh Water Resources Department', 'operational'::dam_status, 'low'::risk_class, 100.00, 'MPWRD', '31190', 2026, 'https://eims1.mpwrd.gov.in/fcmreport/control/main', now()) ON CONFLICT (dam_id) DO UPDATE SET dam_name = EXCLUDED.dam_name, state = EXCLUDED.state, district = EXCLUDED.district, river_basin = EXCLUDED.river_basin, owner_agency = EXCLUDED.owner_agency, status = EXCLUDED.status, risk_class = EXCLUDED.risk_class, safety_score = EXCLUDED.safety_score, source_registry = EXCLUDED.source_registry, source_record_id = EXCLUDED.source_record_id, source_publication_year = EXCLUDED.source_publication_year, source_url = EXCLUDED.source_url, updated_at = now();
INSERT INTO dam_reservoir (dam_id, reservoir_name, live_storage_mcm, current_storage_mcm, frl_m, updated_at) VALUES ('MPWRD-31190', 'Sunaj Tank', 5.12, 5.45, 77.25, now()) ON CONFLICT (dam_id) DO UPDATE SET reservoir_name = EXCLUDED.reservoir_name, live_storage_mcm = EXCLUDED.live_storage_mcm, current_storage_mcm = EXCLUDED.current_storage_mcm, frl_m = EXCLUDED.frl_m, updated_at = now();
INSERT INTO dam_engineering (dam_id, instrumentation, updated_at) VALUES ('MPWRD-31190', '{"basin_office": "Chief Engineer Yamuna Basin, Gwalior", "gate_count_open": null, "gate_discharge_cumec": null, "last_year_level_m": null, "last_year_live_capacity_mcm": null, "last_year_live_storage_percent": null, "mpwrd_reservoir_code": "31190", "reading_time": "08:00:00", "this_year_is_stale": true, "this_year_level_observed_date": "2025-09-03"}'::jsonb, now()) ON CONFLICT (dam_id) DO UPDATE SET instrumentation = EXCLUDED.instrumentation, updated_at = now();
INSERT INTO mpwrd_reservoir_levels (source_registry, report_date, reservoir_code, dam_id, basin_office, reservoir_name, reading_time, district, frl_m, live_capacity_at_frl_mcm, this_year_level_m, this_year_live_capacity_mcm, this_year_live_storage_percent, this_year_level_observed_date, this_year_is_stale, gate_count_open, gate_discharge_cumec, last_year_level_m, last_year_live_capacity_mcm, last_year_live_storage_percent, source_url, raw, fetched_at) VALUES ('MPWRD', '2026-05-25', '31190', 'MPWRD-31190', 'Chief Engineer Yamuna Basin, Gwalior', 'Sunaj Tank', '08:00:00', 'Shivpuri', 77.25, 5.12, 77.40, 5.45, 100, '2025-09-03', TRUE, NULL, NULL, NULL, NULL, NULL, 'https://eims1.mpwrd.gov.in/fcmreport/control/main', '{"district": "Shivpuri", "frl_m": "77.25", "gate_count_open": "", "gate_discharge_cumec": "", "last_year_level_m": "", "last_year_live_capacity_mcm": "", "last_year_live_storage_percent": "", "live_capacity_at_frl_mcm": "5.12", "reservoir": "Sunaj Tank [31190]", "serial": "279.", "this_year_level_m": "77.40 *", "this_year_live_capacity_mcm": "5.45", "this_year_live_storage_percent": "100", "time": "08:00:00"}'::jsonb, now()) ON CONFLICT (source_registry, report_date, reservoir_code) DO UPDATE SET dam_id = EXCLUDED.dam_id, basin_office = EXCLUDED.basin_office, reservoir_name = EXCLUDED.reservoir_name, reading_time = EXCLUDED.reading_time, district = EXCLUDED.district, frl_m = EXCLUDED.frl_m, live_capacity_at_frl_mcm = EXCLUDED.live_capacity_at_frl_mcm, this_year_level_m = EXCLUDED.this_year_level_m, this_year_live_capacity_mcm = EXCLUDED.this_year_live_capacity_mcm, this_year_live_storage_percent = EXCLUDED.this_year_live_storage_percent, this_year_level_observed_date = EXCLUDED.this_year_level_observed_date, this_year_is_stale = EXCLUDED.this_year_is_stale, gate_count_open = EXCLUDED.gate_count_open, gate_discharge_cumec = EXCLUDED.gate_discharge_cumec, last_year_level_m = EXCLUDED.last_year_level_m, last_year_live_capacity_mcm = EXCLUDED.last_year_live_capacity_mcm, last_year_live_storage_percent = EXCLUDED.last_year_live_storage_percent, source_url = EXCLUDED.source_url, raw = EXCLUDED.raw, fetched_at = now();
INSERT INTO dams (dam_id, dam_name, state, district, river_basin, owner_agency, status, risk_class, safety_score, source_registry, source_record_id, source_publication_year, source_url, updated_at) VALUES ('MPWRD-10205', 'Tigra Dam', 'Madhya Pradesh', 'Gwalior', 'Chief Engineer Yamuna Basin, Gwalior', 'Madhya Pradesh Water Resources Department', 'operational'::dam_status, 'low'::risk_class, 97.00, 'MPWRD', '10205', 2026, 'https://eims1.mpwrd.gov.in/fcmreport/control/main', now()) ON CONFLICT (dam_id) DO UPDATE SET dam_name = EXCLUDED.dam_name, state = EXCLUDED.state, district = EXCLUDED.district, river_basin = EXCLUDED.river_basin, owner_agency = EXCLUDED.owner_agency, status = EXCLUDED.status, risk_class = EXCLUDED.risk_class, safety_score = EXCLUDED.safety_score, source_registry = EXCLUDED.source_registry, source_record_id = EXCLUDED.source_record_id, source_publication_year = EXCLUDED.source_publication_year, source_url = EXCLUDED.source_url, updated_at = now();
INSERT INTO dam_reservoir (dam_id, reservoir_name, live_storage_mcm, current_storage_mcm, frl_m, updated_at) VALUES ('MPWRD-10205', 'Tigra Dam', 124.29, 121.37, 225.55, now()) ON CONFLICT (dam_id) DO UPDATE SET reservoir_name = EXCLUDED.reservoir_name, live_storage_mcm = EXCLUDED.live_storage_mcm, current_storage_mcm = EXCLUDED.current_storage_mcm, frl_m = EXCLUDED.frl_m, updated_at = now();
INSERT INTO dam_engineering (dam_id, instrumentation, updated_at) VALUES ('MPWRD-10205', '{"basin_office": "Chief Engineer Yamuna Basin, Gwalior", "gate_count_open": null, "gate_discharge_cumec": null, "last_year_level_m": null, "last_year_live_capacity_mcm": null, "last_year_live_storage_percent": null, "mpwrd_reservoir_code": "10205", "reading_time": "08:00:00", "this_year_is_stale": true, "this_year_level_observed_date": "2025-09-25"}'::jsonb, now()) ON CONFLICT (dam_id) DO UPDATE SET instrumentation = EXCLUDED.instrumentation, updated_at = now();
INSERT INTO mpwrd_reservoir_levels (source_registry, report_date, reservoir_code, dam_id, basin_office, reservoir_name, reading_time, district, frl_m, live_capacity_at_frl_mcm, this_year_level_m, this_year_live_capacity_mcm, this_year_live_storage_percent, this_year_level_observed_date, this_year_is_stale, gate_count_open, gate_discharge_cumec, last_year_level_m, last_year_live_capacity_mcm, last_year_live_storage_percent, source_url, raw, fetched_at) VALUES ('MPWRD', '2026-05-25', '10205', 'MPWRD-10205', 'Chief Engineer Yamuna Basin, Gwalior', 'Tigra Dam', '08:00:00', 'Gwalior', 225.55, 124.29, 225.39, 121.37, 97, '2025-09-25', TRUE, NULL, NULL, NULL, NULL, NULL, 'https://eims1.mpwrd.gov.in/fcmreport/control/main', '{"district": "Gwalior", "frl_m": "225.55", "gate_count_open": "", "gate_discharge_cumec": "", "last_year_level_m": "", "last_year_live_capacity_mcm": "", "last_year_live_storage_percent": "", "live_capacity_at_frl_mcm": "124.29", "reservoir": "Tigra Dam [10205]", "serial": "280.", "this_year_level_m": "225.39*", "this_year_live_capacity_mcm": "121.37", "this_year_live_storage_percent": "97", "time": "08:00:00"}'::jsonb, now()) ON CONFLICT (source_registry, report_date, reservoir_code) DO UPDATE SET dam_id = EXCLUDED.dam_id, basin_office = EXCLUDED.basin_office, reservoir_name = EXCLUDED.reservoir_name, reading_time = EXCLUDED.reading_time, district = EXCLUDED.district, frl_m = EXCLUDED.frl_m, live_capacity_at_frl_mcm = EXCLUDED.live_capacity_at_frl_mcm, this_year_level_m = EXCLUDED.this_year_level_m, this_year_live_capacity_mcm = EXCLUDED.this_year_live_capacity_mcm, this_year_live_storage_percent = EXCLUDED.this_year_live_storage_percent, this_year_level_observed_date = EXCLUDED.this_year_level_observed_date, this_year_is_stale = EXCLUDED.this_year_is_stale, gate_count_open = EXCLUDED.gate_count_open, gate_discharge_cumec = EXCLUDED.gate_discharge_cumec, last_year_level_m = EXCLUDED.last_year_level_m, last_year_live_capacity_mcm = EXCLUDED.last_year_live_capacity_mcm, last_year_live_storage_percent = EXCLUDED.last_year_live_storage_percent, source_url = EXCLUDED.source_url, raw = EXCLUDED.raw, fetched_at = now();
INSERT INTO dams (dam_id, dam_name, state, district, river_basin, owner_agency, status, risk_class, safety_score, source_registry, source_record_id, source_publication_year, source_url, updated_at) VALUES ('MPWRD-20832', 'Upper Kaketo Dam', 'Madhya Pradesh', 'Sheopur', 'Chief Engineer Yamuna Basin, Gwalior', 'Madhya Pradesh Water Resources Department', 'operational'::dam_status, 'low'::risk_class, 97.00, 'MPWRD', '20832', 2026, 'https://eims1.mpwrd.gov.in/fcmreport/control/main', now()) ON CONFLICT (dam_id) DO UPDATE SET dam_name = EXCLUDED.dam_name, state = EXCLUDED.state, district = EXCLUDED.district, river_basin = EXCLUDED.river_basin, owner_agency = EXCLUDED.owner_agency, status = EXCLUDED.status, risk_class = EXCLUDED.risk_class, safety_score = EXCLUDED.safety_score, source_registry = EXCLUDED.source_registry, source_record_id = EXCLUDED.source_record_id, source_publication_year = EXCLUDED.source_publication_year, source_url = EXCLUDED.source_url, updated_at = now();
INSERT INTO dam_reservoir (dam_id, reservoir_name, live_storage_mcm, current_storage_mcm, frl_m, updated_at) VALUES ('MPWRD-20832', 'Upper Kaketo Dam', 52.24, 50.88, 370.00, now()) ON CONFLICT (dam_id) DO UPDATE SET reservoir_name = EXCLUDED.reservoir_name, live_storage_mcm = EXCLUDED.live_storage_mcm, current_storage_mcm = EXCLUDED.current_storage_mcm, frl_m = EXCLUDED.frl_m, updated_at = now();
INSERT INTO dam_engineering (dam_id, instrumentation, updated_at) VALUES ('MPWRD-20832', '{"basin_office": "Chief Engineer Yamuna Basin, Gwalior", "gate_count_open": null, "gate_discharge_cumec": null, "last_year_level_m": null, "last_year_live_capacity_mcm": null, "last_year_live_storage_percent": null, "mpwrd_reservoir_code": "20832", "reading_time": "08:00:00", "this_year_is_stale": true, "this_year_level_observed_date": "2025-09-25"}'::jsonb, now()) ON CONFLICT (dam_id) DO UPDATE SET instrumentation = EXCLUDED.instrumentation, updated_at = now();
INSERT INTO mpwrd_reservoir_levels (source_registry, report_date, reservoir_code, dam_id, basin_office, reservoir_name, reading_time, district, frl_m, live_capacity_at_frl_mcm, this_year_level_m, this_year_live_capacity_mcm, this_year_live_storage_percent, this_year_level_observed_date, this_year_is_stale, gate_count_open, gate_discharge_cumec, last_year_level_m, last_year_live_capacity_mcm, last_year_live_storage_percent, source_url, raw, fetched_at) VALUES ('MPWRD', '2026-05-25', '20832', 'MPWRD-20832', 'Chief Engineer Yamuna Basin, Gwalior', 'Upper Kaketo Dam', '08:00:00', 'Sheopur', 370.00, 52.24, 369.90, 50.88, 97, '2025-09-25', TRUE, NULL, NULL, NULL, NULL, NULL, 'https://eims1.mpwrd.gov.in/fcmreport/control/main', '{"district": "Sheopur", "frl_m": "370.00", "gate_count_open": "", "gate_discharge_cumec": "", "last_year_level_m": "", "last_year_live_capacity_mcm": "", "last_year_live_storage_percent": "", "live_capacity_at_frl_mcm": "52.24", "reservoir": "Upper Kaketo Dam [20832]", "serial": "281.", "this_year_level_m": "369.90*", "this_year_live_capacity_mcm": "50.88", "this_year_live_storage_percent": "97", "time": "08:00:00"}'::jsonb, now()) ON CONFLICT (source_registry, report_date, reservoir_code) DO UPDATE SET dam_id = EXCLUDED.dam_id, basin_office = EXCLUDED.basin_office, reservoir_name = EXCLUDED.reservoir_name, reading_time = EXCLUDED.reading_time, district = EXCLUDED.district, frl_m = EXCLUDED.frl_m, live_capacity_at_frl_mcm = EXCLUDED.live_capacity_at_frl_mcm, this_year_level_m = EXCLUDED.this_year_level_m, this_year_live_capacity_mcm = EXCLUDED.this_year_live_capacity_mcm, this_year_live_storage_percent = EXCLUDED.this_year_live_storage_percent, this_year_level_observed_date = EXCLUDED.this_year_level_observed_date, this_year_is_stale = EXCLUDED.this_year_is_stale, gate_count_open = EXCLUDED.gate_count_open, gate_discharge_cumec = EXCLUDED.gate_discharge_cumec, last_year_level_m = EXCLUDED.last_year_level_m, last_year_live_capacity_mcm = EXCLUDED.last_year_live_capacity_mcm, last_year_live_storage_percent = EXCLUDED.last_year_live_storage_percent, source_url = EXCLUDED.source_url, raw = EXCLUDED.raw, fetched_at = now();
INSERT INTO dams (dam_id, dam_name, state, district, river_basin, owner_agency, status, risk_class, safety_score, source_registry, source_record_id, source_publication_year, source_url, updated_at) VALUES ('MPWRD-43794', 'Chakarpur Dam', 'Madhya Pradesh', 'Sagar', 'Project Director, Betwa Project Management Unit, Bhopal', 'Madhya Pradesh Water Resources Department', 'operational'::dam_status, 'moderate'::risk_class, 70.00, 'MPWRD', '43794', 2026, 'https://eims1.mpwrd.gov.in/fcmreport/control/main', now()) ON CONFLICT (dam_id) DO UPDATE SET dam_name = EXCLUDED.dam_name, state = EXCLUDED.state, district = EXCLUDED.district, river_basin = EXCLUDED.river_basin, owner_agency = EXCLUDED.owner_agency, status = EXCLUDED.status, risk_class = EXCLUDED.risk_class, safety_score = EXCLUDED.safety_score, source_registry = EXCLUDED.source_registry, source_record_id = EXCLUDED.source_record_id, source_publication_year = EXCLUDED.source_publication_year, source_url = EXCLUDED.source_url, updated_at = now();
INSERT INTO dam_reservoir (dam_id, reservoir_name, live_storage_mcm, current_storage_mcm, frl_m, updated_at) VALUES ('MPWRD-43794', 'Chakarpur Dam', 73.00, 0.55, 451.50, now()) ON CONFLICT (dam_id) DO UPDATE SET reservoir_name = EXCLUDED.reservoir_name, live_storage_mcm = EXCLUDED.live_storage_mcm, current_storage_mcm = EXCLUDED.current_storage_mcm, frl_m = EXCLUDED.frl_m, updated_at = now();
INSERT INTO dam_engineering (dam_id, instrumentation, updated_at) VALUES ('MPWRD-43794', '{"basin_office": "Project Director, Betwa Project Management Unit, Bhopal", "gate_count_open": null, "gate_discharge_cumec": null, "last_year_level_m": null, "last_year_live_capacity_mcm": null, "last_year_live_storage_percent": null, "mpwrd_reservoir_code": "43794", "reading_time": "08:00:00", "this_year_is_stale": true, "this_year_level_observed_date": "2025-09-18"}'::jsonb, now()) ON CONFLICT (dam_id) DO UPDATE SET instrumentation = EXCLUDED.instrumentation, updated_at = now();
INSERT INTO mpwrd_reservoir_levels (source_registry, report_date, reservoir_code, dam_id, basin_office, reservoir_name, reading_time, district, frl_m, live_capacity_at_frl_mcm, this_year_level_m, this_year_live_capacity_mcm, this_year_live_storage_percent, this_year_level_observed_date, this_year_is_stale, gate_count_open, gate_discharge_cumec, last_year_level_m, last_year_live_capacity_mcm, last_year_live_storage_percent, source_url, raw, fetched_at) VALUES ('MPWRD', '2026-05-25', '43794', 'MPWRD-43794', 'Project Director, Betwa Project Management Unit, Bhopal', 'Chakarpur Dam', '08:00:00', 'Sagar', 451.50, 73.00, 438.60, 0.55, NULL, '2025-09-18', TRUE, NULL, NULL, NULL, NULL, NULL, 'https://eims1.mpwrd.gov.in/fcmreport/control/main', '{"district": "Sagar", "frl_m": "451.50", "gate_count_open": "", "gate_discharge_cumec": "", "last_year_level_m": "", "last_year_live_capacity_mcm": "", "last_year_live_storage_percent": "", "live_capacity_at_frl_mcm": "73.00", "reservoir": "Chakarpur Dam [43794]", "serial": "282.", "this_year_level_m": "438.60*", "this_year_live_capacity_mcm": "0.55", "this_year_live_storage_percent": "", "time": "08:00:00"}'::jsonb, now()) ON CONFLICT (source_registry, report_date, reservoir_code) DO UPDATE SET dam_id = EXCLUDED.dam_id, basin_office = EXCLUDED.basin_office, reservoir_name = EXCLUDED.reservoir_name, reading_time = EXCLUDED.reading_time, district = EXCLUDED.district, frl_m = EXCLUDED.frl_m, live_capacity_at_frl_mcm = EXCLUDED.live_capacity_at_frl_mcm, this_year_level_m = EXCLUDED.this_year_level_m, this_year_live_capacity_mcm = EXCLUDED.this_year_live_capacity_mcm, this_year_live_storage_percent = EXCLUDED.this_year_live_storage_percent, this_year_level_observed_date = EXCLUDED.this_year_level_observed_date, this_year_is_stale = EXCLUDED.this_year_is_stale, gate_count_open = EXCLUDED.gate_count_open, gate_discharge_cumec = EXCLUDED.gate_discharge_cumec, last_year_level_m = EXCLUDED.last_year_level_m, last_year_live_capacity_mcm = EXCLUDED.last_year_live_capacity_mcm, last_year_live_storage_percent = EXCLUDED.last_year_live_storage_percent, source_url = EXCLUDED.source_url, raw = EXCLUDED.raw, fetched_at = now();
INSERT INTO dams (dam_id, dam_name, state, district, river_basin, owner_agency, status, risk_class, safety_score, source_registry, source_record_id, source_publication_year, source_url, updated_at) VALUES ('MPWRD-43230', 'Madia Dam', 'Madhya Pradesh', 'Sagar', 'Project Director, Betwa Project Management Unit, Bhopal', 'Madhya Pradesh Water Resources Department', 'operational'::dam_status, 'high'::risk_class, 21.00, 'MPWRD', '43230', 2026, 'https://eims1.mpwrd.gov.in/fcmreport/control/main', now()) ON CONFLICT (dam_id) DO UPDATE SET dam_name = EXCLUDED.dam_name, state = EXCLUDED.state, district = EXCLUDED.district, river_basin = EXCLUDED.river_basin, owner_agency = EXCLUDED.owner_agency, status = EXCLUDED.status, risk_class = EXCLUDED.risk_class, safety_score = EXCLUDED.safety_score, source_registry = EXCLUDED.source_registry, source_record_id = EXCLUDED.source_record_id, source_publication_year = EXCLUDED.source_publication_year, source_url = EXCLUDED.source_url, updated_at = now();
INSERT INTO dam_reservoir (dam_id, reservoir_name, live_storage_mcm, current_storage_mcm, frl_m, updated_at) VALUES ('MPWRD-43230', 'Madia Dam', 277.02, 58.36, 500.55, now()) ON CONFLICT (dam_id) DO UPDATE SET reservoir_name = EXCLUDED.reservoir_name, live_storage_mcm = EXCLUDED.live_storage_mcm, current_storage_mcm = EXCLUDED.current_storage_mcm, frl_m = EXCLUDED.frl_m, updated_at = now();
INSERT INTO dam_engineering (dam_id, instrumentation, updated_at) VALUES ('MPWRD-43230', '{"basin_office": "Project Director, Betwa Project Management Unit, Bhopal", "gate_count_open": null, "gate_discharge_cumec": null, "last_year_level_m": null, "last_year_live_capacity_mcm": null, "last_year_live_storage_percent": null, "mpwrd_reservoir_code": "43230", "reading_time": "08:00:00", "this_year_is_stale": true, "this_year_level_observed_date": "2025-09-24"}'::jsonb, now()) ON CONFLICT (dam_id) DO UPDATE SET instrumentation = EXCLUDED.instrumentation, updated_at = now();
INSERT INTO mpwrd_reservoir_levels (source_registry, report_date, reservoir_code, dam_id, basin_office, reservoir_name, reading_time, district, frl_m, live_capacity_at_frl_mcm, this_year_level_m, this_year_live_capacity_mcm, this_year_live_storage_percent, this_year_level_observed_date, this_year_is_stale, gate_count_open, gate_discharge_cumec, last_year_level_m, last_year_live_capacity_mcm, last_year_live_storage_percent, source_url, raw, fetched_at) VALUES ('MPWRD', '2026-05-25', '43230', 'MPWRD-43230', 'Project Director, Betwa Project Management Unit, Bhopal', 'Madia Dam', '08:00:00', 'Sagar', 500.55, 277.02, 494.80, 58.36, 21, '2025-09-24', TRUE, NULL, NULL, NULL, NULL, NULL, 'https://eims1.mpwrd.gov.in/fcmreport/control/main', '{"district": "Sagar", "frl_m": "500.55", "gate_count_open": "", "gate_discharge_cumec": "", "last_year_level_m": "", "last_year_live_capacity_mcm": "", "last_year_live_storage_percent": "", "live_capacity_at_frl_mcm": "277.02", "reservoir": "Madia Dam [43230]", "serial": "283.", "this_year_level_m": "494.80*", "this_year_live_capacity_mcm": "58.36", "this_year_live_storage_percent": "21", "time": "08:00:00"}'::jsonb, now()) ON CONFLICT (source_registry, report_date, reservoir_code) DO UPDATE SET dam_id = EXCLUDED.dam_id, basin_office = EXCLUDED.basin_office, reservoir_name = EXCLUDED.reservoir_name, reading_time = EXCLUDED.reading_time, district = EXCLUDED.district, frl_m = EXCLUDED.frl_m, live_capacity_at_frl_mcm = EXCLUDED.live_capacity_at_frl_mcm, this_year_level_m = EXCLUDED.this_year_level_m, this_year_live_capacity_mcm = EXCLUDED.this_year_live_capacity_mcm, this_year_live_storage_percent = EXCLUDED.this_year_live_storage_percent, this_year_level_observed_date = EXCLUDED.this_year_level_observed_date, this_year_is_stale = EXCLUDED.this_year_is_stale, gate_count_open = EXCLUDED.gate_count_open, gate_discharge_cumec = EXCLUDED.gate_discharge_cumec, last_year_level_m = EXCLUDED.last_year_level_m, last_year_live_capacity_mcm = EXCLUDED.last_year_live_capacity_mcm, last_year_live_storage_percent = EXCLUDED.last_year_live_storage_percent, source_url = EXCLUDED.source_url, raw = EXCLUDED.raw, fetched_at = now();
INSERT INTO dams (dam_id, dam_name, state, district, river_basin, owner_agency, status, risk_class, safety_score, source_registry, source_record_id, source_publication_year, source_url, updated_at) VALUES ('MPWRD-40810', 'Kundalia Major Project', 'Madhya Pradesh', 'Rajgarh', 'Project Director, MKPMU, Rajgarh', 'Madhya Pradesh Water Resources Department', 'operational'::dam_status, 'low'::risk_class, 92.00, 'MPWRD', '40810', 2026, 'https://eims1.mpwrd.gov.in/fcmreport/control/main', now()) ON CONFLICT (dam_id) DO UPDATE SET dam_name = EXCLUDED.dam_name, state = EXCLUDED.state, district = EXCLUDED.district, river_basin = EXCLUDED.river_basin, owner_agency = EXCLUDED.owner_agency, status = EXCLUDED.status, risk_class = EXCLUDED.risk_class, safety_score = EXCLUDED.safety_score, source_registry = EXCLUDED.source_registry, source_record_id = EXCLUDED.source_record_id, source_publication_year = EXCLUDED.source_publication_year, source_url = EXCLUDED.source_url, updated_at = now();
INSERT INTO dam_reservoir (dam_id, reservoir_name, live_storage_mcm, current_storage_mcm, frl_m, updated_at) VALUES ('MPWRD-40810', 'Kundalia Major Project', 552.80, 510.14, 400.00, now()) ON CONFLICT (dam_id) DO UPDATE SET reservoir_name = EXCLUDED.reservoir_name, live_storage_mcm = EXCLUDED.live_storage_mcm, current_storage_mcm = EXCLUDED.current_storage_mcm, frl_m = EXCLUDED.frl_m, updated_at = now();
INSERT INTO dam_engineering (dam_id, instrumentation, updated_at) VALUES ('MPWRD-40810', '{"basin_office": "Project Director, MKPMU, Rajgarh", "gate_count_open": null, "gate_discharge_cumec": null, "last_year_level_m": null, "last_year_live_capacity_mcm": null, "last_year_live_storage_percent": null, "mpwrd_reservoir_code": "40810", "reading_time": "08:00:00", "this_year_is_stale": true, "this_year_level_observed_date": "2025-09-29"}'::jsonb, now()) ON CONFLICT (dam_id) DO UPDATE SET instrumentation = EXCLUDED.instrumentation, updated_at = now();
INSERT INTO mpwrd_reservoir_levels (source_registry, report_date, reservoir_code, dam_id, basin_office, reservoir_name, reading_time, district, frl_m, live_capacity_at_frl_mcm, this_year_level_m, this_year_live_capacity_mcm, this_year_live_storage_percent, this_year_level_observed_date, this_year_is_stale, gate_count_open, gate_discharge_cumec, last_year_level_m, last_year_live_capacity_mcm, last_year_live_storage_percent, source_url, raw, fetched_at) VALUES ('MPWRD', '2026-05-25', '40810', 'MPWRD-40810', 'Project Director, MKPMU, Rajgarh', 'Kundalia Major Project', '08:00:00', 'Rajgarh', 400.00, 552.80, 399.40, 510.14, 92, '2025-09-29', TRUE, NULL, NULL, NULL, NULL, NULL, 'https://eims1.mpwrd.gov.in/fcmreport/control/main', '{"district": "Rajgarh", "frl_m": "400.00", "gate_count_open": "", "gate_discharge_cumec": "", "last_year_level_m": "", "last_year_live_capacity_mcm": "", "last_year_live_storage_percent": "", "live_capacity_at_frl_mcm": "552.80", "reservoir": "Kundalia Major Project [40810]", "serial": "284.", "this_year_level_m": "399.40*", "this_year_live_capacity_mcm": "510.14", "this_year_live_storage_percent": "92", "time": "08:00:00"}'::jsonb, now()) ON CONFLICT (source_registry, report_date, reservoir_code) DO UPDATE SET dam_id = EXCLUDED.dam_id, basin_office = EXCLUDED.basin_office, reservoir_name = EXCLUDED.reservoir_name, reading_time = EXCLUDED.reading_time, district = EXCLUDED.district, frl_m = EXCLUDED.frl_m, live_capacity_at_frl_mcm = EXCLUDED.live_capacity_at_frl_mcm, this_year_level_m = EXCLUDED.this_year_level_m, this_year_live_capacity_mcm = EXCLUDED.this_year_live_capacity_mcm, this_year_live_storage_percent = EXCLUDED.this_year_live_storage_percent, this_year_level_observed_date = EXCLUDED.this_year_level_observed_date, this_year_is_stale = EXCLUDED.this_year_is_stale, gate_count_open = EXCLUDED.gate_count_open, gate_discharge_cumec = EXCLUDED.gate_discharge_cumec, last_year_level_m = EXCLUDED.last_year_level_m, last_year_live_capacity_mcm = EXCLUDED.last_year_live_capacity_mcm, last_year_live_storage_percent = EXCLUDED.last_year_live_storage_percent, source_url = EXCLUDED.source_url, raw = EXCLUDED.raw, fetched_at = now();
INSERT INTO dams (dam_id, dam_name, state, district, river_basin, owner_agency, status, risk_class, safety_score, source_registry, source_record_id, source_publication_year, source_url, updated_at) VALUES ('MPWRD-38931', 'Mohanpura Multipurpose Project', 'Madhya Pradesh', 'Rajgarh', 'Project Director, MKPMU, Rajgarh', 'Madhya Pradesh Water Resources Department', 'operational'::dam_status, 'low'::risk_class, 94.00, 'MPWRD', '38931', 2026, 'https://eims1.mpwrd.gov.in/fcmreport/control/main', now()) ON CONFLICT (dam_id) DO UPDATE SET dam_name = EXCLUDED.dam_name, state = EXCLUDED.state, district = EXCLUDED.district, river_basin = EXCLUDED.river_basin, owner_agency = EXCLUDED.owner_agency, status = EXCLUDED.status, risk_class = EXCLUDED.risk_class, safety_score = EXCLUDED.safety_score, source_registry = EXCLUDED.source_registry, source_record_id = EXCLUDED.source_record_id, source_publication_year = EXCLUDED.source_publication_year, source_url = EXCLUDED.source_url, updated_at = now();
INSERT INTO dam_reservoir (dam_id, reservoir_name, live_storage_mcm, current_storage_mcm, frl_m, updated_at) VALUES ('MPWRD-38931', 'Mohanpura Multipurpose Project', 572.96, 539.34, 398.00, now()) ON CONFLICT (dam_id) DO UPDATE SET reservoir_name = EXCLUDED.reservoir_name, live_storage_mcm = EXCLUDED.live_storage_mcm, current_storage_mcm = EXCLUDED.current_storage_mcm, frl_m = EXCLUDED.frl_m, updated_at = now();
INSERT INTO dam_engineering (dam_id, instrumentation, updated_at) VALUES ('MPWRD-38931', '{"basin_office": "Project Director, MKPMU, Rajgarh", "gate_count_open": null, "gate_discharge_cumec": null, "last_year_level_m": null, "last_year_live_capacity_mcm": null, "last_year_live_storage_percent": null, "mpwrd_reservoir_code": "38931", "reading_time": "08:00:00", "this_year_is_stale": true, "this_year_level_observed_date": "2025-09-29"}'::jsonb, now()) ON CONFLICT (dam_id) DO UPDATE SET instrumentation = EXCLUDED.instrumentation, updated_at = now();
INSERT INTO mpwrd_reservoir_levels (source_registry, report_date, reservoir_code, dam_id, basin_office, reservoir_name, reading_time, district, frl_m, live_capacity_at_frl_mcm, this_year_level_m, this_year_live_capacity_mcm, this_year_live_storage_percent, this_year_level_observed_date, this_year_is_stale, gate_count_open, gate_discharge_cumec, last_year_level_m, last_year_live_capacity_mcm, last_year_live_storage_percent, source_url, raw, fetched_at) VALUES ('MPWRD', '2026-05-25', '38931', 'MPWRD-38931', 'Project Director, MKPMU, Rajgarh', 'Mohanpura Multipurpose Project', '08:00:00', 'Rajgarh', 398.00, 572.96, 397.50, 539.34, 94, '2025-09-29', TRUE, NULL, NULL, NULL, NULL, NULL, 'https://eims1.mpwrd.gov.in/fcmreport/control/main', '{"district": "Rajgarh", "frl_m": "398.00", "gate_count_open": "", "gate_discharge_cumec": "", "last_year_level_m": "", "last_year_live_capacity_mcm": "", "last_year_live_storage_percent": "", "live_capacity_at_frl_mcm": "572.96", "reservoir": "Mohanpura Multipurpose Project [38931]", "serial": "285.", "this_year_level_m": "397.50*", "this_year_live_capacity_mcm": "539.34", "this_year_live_storage_percent": "94", "time": "08:00:00"}'::jsonb, now()) ON CONFLICT (source_registry, report_date, reservoir_code) DO UPDATE SET dam_id = EXCLUDED.dam_id, basin_office = EXCLUDED.basin_office, reservoir_name = EXCLUDED.reservoir_name, reading_time = EXCLUDED.reading_time, district = EXCLUDED.district, frl_m = EXCLUDED.frl_m, live_capacity_at_frl_mcm = EXCLUDED.live_capacity_at_frl_mcm, this_year_level_m = EXCLUDED.this_year_level_m, this_year_live_capacity_mcm = EXCLUDED.this_year_live_capacity_mcm, this_year_live_storage_percent = EXCLUDED.this_year_live_storage_percent, this_year_level_observed_date = EXCLUDED.this_year_level_observed_date, this_year_is_stale = EXCLUDED.this_year_is_stale, gate_count_open = EXCLUDED.gate_count_open, gate_discharge_cumec = EXCLUDED.gate_discharge_cumec, last_year_level_m = EXCLUDED.last_year_level_m, last_year_live_capacity_mcm = EXCLUDED.last_year_live_capacity_mcm, last_year_live_storage_percent = EXCLUDED.last_year_live_storage_percent, source_url = EXCLUDED.source_url, raw = EXCLUDED.raw, fetched_at = now();
INSERT INTO dams (dam_id, dam_name, state, district, river_basin, owner_agency, status, risk_class, safety_score, source_registry, source_record_id, source_publication_year, source_url, updated_at) VALUES ('MPWRD-42491', 'Lower Orr Major Project', 'Madhya Pradesh', 'Shivpuri', 'Project Director ORR River Project Management Unit Shivpuri', 'Madhya Pradesh Water Resources Department', 'operational'::dam_status, 'moderate'::risk_class, 70.00, 'MPWRD', '42491', 2026, 'https://eims1.mpwrd.gov.in/fcmreport/control/main', now()) ON CONFLICT (dam_id) DO UPDATE SET dam_name = EXCLUDED.dam_name, state = EXCLUDED.state, district = EXCLUDED.district, river_basin = EXCLUDED.river_basin, owner_agency = EXCLUDED.owner_agency, status = EXCLUDED.status, risk_class = EXCLUDED.risk_class, safety_score = EXCLUDED.safety_score, source_registry = EXCLUDED.source_registry, source_record_id = EXCLUDED.source_record_id, source_publication_year = EXCLUDED.source_publication_year, source_url = EXCLUDED.source_url, updated_at = now();
INSERT INTO dam_reservoir (dam_id, reservoir_name, live_storage_mcm, current_storage_mcm, frl_m, updated_at) VALUES ('MPWRD-42491', 'Lower Orr Major Project', 347.20, 0.00, 380.00, now()) ON CONFLICT (dam_id) DO UPDATE SET reservoir_name = EXCLUDED.reservoir_name, live_storage_mcm = EXCLUDED.live_storage_mcm, current_storage_mcm = EXCLUDED.current_storage_mcm, frl_m = EXCLUDED.frl_m, updated_at = now();
INSERT INTO dam_engineering (dam_id, instrumentation, updated_at) VALUES ('MPWRD-42491', '{"basin_office": "Project Director ORR River Project Management Unit Shivpuri", "gate_count_open": null, "gate_discharge_cumec": null, "last_year_level_m": null, "last_year_live_capacity_mcm": null, "last_year_live_storage_percent": null, "mpwrd_reservoir_code": "42491", "reading_time": "08:00:00", "this_year_is_stale": true, "this_year_level_observed_date": "2025-07-19"}'::jsonb, now()) ON CONFLICT (dam_id) DO UPDATE SET instrumentation = EXCLUDED.instrumentation, updated_at = now();
INSERT INTO mpwrd_reservoir_levels (source_registry, report_date, reservoir_code, dam_id, basin_office, reservoir_name, reading_time, district, frl_m, live_capacity_at_frl_mcm, this_year_level_m, this_year_live_capacity_mcm, this_year_live_storage_percent, this_year_level_observed_date, this_year_is_stale, gate_count_open, gate_discharge_cumec, last_year_level_m, last_year_live_capacity_mcm, last_year_live_storage_percent, source_url, raw, fetched_at) VALUES ('MPWRD', '2026-05-25', '42491', 'MPWRD-42491', 'Project Director ORR River Project Management Unit Shivpuri', 'Lower Orr Major Project', '08:00:00', 'Shivpuri', 380.00, 347.20, 358.00, 0.00, NULL, '2025-07-19', TRUE, NULL, NULL, NULL, NULL, NULL, 'https://eims1.mpwrd.gov.in/fcmreport/control/main', '{"district": "Shivpuri", "frl_m": "380.00", "gate_count_open": "", "gate_discharge_cumec": "", "last_year_level_m": "", "last_year_live_capacity_mcm": "", "last_year_live_storage_percent": "", "live_capacity_at_frl_mcm": "347.20", "reservoir": "Lower Orr Major Project [42491]", "serial": "286.", "this_year_level_m": "358.00*", "this_year_live_capacity_mcm": "0.00", "this_year_live_storage_percent": "", "time": "08:00:00"}'::jsonb, now()) ON CONFLICT (source_registry, report_date, reservoir_code) DO UPDATE SET dam_id = EXCLUDED.dam_id, basin_office = EXCLUDED.basin_office, reservoir_name = EXCLUDED.reservoir_name, reading_time = EXCLUDED.reading_time, district = EXCLUDED.district, frl_m = EXCLUDED.frl_m, live_capacity_at_frl_mcm = EXCLUDED.live_capacity_at_frl_mcm, this_year_level_m = EXCLUDED.this_year_level_m, this_year_live_capacity_mcm = EXCLUDED.this_year_live_capacity_mcm, this_year_live_storage_percent = EXCLUDED.this_year_live_storage_percent, this_year_level_observed_date = EXCLUDED.this_year_level_observed_date, this_year_is_stale = EXCLUDED.this_year_is_stale, gate_count_open = EXCLUDED.gate_count_open, gate_discharge_cumec = EXCLUDED.gate_discharge_cumec, last_year_level_m = EXCLUDED.last_year_level_m, last_year_live_capacity_mcm = EXCLUDED.last_year_live_capacity_mcm, last_year_live_storage_percent = EXCLUDED.last_year_live_storage_percent, source_url = EXCLUDED.source_url, raw = EXCLUDED.raw, fetched_at = now();
COMMIT;
